Time;ABEV3;AZUL4;B3SA3;BBAS3;BBDC4;BBSE3;BEEF3;BPAC11;BRAP4;BRDT3;BRFS3;BRKM5;BRML3;BTOW3;CCRO3;CIEL3;CMIG4;COGN3;CPFE3;CRFB3;CSAN3;CSNA3;CVCB3;CYRE3;ECOR3;EGIE3;ELET3;ELET6;EMBR3;ENBR3;ENGI11;EQTL3;FLRY3;GGBR4;GNDI3;GOAU4;GOLL4;HAPV3;HGTX3;HYPE3;IGTA3;IRBR3;ITSA4;ITUB4;JBSS3;KLBN11;LAME4;LREN3;MGLU3;MRFG3;MRVE3;MULT3;NTCO3;PCAR3;PETR3;PETR4;QUAL3;RADL3;RAIL3;RENT3;SANB11;SBSP3;SULA11;SUZB3;TAEE11;TIMP3;TOTS3;UGPA3;USIM5;VALE3;VIVT4;VVAR3;WEGE3;YDUQ3
2016.08.12 00:00;17.89;NaN;17.38;19.36;15.68;21.18;9.12;NaN;9.06;NaN;53.87;17.62;10.55;13.45;15.75;24.07;7.29;13.61;20.82;NaN;30.32;9.37;22.61;8.73;7.32;25.72;18.45;21.48;14.69;11.79;19.61;9.97;15.06;8.59;NaN;3.03;6.16;NaN;16.97;23.55;28.13;NaN;5.87;17.35;10.64;14.40;19.70;21.32;0.92;5.29;8.79;20.12;15.91;NaN;13.45;11.25;15.79;60.50;6.86;12.21;18.10;26.44;14.65;9.49;16.06;7.78;10.28;34.22;3.61;16.24;35.71;2.81;12.32;14.31
2016.08.15 00:00;18.08;NaN;16.85;19.79;15.91;21.18;9.02;NaN;9.53;NaN;54.60;19.13;10.31;14.61;15.66;24.05;7.45;13.55;21.29;NaN;30.52;9.69;22.28;8.51;7.35;25.78;18.54;21.60;14.79;11.73;19.64;9.97;15.04;9.21;NaN;3.41;6.28;NaN;16.76;23.74;28.30;NaN;5.97;17.70;10.77;14.70;20.00;21.39;0.91;5.28;8.57;20.09;16.23;NaN;14.04;11.54;15.95;59.83;6.89;12.42;18.45;27.25;14.19;9.58;15.88;7.90;10.10;34.92;3.83;16.67;36.62;2.78;12.40;14.49
2016.08.16 00:00;18.13;NaN;16.61;19.33;15.67;21.00;8.95;NaN;9.67;NaN;54.88;18.54;9.99;15.20;15.76;23.81;7.25;13.25;21.17;NaN;31.16;9.15;21.63;8.50;7.36;25.18;18.50;21.91;14.67;12.24;19.93;9.85;15.30;9.10;NaN;3.44;6.53;NaN;16.18;23.66;27.87;NaN;5.91;17.62;10.46;14.27;19.59;21.14;0.95;5.22;8.58;19.77;16.08;NaN;14.18;11.71;16.46;57.60;6.81;12.16;18.24;26.87;14.09;9.48;16.16;7.91;9.87;35.51;3.76;17.17;36.60;2.94;12.35;14.42
2016.08.17 00:00;18.18;NaN;16.85;19.43;15.85;20.93;8.97;NaN;9.78;NaN;53.99;18.68;9.99;15.36;15.91;24.03;7.13;13.31;21.26;NaN;32.16;8.98;22.07;8.51;7.54;25.99;18.32;21.22;14.50;12.16;20.24;9.94;15.44;9.41;NaN;3.71;6.42;NaN;16.38;23.62;27.81;NaN;6.00;17.86;10.62;14.20;19.21;20.84;0.97;5.22;8.60;19.65;16.14;NaN;14.42;11.96;17.18;59.21;7.05;12.21;18.60;26.96;13.91;9.42;16.34;7.92;9.99;35.87;3.80;17.29;36.86;2.89;12.43;14.55
2016.08.18 00:00;18.06;NaN;16.48;19.41;15.89;20.64;8.89;NaN;9.66;NaN;53.85;18.63;9.91;15.43;16.09;23.80;7.01;13.23;21.25;NaN;32.26;8.84;21.63;8.61;7.62;24.97;18.48;21.52;14.44;12.29;20.12;9.89;16.00;9.81;NaN;3.71;6.81;NaN;16.42;23.25;27.50;NaN;6.03;17.82;10.67;14.35;18.39;20.34;0.95;5.20;8.48;19.38;15.98;NaN;14.68;12.07;16.68;58.88;7.13;12.01;18.65;26.82;13.87;9.38;16.91;7.92;9.91;35.42;3.77;17.11;37.74;3.05;12.37;14.66
2016.08.19 00:00;18.00;NaN;16.44;19.81;15.80;20.47;8.84;NaN;9.77;NaN;53.80;18.97;10.31;15.77;16.02;23.23;7.14;13.17;21.25;NaN;31.89;8.77;21.86;8.78;7.61;25.07;17.86;21.31;14.19;12.39;20.21;9.89;15.73;9.75;NaN;3.78;6.49;NaN;16.19;23.36;27.38;NaN;5.97;17.70;11.28;14.27;18.63;20.26;0.94;5.16;8.46;19.28;16.25;NaN;14.57;11.99;16.75;59.32;7.58;11.99;18.82;26.31;13.43;9.29;16.59;7.79;9.85;35.35;3.73;17.26;37.70;3.16;12.27;14.46
2016.08.22 00:00;17.76;NaN;16.12;19.05;15.37;20.07;8.82;NaN;9.41;NaN;53.18;18.58;10.23;15.54;15.57;23.23;6.84;13.05;21.10;NaN;31.28;8.04;21.48;8.65;7.38;24.75;17.37;20.75;13.70;12.55;19.74;9.63;15.68;9.17;NaN;3.59;6.17;NaN;15.74;23.03;27.15;NaN;5.81;17.36;11.25;14.09;17.95;20.21;0.95;5.07;8.43;18.91;15.59;NaN;13.99;11.58;16.77;57.87;7.31;11.71;18.43;26.20;12.95;9.07;16.23;7.68;9.50;34.68;3.51;16.62;36.99;3.13;11.99;14.19
2016.08.23 00:00;17.75;NaN;16.27;19.38;15.21;20.06;8.89;NaN;9.48;NaN;53.52;19.27;10.01;15.46;15.68;23.22;6.85;12.97;20.94;NaN;31.37;8.16;21.68;8.56;7.47;24.31;17.24;20.63;13.83;12.35;19.57;9.72;15.55;9.25;NaN;3.66;6.54;NaN;15.49;22.40;27.15;NaN;5.82;17.33;11.53;14.31;18.29;19.38;0.96;5.15;8.49;18.98;15.79;NaN;14.44;11.88;16.24;57.14;7.46;11.66;18.31;26.11;12.95;9.49;15.93;7.73;9.63;34.63;3.62;16.96;37.45;2.98;11.96;14.06
2016.08.24 00:00;17.75;NaN;16.25;19.19;15.10;20.32;9.04;NaN;9.15;NaN;53.82;19.19;9.99;15.52;15.91;23.35;6.70;12.93;21.01;NaN;31.92;7.59;21.12;8.67;7.34;24.66;17.18;20.89;14.06;12.21;19.30;9.61;15.53;8.67;NaN;3.42;6.17;NaN;15.34;22.44;27.62;NaN;5.80;17.25;11.58;14.53;18.73;19.62;0.96;5.12;8.55;19.00;16.01;NaN;14.16;11.62;16.57;56.53;7.31;11.70;18.47;26.01;12.82;9.49;15.82;7.80;9.35;34.31;3.33;16.42;37.30;3.03;11.99;13.89
2016.08.25 00:00;17.51;NaN;16.31;19.26;15.17;20.62;9.08;NaN;9.08;NaN;53.87;18.75;9.85;15.65;15.78;23.18;6.73;12.84;20.99;NaN;32.15;7.67;21.19;8.69;7.09;24.53;17.44;21.32;13.82;12.29;19.41;9.76;15.66;8.69;NaN;3.43;6.25;NaN;15.76;22.13;27.62;NaN;5.78;17.20;11.65;14.40;18.44;20.25;0.95;5.12;8.48;19.12;15.68;NaN;14.36;11.75;16.06;58.09;7.23;11.51;18.50;25.94;13.09;9.39;16.08;7.72;9.62;34.07;3.26;16.44;37.82;2.91;11.87;13.78
2016.08.26 00:00;17.40;NaN;16.24;19.66;15.38;20.40;9.02;NaN;8.95;NaN;53.79;18.58;9.81;15.68;15.65;22.60;6.70;12.96;20.93;NaN;32.24;7.65;21.38;8.87;7.04;24.18;19.09;23.64;13.82;12.22;19.25;9.62;15.77;8.75;NaN;3.47;6.18;NaN;15.86;22.13;27.07;NaN;5.84;17.41;11.91;14.23;18.64;19.97;0.95;5.09;8.49;18.86;15.27;NaN;14.47;11.76;16.04;57.56;7.21;11.48;18.55;25.95;12.86;9.37;15.77;7.72;9.71;34.02;3.48;16.02;37.88;2.98;11.59;13.87
2016.08.29 00:00;17.44;NaN;16.14;20.45;15.66;20.61;9.07;NaN;9.29;NaN;53.95;18.94;10.00;16.31;15.69;22.96;6.84;13.28;21.13;NaN;32.58;7.86;21.58;9.15;7.28;24.74;19.43;24.40;13.93;12.51;19.66;9.84;15.79;8.85;NaN;3.50;6.29;NaN;16.00;22.43;27.12;NaN;5.93;17.71;12.16;14.57;19.25;20.28;0.96;5.07;8.55;18.60;15.67;NaN;14.69;12.06;16.55;57.46;7.20;11.72;18.97;26.48;13.02;9.37;16.10;7.77;9.56;34.57;3.33;16.37;37.93;2.93;12.15;14.21
2016.08.30 00:00;17.44;NaN;16.36;20.37;15.71;20.75;9.17;NaN;9.20;NaN;53.91;20.01;10.00;15.89;15.64;22.96;6.78;12.79;21.06;NaN;34.32;7.62;22.12;9.16;7.25;24.66;20.81;24.66;13.98;12.59;19.57;9.81;16.07;8.75;NaN;3.51;6.31;NaN;16.22;22.56;26.89;NaN;5.94;17.83;12.22;14.77;19.20;20.13;0.93;5.05;8.53;18.62;15.52;NaN;14.68;12.27;16.55;57.11;7.09;11.78;18.82;26.12;13.05;9.59;15.94;7.64;9.59;34.38;3.28;15.96;37.82;2.96;11.93;13.53
2016.08.31 00:00;17.40;NaN;16.19;19.92;15.61;20.71;9.18;NaN;8.87;NaN;53.85;20.79;9.94;15.72;15.25;23.00;6.65;12.75;21.20;NaN;33.49;7.47;21.92;8.95;7.19;24.22;21.15;24.53;14.01;12.29;19.17;9.64;16.07;8.64;NaN;3.51;6.35;NaN;15.86;22.18;26.78;NaN;5.85;17.47;12.06;14.70;18.86;20.23;0.93;5.06;8.56;18.44;15.02;NaN;14.26;12.05;16.59;57.58;7.21;11.67;18.66;26.38;12.85;9.69;16.35;7.75;9.56;34.12;3.37;15.32;37.89;2.95;11.94;13.51
2016.09.01 00:00;17.83;NaN;15.69;19.62;15.45;21.32;9.35;NaN;9.03;NaN;53.18;21.19;10.37;15.67;15.91;22.61;6.93;12.96;21.47;NaN;33.50;7.65;21.88;8.96;7.36;24.71;21.51;24.79;14.18;12.45;19.37;9.81;15.73;8.52;NaN;3.42;6.33;NaN;16.00;22.47;27.29;NaN;5.91;17.64;12.06;14.92;19.08;19.85;0.97;5.08;8.49;19.36;15.06;NaN;14.38;12.19;16.36;57.46;7.11;11.76;18.68;26.18;12.80;10.36;15.57;7.86;9.47;33.10;3.34;15.77;38.13;2.95;11.91;13.79
2016.09.02 00:00;17.99;NaN;16.25;20.36;15.90;21.84;9.64;NaN;9.35;NaN;54.75;21.26;10.47;15.86;16.54;22.67;7.29;12.83;21.80;NaN;33.86;8.43;22.27;9.15;7.51;25.18;22.26;25.31;14.74;12.45;19.18;9.84;15.98;9.01;NaN;3.69;6.90;NaN;16.89;23.18;27.99;NaN;5.99;17.90;12.01;14.70;19.53;20.42;1.01;5.17;8.54;20.17;15.55;NaN;15.12;12.72;16.50;59.34;7.22;12.17;18.94;27.93;13.26;10.26;16.03;7.85;9.77;33.38;3.68;16.50;38.67;2.95;12.11;13.86
2016.09.05 00:00;18.02;NaN;16.18;20.16;15.96;21.79;9.62;NaN;9.13;NaN;54.79;21.26;10.43;16.22;16.49;22.43;7.32;12.91;21.75;NaN;34.06;8.44;22.46;9.10;7.59;25.10;21.49;24.64;14.96;12.35;19.19;9.80;16.39;9.17;NaN;3.71;7.18;NaN;16.80;23.32;28.00;NaN;5.97;17.90;10.81;14.60;19.66;20.32;1.01;5.23;8.46;20.22;15.52;NaN;15.55;12.96;16.57;59.92;7.30;12.21;19.25;27.96;13.11;10.16;15.69;7.78;9.79;33.39;3.74;16.19;38.71;2.95;11.96;13.76
2016.09.06 00:00;18.13;NaN;16.24;20.62;16.12;22.16;9.54;NaN;9.20;NaN;55.47;20.85;10.59;16.12;16.58;22.60;7.39;13.43;21.89;NaN;33.74;8.23;23.03;9.05;7.63;25.12;21.97;24.96;15.50;12.53;19.38;9.94;16.81;9.14;NaN;3.78;7.14;NaN;17.21;23.96;28.35;NaN;6.02;18.07;10.63;14.43;19.62;20.68;1.01;5.12;8.46;20.65;15.76;NaN;15.47;13.11;16.39;60.95;7.30;12.48;19.03;27.99;13.20;10.13;16.40;8.05;9.96;33.52;3.79;16.52;39.09;2.93;12.32;14.54
2016.09.08 00:00;18.13;NaN;16.03;20.71;16.34;22.11;9.53;NaN;8.98;NaN;56.04;20.61;10.29;16.28;16.30;22.54;7.28;14.17;21.84;NaN;33.61;8.04;23.19;8.93;7.79;24.77;22.60;25.56;15.78;12.38;19.11;9.91;16.65;9.30;NaN;3.95;7.71;NaN;16.84;23.74;28.23;NaN;5.93;17.86;11.41;14.65;19.85;20.45;1.01;5.02;8.39;20.16;15.74;NaN;15.85;13.33;16.24;60.93;7.31;12.54;18.95;27.89;12.88;10.18;16.00;7.79;9.88;33.88;3.92;16.09;38.61;2.87;12.36;14.97
2016.09.09 00:00;17.90;NaN;15.30;19.61;15.43;21.49;9.38;NaN;8.54;NaN;54.78;20.05;9.99;15.68;15.58;22.09;6.74;13.86;21.72;NaN;32.72;7.52;22.75;8.33;7.41;24.15;21.64;24.96;15.40;11.93;18.98;9.57;16.77;8.82;NaN;3.74;7.08;NaN;16.55;22.98;27.71;NaN;5.66;17.18;11.26;14.43;19.24;19.74;1.01;4.98;7.98;19.75;15.30;NaN;14.99;12.66;15.97;60.06;6.97;11.86;18.28;26.43;12.98;10.28;15.50;7.50;9.40;32.66;3.74;15.25;36.63;2.87;11.83;14.76
2016.09.12 00:00;17.90;NaN;15.34;19.70;15.49;21.64;9.22;NaN;8.76;NaN;53.94;20.38;10.04;15.86;15.90;22.35;6.75;14.04;21.71;NaN;32.87;7.64;22.99;8.51;7.60;24.28;21.47;24.35;15.33;11.83;18.93;9.66;16.75;9.02;NaN;3.93;6.88;NaN;16.51;23.21;27.83;NaN;5.71;17.41;11.21;14.68;19.10;19.89;1.01;4.91;8.11;19.77;15.36;NaN;15.50;13.08;16.09;61.79;6.93;11.92;18.55;26.03;12.89;10.04;15.85;7.46;9.56;32.92;3.78;15.82;36.81;3.03;12.19;15.21
2016.09.13 00:00;17.61;NaN;14.82;18.98;14.84;21.14;9.18;NaN;8.17;NaN;53.31;19.92;9.66;15.50;15.07;21.88;6.37;13.72;21.61;NaN;31.94;7.07;22.46;8.41;7.34;24.07;20.34;23.09;15.52;11.89;18.88;9.48;16.73;8.23;NaN;3.60;6.50;NaN;15.86;22.70;27.12;NaN;5.68;17.06;11.38;14.41;18.72;19.43;0.95;4.91;8.11;19.39;14.94;NaN;14.32;12.20;15.29;60.82;6.68;11.64;17.94;25.52;12.76;10.11;15.51;7.35;9.56;32.55;3.49;14.72;36.26;2.98;12.02;14.78
2016.09.14 00:00;17.82;NaN;14.97;18.92;14.97;21.25;9.33;NaN;8.48;NaN;53.31;19.79;9.75;15.43;15.04;22.33;6.40;13.52;21.78;NaN;31.61;7.18;22.45;8.62;7.34;24.17;20.51;23.22;15.41;12.02;18.98;9.44;16.68;8.32;NaN;3.57;6.41;NaN;15.78;22.70;27.17;NaN;5.62;17.08;11.36;14.65;18.54;19.49;0.94;4.95;8.14;19.48;15.21;NaN;14.45;12.29;14.90;61.47;6.63;11.47;18.00;26.23;12.55;9.89;15.65;7.33;9.61;32.40;3.47;15.05;35.91;2.98;12.05;14.66
2016.09.15 00:00;17.89;NaN;15.50;19.24;15.37;21.74;9.48;NaN;8.45;NaN;53.20;20.01;9.94;15.31;15.06;22.55;6.50;13.88;21.88;NaN;32.11;7.19;22.90;8.69;7.20;24.31;20.80;23.55;15.43;12.33;19.20;9.61;15.85;8.29;NaN;3.63;6.50;NaN;15.92;23.32;27.36;NaN;5.75;17.45;11.54;14.51;18.89;19.62;0.95;5.07;8.19;19.90;15.09;NaN;14.79;12.66;14.76;62.33;6.67;11.45;18.09;26.61;12.84;9.91;15.86;7.49;9.94;32.57;3.45;15.05;36.90;2.93;12.24;14.84
2016.09.16 00:00;17.61;NaN;15.38;18.92;15.10;21.28;9.70;NaN;8.27;NaN;53.46;19.97;9.82;15.88;14.97;22.64;6.36;14.04;21.92;NaN;31.47;6.96;22.56;8.61;7.21;24.10;19.48;22.38;15.05;12.30;19.11;9.46;15.92;7.98;NaN;3.53;6.05;NaN;16.25;22.74;27.38;NaN;5.68;17.05;11.58;14.40;18.38;19.44;0.96;5.05;8.17;19.84;14.63;NaN;14.41;12.34;14.36;62.92;6.61;11.55;17.75;26.21;12.66;9.95;15.92;7.40;10.10;32.02;3.32;14.84;35.99;2.90;12.01;14.63
2016.09.19 00:00;17.63;NaN;15.46;18.98;15.18;21.18;9.82;NaN;8.34;NaN;53.59;20.13;9.89;15.88;15.00;22.78;6.45;13.95;22.03;NaN;31.75;7.39;22.47;8.62;7.28;24.22;19.15;21.88;14.63;12.55;19.20;9.53;15.85;8.01;NaN;3.51;6.00;NaN;16.52;22.82;27.44;NaN;5.70;17.17;11.58;14.48;18.54;19.56;0.98;5.21;8.18;19.77;14.90;NaN;14.40;12.23;14.54;64.26;6.59;11.66;17.81;26.48;12.68;9.74;16.05;7.29;10.02;32.46;3.27;15.07;36.61;3.01;12.17;14.71
2016.09.20 00:00;17.67;NaN;15.41;19.50;15.34;21.06;9.59;NaN;8.33;NaN;53.55;19.67;9.83;15.77;14.81;23.07;6.56;13.95;22.06;NaN;32.98;7.38;22.66;8.65;7.38;24.35;19.27;22.31;14.70;12.52;19.20;9.79;15.68;7.90;NaN;3.31;5.88;NaN;16.51;22.80;27.36;NaN;5.73;17.21;11.72;14.57;18.44;19.83;1.00;5.14;8.16;19.64;14.58;NaN;14.56;12.66;14.84;66.05;6.27;11.97;17.82;26.62;12.73;9.44;15.79;7.25;10.24;32.76;3.30;15.10;36.92;2.74;12.40;15.01
2016.09.21 00:00;17.64;NaN;15.54;20.13;15.64;21.44;9.55;NaN;8.63;NaN;54.20;19.64;10.02;15.86;14.72;22.52;6.69;14.09;22.18;NaN;33.56;7.70;23.23;8.72;7.44;24.56;18.71;22.07;14.57;12.61;19.07;9.86;16.19;8.34;NaN;3.49;6.31;NaN;16.57;23.49;27.67;NaN;5.76;17.38;11.77;14.45;19.06;19.63;1.07;5.14;8.32;19.94;14.97;NaN;14.84;12.81;14.45;66.77;6.19;12.09;17.95;27.49;12.68;9.10;15.65;7.27;10.08;32.41;3.55;15.96;36.74;2.77;12.34;15.29
2016.09.22 00:00;17.83;NaN;15.61;20.23;15.94;22.05;9.46;NaN;8.57;NaN;54.85;19.55;10.18;15.82;15.20;22.50;6.91;14.43;22.16;NaN;33.33;7.73;23.63;8.70;7.64;24.71;18.68;21.76;14.51;12.61;19.39;9.98;16.61;8.28;NaN;3.42;6.84;NaN;16.71;23.93;27.51;NaN;5.85;17.66;11.77;14.53;19.21;19.91;1.08;5.11;8.34;19.95;14.84;NaN;15.03;13.12;14.43;65.21;6.29;11.79;18.03;27.82;12.87;9.02;15.54;7.41;10.34;32.14;3.51;15.87;37.44;2.98;12.66;15.52
2016.09.23 00:00;17.89;NaN;15.35;19.80;15.98;22.15;9.52;NaN;8.58;NaN;54.81;20.01;10.03;15.38;15.11;22.33;6.77;13.73;22.16;NaN;33.16;7.57;23.25;8.48;7.63;24.63;18.45;21.24;14.81;12.66;19.30;9.97;16.19;8.27;NaN;3.43;6.75;NaN;16.22;23.96;26.87;NaN;5.80;17.61;11.80;14.61;19.22;19.91;1.07;5.14;8.20;19.57;14.74;NaN;14.48;12.83;13.69;65.63;6.30;11.66;17.89;27.50;12.76;9.52;15.36;7.37;10.19;32.42;3.47;15.96;37.18;3.09;12.64;14.87
2016.09.26 00:00;17.79;NaN;15.11;19.57;15.78;21.70;9.34;NaN;8.45;NaN;54.42;19.70;9.95;15.37;14.84;22.09;6.75;13.88;22.16;NaN;32.48;7.53;22.91;8.32;7.52;24.59;18.06;20.87;14.30;12.59;19.00;9.72;16.11;8.26;NaN;3.35;6.44;NaN;16.13;23.67;26.90;NaN;5.74;17.47;11.44;14.71;19.27;19.67;1.09;5.06;8.05;19.63;14.74;NaN;14.22;12.56;13.83;64.45;6.17;11.60;17.70;26.96;12.82;9.37;15.19;7.38;9.96;32.34;3.43;15.77;36.73;2.94;12.34;14.88
2016.09.27 00:00;17.86;NaN;15.22;19.73;16.11;21.96;9.42;NaN;8.41;NaN;55.02;19.87;9.95;15.38;14.93;22.19;6.75;14.12;22.12;NaN;32.67;7.48;23.16;8.32;7.72;24.50;17.74;20.56;14.10;12.61;18.93;9.82;16.32;8.21;NaN;3.23;6.38;NaN;16.52;23.67;27.26;NaN;5.82;17.67;11.51;15.03;19.37;20.01;1.14;5.10;8.17;20.04;14.63;NaN;14.17;12.30;13.50;64.39;6.18;11.53;18.01;26.79;12.72;9.54;15.38;7.38;10.18;32.40;3.33;15.92;37.24;2.79;12.40;15.28
2016.09.28 00:00;18.00;NaN;15.35;20.11;16.20;21.90;9.34;NaN;8.63;NaN;55.17;21.91;10.00;15.48;15.40;22.51;6.84;14.28;22.17;NaN;33.74;8.08;23.43;8.61;7.69;24.74;18.50;21.54;14.41;12.64;18.79;9.96;16.61;8.60;NaN;3.35;6.52;NaN;16.32;23.72;27.56;NaN;5.88;17.80;11.67;15.04;20.00;20.18;1.15;5.14;8.37;20.29;14.83;NaN;14.83;12.98;14.16;64.38;6.32;11.57;18.58;27.69;13.01;9.83;15.16;7.50;10.19;32.56;3.55;16.45;37.35;2.79;12.78;15.44
2016.09.29 00:00;17.88;NaN;15.02;19.52;15.93;21.55;9.34;NaN;8.50;NaN;54.61;22.02;9.85;15.05;15.01;22.36;6.67;13.91;22.06;NaN;33.37;7.87;23.74;8.57;7.58;24.40;18.06;20.70;13.93;12.61;18.70;9.74;16.24;8.58;NaN;3.25;6.31;NaN;16.29;23.66;27.53;NaN;5.71;17.35;11.37;14.81;19.58;19.54;1.15;5.15;8.35;20.15;14.71;NaN;14.58;12.59;13.64;64.05;6.23;11.49;18.07;27.38;12.71;10.08;15.04;7.42;9.76;32.40;3.55;16.27;36.88;2.80;12.71;14.82
2016.09.30 00:00;17.97;NaN;15.19;19.67;15.94;21.23;9.34;NaN;8.42;NaN;55.32;21.65;9.91;15.34;15.14;22.44;6.52;13.66;22.06;NaN;33.57;7.90;23.48;8.67;7.68;23.91;18.08;20.55;13.72;12.36;18.97;9.59;16.12;8.43;NaN;3.25;6.26;NaN;15.98;23.68;27.71;NaN;5.69;17.31;11.41;14.73;19.80;19.36;1.17;5.17;8.31;19.99;15.06;NaN;14.64;12.72;14.03;64.07;6.33;11.48;18.10;27.10;12.77;9.94;14.79;7.36;9.68;32.58;3.43;16.11;36.53;3.08;12.79;14.51
2016.10.03 00:00;17.90;NaN;15.72;20.13;16.30;21.64;9.66;NaN;8.89;NaN;56.10;22.31;10.15;15.85;15.37;23.13;6.69;14.03;22.09;NaN;34.11;8.26;24.27;8.86;7.80;24.30;18.31;20.79;13.86;12.38;19.07;9.78;16.52;8.56;NaN;3.34;6.39;NaN;16.50;24.34;28.07;NaN;5.79;17.73;11.68;15.08;20.20;19.76;1.19;5.31;8.32;20.45;15.67;NaN;15.08;13.10;14.62;64.45;6.30;11.89;18.19;27.64;12.95;9.99;14.73;7.47;10.09;32.82;3.47;16.37;36.64;3.08;12.83;14.83
2016.10.04 00:00;17.71;NaN;15.59;20.18;16.54;21.72;9.74;NaN;8.73;NaN;55.97;21.34;10.18;15.82;15.46;23.11;6.57;14.12;22.07;NaN;33.92;8.18;24.10;8.79;7.84;23.99;17.85;20.44;13.89;12.26;18.76;9.76;16.52;8.42;NaN;3.29;6.62;NaN;16.35;24.37;27.94;NaN;5.71;17.88;11.69;14.92;20.12;19.20;1.21;5.31;8.27;20.38;15.43;NaN;15.10;13.14;14.39;65.22;6.19;11.88;18.08;27.37;12.86;9.97;14.74;7.49;10.10;32.88;3.48;15.96;36.54;3.10;12.80;14.55
2016.10.05 00:00;17.76;NaN;15.76;20.64;16.67;21.40;9.84;NaN;9.02;NaN;56.90;21.90;10.28;16.35;15.53;22.92;6.78;14.46;22.01;NaN;35.32;8.39;24.31;8.90;8.10;24.27;17.81;20.58;14.15;12.41;19.10;9.81;16.08;8.64;NaN;3.42;6.67;NaN;16.44;24.71;28.10;NaN;5.78;18.23;12.41;14.96;20.20;19.73;1.24;5.35;8.41;20.43;15.86;NaN;15.57;13.67;15.00;66.46;6.18;11.98;18.39;27.73;13.07;10.05;14.67;7.61;9.86;33.05;3.61;16.15;36.84;3.11;12.93;14.95
2016.10.06 00:00;17.81;NaN;15.82;21.29;16.67;21.37;9.92;NaN;9.02;NaN;57.32;22.07;10.22;16.36;15.27;22.64;6.68;14.66;22.09;NaN;35.99;8.54;24.24;8.97;7.92;24.16;18.36;20.74;14.49;12.64;19.23;9.83;16.53;8.86;NaN;3.55;6.74;NaN;16.53;24.50;28.08;NaN;5.88;18.39;12.09;14.89;20.21;19.78;1.27;5.41;8.40;20.24;15.55;NaN;16.25;14.16;14.95;65.39;6.19;11.91;18.35;27.60;13.14;10.21;14.70;7.56;10.13;33.20;3.55;16.10;36.74;3.08;13.04;15.28
2016.10.07 00:00;17.81;NaN;16.10;21.80;16.91;21.61;9.94;NaN;9.32;NaN;57.61;22.11;10.43;16.39;15.50;22.81;6.74;14.50;22.00;NaN;35.97;8.65;24.22;9.05;7.97;24.28;18.43;20.61;14.20;12.52;19.41;9.69;16.23;9.20;NaN;3.65;6.84;NaN;16.44;24.30;28.30;NaN;5.95;18.56;11.92;14.39;20.27;20.26;1.30;5.58;8.48;20.57;15.26;NaN;16.39;14.31;15.36;66.08;6.20;12.05;18.76;27.51;12.95;9.93;14.74;7.75;9.99;33.47;3.64;16.28;36.71;3.18;13.02;15.41
2016.10.10 00:00;17.84;NaN;16.19;21.95;16.90;21.91;9.85;NaN;9.63;NaN;57.98;22.54;10.42;15.75;15.37;23.28;6.73;14.78;22.15;NaN;35.62;8.86;24.29;9.19;7.96;24.25;19.28;21.11;13.98;12.76;19.20;9.80;16.48;9.28;NaN;3.66;6.95;NaN;16.68;24.34;28.31;NaN;6.04;18.58;12.10;14.57;20.13;20.42;1.38;5.61;8.48;20.58;15.16;NaN;16.92;14.75;15.01;65.25;6.15;11.94;18.70;27.81;13.25;9.74;14.98;7.78;9.94;33.54;3.67;17.23;34.17;3.39;13.16;15.49
2016.10.11 00:00;17.63;NaN;15.81;21.45;16.84;21.64;9.96;NaN;9.27;NaN;56.98;23.66;10.30;15.35;15.44;22.81;6.57;14.73;22.05;NaN;35.97;8.86;23.90;9.19;7.81;24.10;19.57;21.37;13.72;13.01;19.32;9.65;16.48;9.04;NaN;3.60;6.68;NaN;16.64;24.28;27.57;NaN;5.97;18.52;12.13;14.28;20.17;20.18;1.38;5.62;8.53;20.14;15.09;NaN;16.52;14.43;14.91;64.87;6.53;11.94;18.45;27.72;13.33;9.71;15.00;7.83;9.60;32.78;3.60;16.82;34.40;3.41;12.89;15.58
2016.10.13 00:00;17.43;NaN;15.90;21.82;16.86;21.96;9.97;NaN;8.98;NaN;55.27;23.79;10.39;14.93;15.08;22.90;6.78;14.36;21.99;NaN;36.93;8.58;23.68;9.11;7.91;24.47;19.89;21.42;14.06;13.21;19.65;9.98;16.82;8.91;NaN;3.52;6.77;NaN;16.39;23.44;28.13;NaN;5.97;18.73;12.06;14.44;20.25;20.56;1.35;5.93;8.34;20.09;15.23;NaN;16.93;14.77;14.87;66.37;6.53;12.08;19.19;27.87;13.85;9.72;15.08;7.78;9.56;33.01;3.45;16.05;34.49;3.39;12.92;15.47
2016.10.14 00:00;17.71;NaN;16.00;22.39;17.00;22.41;10.16;NaN;9.27;NaN;55.00;24.68;10.33;15.00;15.06;22.09;6.84;14.58;22.08;NaN;36.90;8.88;23.56;9.16;7.85;24.50;19.81;21.56;14.47;13.25;19.84;9.97;16.71;8.98;NaN;3.60;7.30;NaN;16.64;23.74;28.24;NaN;6.07;19.08;12.25;14.27;20.27;20.81;1.39;6.00;8.37;20.22;15.63;NaN;17.31;15.24;15.14;66.66;6.59;11.85;19.53;27.37;14.44;9.69;14.83;7.81;9.45;32.73;3.46;16.30;34.06;3.17;12.62;15.48
2016.10.17 00:00;17.73;NaN;16.09;23.70;17.34;22.68;10.02;NaN;9.28;NaN;54.35;25.18;10.55;15.58;15.64;22.03;6.84;14.69;22.12;NaN;37.12;8.95;23.53;8.99;7.86;24.87;19.99;21.76;14.98;13.43;19.84;10.12;16.94;9.08;NaN;3.63;7.26;NaN;17.30;23.76;28.41;NaN;6.12;19.50;12.26;14.18;20.42;21.05;1.38;5.87;8.54;20.27;15.93;NaN;17.81;15.84;14.52;67.67;6.57;11.73;19.95;28.25;14.44;9.73;14.80;7.83;9.52;33.44;3.48;16.50;34.16;3.66;12.85;15.49
2016.10.18 00:00;17.81;NaN;16.11;24.19;17.76;22.95;9.97;NaN;9.81;NaN;54.27;25.16;10.93;16.19;16.00;22.59;6.80;15.32;22.24;NaN;38.97;9.22;24.12;9.17;7.99;25.22;21.22;22.57;15.52;13.27;19.57;10.07;17.03;9.53;NaN;3.80;7.38;NaN;17.37;24.14;28.69;NaN;6.21;19.78;12.15;14.29;21.12;21.37;1.39;5.90;8.77;20.87;16.15;NaN;18.17;16.33;14.48;67.57;6.87;11.91;20.82;28.40;14.44;9.80;14.46;8.07;9.56;33.65;3.55;16.98;34.88;3.88;12.94;16.17
2016.10.19 00:00;17.84;NaN;16.47;23.75;17.63;22.97;9.92;NaN;9.74;NaN;53.29;25.13;11.01;16.36;15.80;22.56;6.79;15.61;22.16;NaN;37.46;8.97;23.66;9.15;7.94;24.96;20.66;22.04;15.30;13.14;19.43;10.02;16.73;9.66;NaN;3.83;7.58;NaN;17.33;24.13;28.88;NaN;6.17;19.45;12.06;14.05;20.83;21.33;1.41;5.75;8.78;20.67;15.86;NaN;18.37;16.52;14.63;66.46;6.66;12.12;20.45;28.71;14.13;9.73;14.73;8.07;9.52;33.20;3.57;16.84;34.81;3.58;12.85;16.29
2016.10.20 00:00;17.81;NaN;16.81;24.24;17.89;22.97;9.83;NaN;10.02;NaN;53.76;25.56;10.92;16.59;15.64;22.78;6.72;15.24;22.11;NaN;37.82;8.85;23.24;9.11;7.86;25.15;20.66;22.22;15.18;13.32;19.38;10.22;16.37;9.73;NaN;3.93;7.83;NaN;17.50;24.02;28.88;NaN;6.19;19.51;11.64;13.94;20.56;21.36;1.41;5.75;8.71;20.54;15.74;NaN;18.34;16.63;15.26;66.70;6.86;12.37;20.54;28.82;14.23;9.58;15.08;8.05;9.58;33.20;3.61;17.28;34.46;3.25;12.99;15.95
2016.10.21 00:00;17.90;NaN;16.81;24.54;17.72;22.77;9.86;NaN;10.43;NaN;53.44;25.56;10.87;16.82;15.77;22.74;6.62;15.29;22.13;NaN;38.57;8.86;23.43;9.04;7.91;25.25;21.17;22.67;15.33;13.46;19.48;10.31;16.58;10.12;NaN;4.19;8.09;NaN;17.35;24.13;28.65;NaN;6.15;19.48;11.56;14.00;20.86;21.29;1.42;5.86;8.69;20.44;15.91;NaN;18.69;16.83;15.36;66.67;6.78;11.85;20.23;28.86;14.40;9.74;15.12;8.18;9.46;33.24;3.85;18.01;34.29;3.24;12.97;15.94
2016.10.24 00:00;17.86;NaN;16.86;24.34;17.55;22.60;10.14;NaN;10.50;NaN;53.22;25.78;10.89;16.63;15.61;22.67;6.72;14.93;22.11;NaN;38.00;9.05;23.15;9.37;8.10;25.18;21.53;22.60;15.23;13.40;19.61;10.31;16.78;10.08;NaN;4.36;8.37;NaN;17.19;24.02;28.65;NaN;6.11;19.31;11.62;14.14;20.91;21.29;1.50;5.92;8.86;20.39;16.18;NaN;18.74;17.06;15.14;67.67;6.84;11.33;20.45;28.63;14.05;9.86;15.01;8.03;9.60;33.15;3.96;18.36;34.02;3.31;12.76;15.56
2016.10.25 00:00;17.71;NaN;16.63;23.76;17.47;22.48;9.97;NaN;11.12;NaN;52.70;25.38;10.72;16.08;15.60;22.64;6.88;14.62;22.11;NaN;38.27;9.29;23.18;9.29;8.17;25.15;21.86;22.74;15.33;13.48;19.75;10.25;16.39;10.03;NaN;4.33;8.12;NaN;17.06;22.81;27.92;NaN;6.03;19.21;11.38;13.97;20.56;21.29;1.27;5.94;8.74;19.82;16.12;NaN;18.35;16.87;14.84;67.48;6.84;11.80;20.51;28.98;14.25;10.25;14.97;8.02;9.32;33.35;4.06;19.31;33.91;3.19;12.73;15.10
2016.10.26 00:00;17.71;NaN;16.67;23.58;17.40;22.18;9.97;NaN;11.24;NaN;52.50;24.89;10.63;16.10;15.59;22.49;7.01;14.53;22.07;NaN;36.70;9.18;23.09;9.19;8.22;25.12;21.76;23.08;15.39;13.31;19.75;10.40;16.31;10.10;NaN;4.31;8.05;NaN;16.80;22.32;27.94;NaN;6.04;19.33;10.08;14.05;20.49;21.17;1.06;5.69;8.80;19.85;15.43;NaN;18.58;16.97;14.86;66.67;6.74;11.62;20.61;29.25;14.20;10.45;14.87;8.14;9.31;33.35;3.99;19.69;35.11;3.28;12.65;15.15
2016.10.27 00:00;17.68;NaN;16.72;24.79;17.69;22.35;9.86;NaN;11.35;NaN;52.48;25.02;10.43;15.58;15.44;22.57;7.20;14.50;22.10;NaN;38.22;9.40;23.43;9.25;8.25;25.22;22.03;23.25;15.55;13.32;19.86;10.37;16.61;10.18;NaN;4.38;7.94;NaN;16.71;22.81;27.89;NaN;6.17;19.74;9.65;14.35;20.42;20.89;1.39;5.59;8.87;19.99;14.79;NaN;18.62;16.96;14.91;66.45;6.85;11.36;20.89;29.39;14.54;10.23;15.00;8.13;9.27;33.25;4.04;19.90;35.43;3.15;12.62;15.03
2016.10.28 00:00;17.32;NaN;16.54;24.40;17.75;22.27;9.88;NaN;11.22;NaN;54.09;25.05;10.34;15.07;15.56;22.45;7.36;14.39;22.06;NaN;37.94;9.42;23.63;9.25;8.14;25.15;22.45;23.71;15.71;13.15;20.34;10.58;17.24;10.44;NaN;4.51;7.97;NaN;16.71;22.87;27.67;NaN;6.19;19.91;9.41;14.26;20.17;20.97;1.33;5.59;8.72;19.80;14.80;NaN;18.50;16.96;15.02;67.67;6.86;11.65;21.03;29.50;14.88;10.47;14.62;8.18;8.99;33.28;4.50;20.02;35.54;3.41;12.51;14.88
2016.10.31 00:00;17.07;NaN;16.99;25.26;18.31;22.84;9.83;NaN;11.20;NaN;53.40;25.63;10.30;15.08;15.51;22.36;7.41;14.69;22.09;NaN;38.21;9.33;23.92;9.11;8.18;25.18;22.25;23.54;16.79;13.19;20.47;10.85;17.76;10.49;NaN;4.49;7.89;NaN;17.21;22.74;28.13;NaN;6.44;20.60;9.37;14.22;20.32;21.36;1.41;5.63;8.60;20.29;14.78;NaN;18.03;16.58;15.03;68.50;7.15;11.51;21.64;30.25;15.16;10.70;14.62;8.26;9.22;33.16;4.38;19.97;36.20;3.62;12.75;15.08
2016.11.01 00:00;16.76;NaN;16.49;24.10;17.78;22.11;9.77;NaN;11.12;NaN;52.23;25.96;9.99;14.27;14.87;22.42;6.98;14.33;21.98;NaN;37.13;8.90;23.43;9.01;7.91;24.41;21.85;23.03;17.38;13.19;20.52;10.62;17.39;10.05;NaN;4.31;7.46;NaN;16.71;22.09;27.32;NaN;6.30;20.00;9.40;13.94;19.54;20.73;1.41;5.58;8.50;19.60;14.23;NaN;17.34;15.81;14.37;67.08;6.91;10.96;21.03;29.39;14.95;10.70;14.45;8.12;9.00;32.26;4.15;20.17;35.31;3.73;12.35;14.75
2016.11.03 00:00;16.37;NaN;16.01;22.95;17.36;21.18;9.38;NaN;10.93;NaN;51.96;24.11;9.74;13.33;14.45;22.27;6.91;13.89;21.89;NaN;36.17;8.45;23.32;8.72;7.86;23.95;21.39;22.48;16.66;12.97;20.40;10.45;17.30;9.67;NaN;4.28;7.17;NaN;16.43;21.79;26.91;NaN;6.17;19.57;9.12;13.64;19.29;19.80;1.41;5.33;8.25;19.36;13.46;NaN;16.61;15.12;14.08;64.77;6.37;10.93;20.91;28.93;14.32;10.29;14.45;8.05;8.85;32.09;3.89;19.86;35.07;3.48;12.21;14.19
2016.11.04 00:00;16.20;NaN;15.90;23.18;17.36;21.00;9.23;NaN;10.82;NaN;51.15;23.71;9.67;13.61;14.88;22.05;6.87;13.68;21.98;NaN;36.20;8.39;23.73;8.75;7.81;23.76;21.33;22.38;16.97;12.89;20.04;10.57;16.61;9.90;NaN;4.16;7.01;NaN;16.28;21.43;26.78;NaN;6.30;19.73;8.79;13.42;19.24;19.22;1.42;5.34;8.25;19.53;13.28;NaN;16.59;14.99;14.40;64.81;6.11;11.08;21.11;29.03;14.68;10.12;14.57;8.00;8.22;31.82;3.77;19.55;35.15;3.54;12.30;14.05
2016.11.07 00:00;16.45;NaN;16.77;24.44;17.96;21.87;9.58;NaN;11.61;NaN;52.87;24.86;10.04;14.18;15.33;22.35;7.21;14.32;22.01;NaN;37.87;8.96;24.51;9.15;8.12;24.28;21.69;22.96;17.31;13.00;20.77;10.70;16.65;10.57;NaN;4.54;7.89;NaN;16.85;21.91;27.35;NaN;6.45;20.44;9.36;13.86;19.84;19.85;1.44;5.57;8.55;19.82;13.28;NaN;17.72;16.13;15.19;66.07;6.56;11.58;21.88;29.83;14.68;9.97;14.73;8.21;8.23;32.09;4.11;20.92;36.23;3.66;12.46;14.75
2016.11.08 00:00;16.51;NaN;16.63;24.39;17.95;21.67;9.38;NaN;12.00;NaN;53.83;25.13;9.83;14.23;15.37;22.58;7.13;14.62;21.96;NaN;38.50;9.17;25.29;9.26;8.11;24.41;21.84;23.28;16.92;13.32;20.84;10.74;16.69;10.77;NaN;4.54;7.70;NaN;16.83;21.97;27.53;NaN;6.48;20.49;9.10;13.69;19.99;19.70;1.45;5.60;8.73;19.85;13.17;NaN;17.49;15.97;14.77;64.77;6.77;11.26;22.16;29.84;14.79;9.89;14.73;8.16;8.14;32.14;4.14;21.68;36.16;3.92;12.31;14.67
2016.11.09 00:00;16.39;NaN;16.24;23.53;17.45;21.45;9.70;NaN;12.44;NaN;53.20;24.80;9.75;13.94;14.94;21.87;6.88;13.96;22.00;NaN;37.57;9.42;24.95;9.22;7.96;24.00;22.07;23.08;17.11;12.94;20.84;10.68;16.61;11.46;NaN;4.71;7.29;NaN;16.61;22.00;27.15;NaN;6.34;19.83;8.80;13.44;19.58;19.39;1.50;5.54;8.67;19.71;12.84;NaN;17.65;15.61;14.33;64.85;6.73;10.98;21.65;29.11;14.59;10.08;14.31;8.11;8.02;31.20;4.16;22.61;35.73;4.12;12.11;14.32
2016.11.10 00:00;16.50;NaN;15.69;22.02;15.90;20.39;9.75;NaN;13.20;NaN;50.62;25.70;8.96;12.85;14.18;21.01;6.27;12.75;21.74;NaN;36.23;9.77;24.07;8.47;7.48;22.99;20.83;21.78;17.88;12.26;19.84;10.24;16.39;11.89;NaN;4.84;6.00;NaN;16.01;21.17;25.74;NaN;6.02;18.84;8.93;14.21;18.33;18.44;1.45;5.21;8.53;19.03;12.50;NaN;16.77;14.53;13.17;63.28;6.11;10.49;20.67;27.15;14.00;11.45;13.75;7.65;7.93;30.44;4.13;24.30;34.37;4.10;11.95;13.28
2016.11.11 00:00;15.96;NaN;15.36;20.49;15.93;19.97;10.16;NaN;12.34;NaN;48.88;25.50;8.59;10.86;13.01;20.59;6.02;12.81;21.56;NaN;32.94;9.05;23.30;7.81;7.25;22.17;20.75;21.86;17.16;11.90;18.52;10.00;16.40;11.50;NaN;4.60;5.52;NaN;15.19;20.63;25.12;NaN;5.85;18.60;8.78;14.82;16.78;18.03;1.45;5.72;8.09;18.19;12.01;NaN;15.79;13.13;13.22;61.83;5.52;10.22;20.46;24.33;14.03;12.02;13.15;7.38;7.72;29.98;3.81;23.50;33.31;4.07;11.78;13.81
2016.11.14 00:00;15.82;NaN;15.14;21.06;16.04;19.97;10.31;NaN;12.98;NaN;50.32;25.08;8.50;10.77;13.39;20.58;6.22;13.39;21.52;NaN;33.83;9.52;23.08;7.62;6.68;22.33;20.79;21.69;17.33;11.84;18.55;10.05;16.48;12.70;NaN;4.94;5.58;NaN;15.70;20.90;24.77;NaN;5.85;18.49;8.97;14.75;16.58;18.38;1.41;5.88;8.10;18.35;12.31;NaN;15.74;13.12;13.29;62.60;5.26;10.15;20.81;24.68;14.17;11.69;13.14;7.56;7.51;30.08;4.10;23.93;33.70;3.41;11.79;14.41
2016.11.16 00:00;16.30;NaN;15.15;22.43;16.28;20.66;10.02;NaN;12.26;NaN;52.34;24.69;8.64;10.66;13.93;20.81;6.21;13.63;21.84;NaN;32.94;9.12;23.31;7.75;7.20;22.77;21.50;22.71;17.39;12.33;18.29;9.91;16.60;11.99;NaN;4.64;5.95;NaN;15.68;21.54;25.34;NaN;6.04;19.40;9.22;14.53;16.77;18.60;1.40;5.70;8.14;18.32;12.51;NaN;16.39;13.82;14.00;63.02;5.47;10.20;21.93;26.24;14.55;11.05;13.09;7.88;7.41;31.39;3.85;22.75;34.96;3.75;12.01;14.38
2016.11.17 00:00;16.11;NaN;14.88;22.01;15.77;20.36;10.14;NaN;11.91;NaN;53.00;24.69;8.58;10.71;13.75;20.47;6.09;13.22;21.78;NaN;31.60;9.18;23.59;7.77;7.02;22.65;20.88;21.73;17.55;12.11;18.24;9.88;17.11;12.19;NaN;4.68;5.84;NaN;15.56;21.31;25.05;NaN;5.89;18.82;9.84;14.46;16.36;18.07;1.40;5.79;8.03;18.17;12.61;NaN;15.92;13.40;14.07;61.82;5.80;9.78;21.63;25.53;14.28;11.41;13.32;7.72;7.61;31.17;3.83;22.38;34.35;3.75;11.75;13.92
2016.11.18 00:00;15.84;NaN;14.97;22.66;16.05;20.60;10.54;NaN;11.75;NaN;53.00;24.10;8.54;10.67;13.58;20.10;6.12;12.87;21.98;NaN;32.89;9.44;23.40;7.42;6.93;22.69;21.12;22.47;17.14;12.04;17.93;10.03;16.63;12.65;NaN;4.77;5.72;NaN;15.59;21.49;25.09;NaN;5.99;19.00;9.80;14.05;16.10;18.04;1.43;6.10;7.90;18.24;12.65;NaN;15.88;13.61;14.01;63.01;5.76;9.76;22.81;25.51;14.79;11.38;13.28;7.72;7.48;31.73;3.88;22.22;34.05;3.57;11.90;13.74
2016.11.21 00:00;15.96;NaN;14.87;24.44;16.14;20.54;10.79;NaN;12.32;NaN;52.88;25.08;8.64;10.58;13.76;19.88;6.18;13.38;22.07;NaN;33.54;9.96;23.82;7.67;7.01;22.52;22.11;22.98;16.63;12.25;17.88;10.18;16.67;12.88;NaN;4.92;5.52;NaN;15.59;21.50;25.33;NaN;6.05;19.15;9.51;13.66;16.23;18.14;1.47;6.12;8.05;18.46;12.93;NaN;16.69;14.61;13.97;63.71;6.00;10.15;23.36;26.50;14.34;11.25;13.59;7.81;7.43;31.68;3.97;23.36;34.38;3.65;11.55;14.15
2016.11.22 00:00;15.70;NaN;14.97;24.74;16.25;20.70;11.13;NaN;13.15;NaN;52.90;25.26;8.59;10.35;14.13;20.71;6.20;14.12;22.15;NaN;33.87;10.42;23.25;7.45;7.10;22.51;22.44;23.24;16.01;12.21;17.88;10.05;16.41;13.43;NaN;5.10;5.81;NaN;15.63;22.15;25.37;NaN;6.05;19.22;9.41;14.12;16.20;18.14;1.48;6.03;7.98;18.05;12.92;NaN;17.11;14.93;14.18;63.80;6.21;10.64;23.78;26.95;14.53;11.86;13.29;7.77;7.48;32.20;4.09;25.12;34.37;3.48;11.47;14.67
2016.11.23 00:00;16.13;NaN;14.79;24.62;16.32;20.40;11.45;NaN;13.23;NaN;53.11;24.34;8.57;10.12;13.63;20.96;6.27;13.67;22.09;NaN;33.40;11.11;22.70;7.33;6.93;22.46;22.35;22.90;16.44;12.09;17.83;9.93;16.22;13.69;NaN;5.51;5.91;NaN;15.42;21.92;25.85;NaN;5.94;19.04;9.48;14.56;15.80;17.76;1.51;6.06;7.93;18.27;12.92;NaN;17.22;14.86;13.31;62.78;6.19;10.67;23.36;26.64;14.83;12.02;13.40;7.79;7.45;32.01;4.40;25.48;34.24;3.55;11.62;14.23
2016.11.24 00:00;15.86;NaN;14.83;23.96;16.17;20.01;11.58;NaN;13.07;NaN;52.60;24.45;8.60;10.24;13.76;20.70;6.20;13.43;22.32;NaN;33.76;10.92;22.85;7.56;6.94;22.40;23.28;23.89;16.27;12.16;17.91;9.85;16.25;13.34;NaN;5.54;5.83;NaN;15.53;21.80;25.31;NaN;5.89;18.84;9.49;14.39;15.80;18.08;1.49;6.30;7.98;17.95;12.92;NaN;16.98;14.61;13.64;62.70;6.18;10.51;22.88;26.67;14.67;12.04;13.69;7.62;7.46;32.09;4.28;24.95;34.10;3.73;11.37;14.15
2016.11.25 00:00;15.75;NaN;14.90;23.91;16.24;19.84;11.91;NaN;13.55;NaN;52.96;24.07;8.68;9.87;13.73;20.64;6.09;13.07;22.29;NaN;34.23;11.20;23.05;7.65;6.95;22.35;23.46;23.93;16.55;12.21;17.96;9.96;16.29;13.53;NaN;5.67;5.68;NaN;15.50;21.93;25.41;NaN;5.87;18.71;9.49;14.24;15.66;18.00;1.49;6.41;7.97;18.15;12.92;NaN;17.00;14.34;13.40;62.16;6.19;10.40;23.33;26.60;14.36;12.16;13.69;7.68;7.48;32.62;4.31;26.14;34.27;3.76;11.17;13.94
2016.11.28 00:00;16.05;NaN;15.12;25.01;16.45;20.36;11.67;NaN;14.23;NaN;53.57;25.19;8.75;9.53;13.74;20.78;6.25;13.75;22.42;NaN;34.27;11.59;22.95;7.56;7.06;22.66;24.15;24.46;16.45;12.38;17.74;9.92;16.25;13.93;NaN;5.94;5.62;NaN;15.43;21.91;25.56;NaN;5.92;19.11;9.54;15.04;15.98;18.54;1.50;6.45;7.91;18.21;12.92;NaN;17.05;14.49;13.90;63.00;6.61;10.39;23.67;27.37;14.70;12.34;13.54;7.74;7.29;32.50;4.45;28.05;34.66;3.40;11.67;14.40
2016.11.29 00:00;15.60;NaN;14.97;24.10;15.93;19.85;11.81;NaN;13.20;NaN;52.34;25.00;8.49;10.29;13.16;20.52;6.09;12.96;22.38;NaN;34.00;11.06;22.91;7.56;7.03;22.40;24.19;24.68;16.15;12.27;17.72;9.77;15.97;13.21;NaN;5.72;5.49;NaN;15.21;21.64;25.18;NaN;5.80;18.65;9.39;15.28;15.77;17.74;1.55;6.29;7.81;17.65;12.37;NaN;16.15;13.74;13.39;62.04;6.21;9.67;22.81;26.57;14.85;12.68;13.27;7.59;7.17;31.89;4.18;26.39;34.46;3.50;11.51;13.98
2016.11.30 00:00;15.68;NaN;15.07;24.67;16.30;20.10;11.91;NaN;12.90;NaN;51.65;24.93;8.70;10.89;13.50;20.51;6.00;13.42;22.49;NaN;35.15;10.80;23.23;7.90;7.03;22.62;24.08;24.39;16.22;12.19;18.04;10.01;16.42;12.91;NaN;5.53;5.44;NaN;15.13;22.07;25.47;NaN;5.87;19.01;9.42;14.80;16.08;17.79;1.59;6.45;8.05;18.39;12.63;NaN;17.86;15.00;14.13;62.34;6.37;10.07;23.17;26.89;14.77;12.21;13.42;7.74;6.85;31.68;4.03;25.38;35.40;3.50;11.28;14.48
2016.12.01 00:00;15.21;NaN;14.27;23.04;15.39;19.15;11.85;NaN;12.76;NaN;48.89;24.58;8.34;10.43;12.42;19.95;5.62;13.00;22.18;NaN;33.94;10.13;22.15;7.56;6.49;21.58;23.32;23.48;16.57;11.73;17.17;9.63;15.53;12.34;NaN;5.11;4.99;NaN;14.64;21.14;24.27;NaN;5.59;18.16;8.75;14.29;15.29;17.16;1.54;6.30;7.66;17.71;11.15;NaN;17.61;14.47;14.04;60.52;5.92;9.44;21.32;25.31;14.36;12.07;13.09;7.36;6.91;31.22;3.90;25.75;33.04;3.61;10.57;13.91
2016.12.02 00:00;15.28;NaN;14.52;23.51;15.64;19.54;11.93;NaN;13.38;NaN;48.80;27.64;8.52;9.93;12.54;19.74;5.76;13.00;22.20;NaN;34.00;10.35;21.99;7.98;6.28;21.65;22.53;23.41;16.64;11.77;17.69;9.86;15.68;12.29;NaN;5.22;4.95;NaN;14.54;21.07;24.35;NaN;5.61;18.23;9.31;14.16;15.22;17.25;1.51;6.35;7.60;17.38;11.20;NaN;18.04;14.84;13.90;59.53;5.84;9.52;21.84;25.83;14.16;12.19;13.45;7.44;6.86;31.31;3.86;26.81;33.04;3.34;10.66;14.15
2016.12.05 00:00;15.05;NaN;14.19;23.06;15.56;19.19;11.85;NaN;13.81;NaN;48.49;29.10;8.51;9.42;12.69;19.64;5.68;12.83;22.19;NaN;32.94;10.29;22.13;7.88;6.34;21.46;22.52;23.40;16.51;11.57;17.49;9.73;15.43;12.43;NaN;5.29;4.77;NaN;14.24;21.26;24.41;NaN;5.58;18.17;8.96;13.85;14.91;17.16;1.50;6.11;7.50;17.53;11.30;NaN;17.43;14.68;13.47;59.08;5.85;9.29;21.60;25.51;13.69;12.18;13.56;7.36;6.88;31.01;3.92;26.91;33.08;3.34;10.47;13.79
2016.12.06 00:00;15.32;NaN;14.56;23.09;15.89;19.33;12.06;NaN;13.86;NaN;50.22;29.85;8.52;9.66;12.91;19.56;5.61;13.22;22.24;NaN;34.73;10.42;22.51;8.17;6.36;21.71;22.49;23.23;16.15;11.66;17.56;10.01;15.64;12.48;NaN;5.32;4.87;NaN;14.33;21.80;24.75;NaN;5.70;18.41;10.66;13.97;15.71;17.23;1.56;6.53;7.61;17.74;11.76;NaN;18.00;15.14;13.54;60.04;5.96;10.03;21.95;25.39;13.69;12.97;13.38;7.62;7.28;31.13;3.90;27.28;34.18;3.50;10.71;14.01
2016.12.07 00:00;15.21;NaN;14.74;23.37;15.79;19.47;11.95;NaN;14.28;NaN;50.46;29.70;8.66;10.41;13.68;20.18;5.69;13.05;22.25;NaN;34.63;10.45;22.56;8.38;6.60;21.56;22.15;22.81;16.61;11.78;17.45;10.03;15.49;13.07;NaN;5.46;4.86;NaN;14.33;21.91;25.38;NaN;5.72;18.27;11.05;14.83;16.50;17.66;1.57;6.39;7.57;17.89;11.69;NaN;17.72;14.87;13.54;60.71;5.93;10.37;22.08;25.01;13.85;13.12;13.31;7.64;7.39;30.86;4.04;28.21;34.63;3.48;10.94;13.89
2016.12.08 00:00;15.05;NaN;14.64;23.19;15.63;19.19;11.92;NaN;13.97;NaN;49.16;29.68;8.66;10.06;13.33;19.65;5.55;12.69;22.15;NaN;34.10;10.12;22.89;8.08;6.44;21.46;21.59;22.50;15.86;11.93;17.37;10.05;16.23;12.94;NaN;5.52;4.79;NaN;14.44;21.98;25.17;NaN;5.71;18.16;10.77;15.10;16.29;17.69;1.61;6.39;7.54;18.36;11.40;NaN;17.76;14.72;14.21;59.94;5.93;10.28;22.11;24.84;14.16;13.02;13.71;7.74;7.41;30.26;4.00;27.40;34.49;3.48;10.95;13.56
2016.12.09 00:00;15.21;NaN;14.28;23.40;15.84;18.98;11.72;NaN;13.72;NaN;49.65;29.19;8.70;10.01;13.60;19.31;5.55;12.11;22.56;NaN;34.51;9.82;22.70;8.04;6.68;21.51;21.50;22.67;15.70;11.63;17.38;9.91;16.82;12.26;NaN;5.24;4.78;NaN;14.38;22.00;25.55;NaN;5.74;18.21;10.63;14.72;16.01;17.84;1.63;6.37;7.47;18.57;11.50;NaN;17.59;14.61;13.89;59.40;6.03;10.17;22.09;24.86;13.80;13.07;14.00;7.51;7.61;30.17;3.89;26.92;34.10;3.38;10.97;13.28
2016.12.12 00:00;14.73;NaN;14.04;22.29;15.18;18.35;11.53;NaN;13.42;NaN;49.24;29.48;8.74;9.62;13.41;18.60;5.48;11.52;22.60;NaN;33.99;9.59;22.50;7.97;6.60;21.23;21.51;22.61;15.26;11.41;17.27;9.81;16.45;11.55;NaN;4.78;4.46;NaN;14.38;21.36;25.43;NaN;5.52;17.46;10.44;14.61;15.80;17.59;1.58;6.30;7.48;18.35;11.11;NaN;17.75;14.62;13.88;58.68;5.87;9.84;21.41;24.85;13.72;12.82;14.18;7.43;7.50;29.94;3.81;26.81;33.61;3.43;10.67;12.77
2016.12.13 00:00;14.89;NaN;14.27;22.49;15.24;18.94;11.43;NaN;12.76;NaN;49.76;29.87;9.06;9.95;13.70;18.41;5.63;12.17;22.91;NaN;33.73;9.52;22.52;8.20;6.68;21.45;21.34;22.51;15.16;11.44;17.06;10.01;16.85;11.14;NaN;4.59;4.62;NaN;14.44;21.31;25.37;NaN;5.54;17.54;10.76;14.47;16.17;18.04;1.61;6.26;7.66;18.22;11.13;NaN;17.63;14.48;13.81;57.57;5.94;10.08;21.29;25.41;14.16;12.63;14.10;7.36;7.61;30.60;3.85;25.76;33.06;3.21;10.86;13.33
2016.12.14 00:00;14.78;NaN;13.79;21.94;15.06;18.70;11.53;NaN;12.63;NaN;49.93;29.95;8.85;9.98;13.50;17.97;5.44;11.33;22.91;NaN;33.10;9.22;22.88;8.18;6.48;21.36;21.27;21.95;15.11;11.23;16.64;9.83;16.39;10.39;NaN;4.27;4.41;NaN;14.29;21.11;24.82;NaN;5.51;17.50;10.58;14.82;15.17;17.96;1.58;6.26;7.59;17.92;10.85;NaN;17.01;13.82;13.10;57.04;5.72;9.88;21.19;24.86;13.82;12.99;14.10;7.12;7.26;30.08;3.74;25.35;32.86;3.40;10.54;12.43
2016.12.15 00:00;14.92;NaN;13.61;22.78;15.11;18.92;11.59;NaN;13.15;NaN;49.66;30.28;8.60;9.96;13.49;16.90;5.49;11.33;22.91;NaN;33.80;9.50;22.41;8.11;6.41;21.44;21.45;22.25;14.69;11.37;16.09;9.85;16.46;10.91;NaN;4.65;4.44;NaN;14.32;21.34;24.49;NaN;5.51;17.43;10.54;15.21;15.17;17.82;1.62;6.29;7.60;17.87;11.07;NaN;16.86;13.92;13.74;56.27;5.73;9.65;21.45;24.83;14.16;13.03;14.09;7.19;7.33;29.89;3.93;25.67;33.55;3.58;10.73;12.33
2016.12.16 00:00;15.25;NaN;13.96;22.93;15.03;18.81;11.39;NaN;13.07;NaN;47.81;30.32;8.90;10.86;13.41;18.28;5.45;11.26;22.91;NaN;33.73;9.31;23.00;8.25;6.56;21.49;21.32;21.95;15.20;11.35;16.39;10.11;16.19;10.40;NaN;4.32;4.37;NaN;14.49;21.40;24.17;NaN;5.48;17.12;10.78;15.46;15.47;17.99;1.64;6.25;7.75;18.12;11.16;NaN;16.65;13.84;13.43;56.26;5.95;9.58;22.13;24.99;14.24;13.19;14.25;7.13;7.33;30.40;3.86;25.23;33.70;3.47;10.62;12.28
2016.12.19 00:00;14.90;NaN;14.08;22.42;14.70;18.69;11.33;NaN;12.51;NaN;46.33;30.28;8.72;10.19;13.28;17.88;5.62;11.35;22.94;NaN;32.82;8.77;22.30;8.25;6.43;21.45;21.39;21.96;14.88;11.35;16.25;10.09;15.56;10.04;NaN;4.22;4.20;NaN;14.41;21.19;24.32;NaN;5.39;16.66;10.68;15.31;15.30;17.91;1.60;6.20;7.61;17.91;10.85;NaN;16.12;13.46;13.63;56.31;5.94;9.63;21.78;24.15;14.32;13.02;14.48;7.05;7.34;30.03;3.77;23.69;33.39;3.48;10.67;12.47
2016.12.20 00:00;15.00;NaN;14.20;22.78;15.02;18.82;11.22;NaN;12.79;NaN;46.40;29.94;8.89;10.01;13.30;18.77;5.65;11.41;22.88;NaN;33.00;8.58;21.79;8.23;6.44;21.15;20.66;21.30;14.64;11.22;16.20;9.93;15.43;10.12;NaN;4.34;4.16;NaN;14.40;20.89;23.98;NaN;5.44;17.08;10.90;15.00;15.48;17.37;1.59;6.22;7.42;17.89;10.91;NaN;16.09;13.45;13.53;56.24;5.98;9.66;22.05;23.86;13.91;12.87;14.43;7.20;7.38;30.17;3.82;24.17;33.74;3.53;10.56;12.61
2016.12.21 00:00;14.94;NaN;14.14;22.78;14.89;18.67;11.67;NaN;12.90;NaN;46.46;30.92;8.90;10.00;13.87;19.40;5.53;11.47;22.91;NaN;33.15;8.54;21.88;8.13;6.64;21.22;21.03;21.46;14.97;11.26;16.21;10.05;15.43;10.27;NaN;4.45;4.06;NaN;14.07;20.89;24.07;NaN;5.44;17.08;11.06;15.05;15.92;17.11;1.63;6.24;7.49;17.64;10.91;NaN;16.01;13.44;13.86;57.61;5.93;9.86;22.02;23.87;13.61;12.86;14.71;7.23;7.47;29.99;3.92;24.08;34.18;3.47;10.63;12.68
2016.12.22 00:00;14.64;NaN;14.05;22.56;14.81;19.26;11.52;NaN;12.36;NaN;46.47;30.19;9.10;9.62;14.07;19.46;5.63;11.98;22.92;NaN;33.70;8.34;21.73;8.28;6.85;21.47;20.66;21.27;14.94;11.60;16.73;10.12;15.46;9.83;NaN;4.27;3.86;NaN;13.58;20.57;23.91;NaN;5.48;17.22;11.08;14.42;15.83;16.95;1.62;6.24;7.48;18.03;10.69;NaN;15.81;13.13;14.20;57.08;5.94;9.83;21.92;24.55;13.77;12.71;14.94;7.10;7.67;30.25;3.85;23.08;33.70;3.48;10.52;13.18
2016.12.23 00:00;14.80;NaN;14.45;23.21;15.12;19.36;11.54;NaN;12.45;NaN;46.48;30.02;9.31;9.68;14.03;19.29;5.71;12.10;22.93;NaN;33.49;8.65;21.92;8.44;6.91;21.54;20.97;21.67;14.98;11.53;17.01;10.03;15.38;9.81;NaN;4.30;4.13;NaN;14.00;21.23;24.07;NaN;5.57;17.67;11.00;14.65;16.25;17.07;1.62;6.20;7.48;18.19;10.71;NaN;16.03;13.35;14.25;56.59;5.93;10.08;22.34;24.62;13.61;12.52;14.83;7.09;7.68;30.21;3.84;22.90;33.50;3.55;10.81;13.74
2016.12.26 00:00;14.97;NaN;14.58;23.57;15.39;19.42;11.63;NaN;12.91;NaN;47.15;29.82;9.40;9.92;14.15;19.33;5.62;12.29;22.89;NaN;33.14;8.83;22.02;8.41;6.98;21.59;21.41;22.28;15.13;11.54;17.00;10.10;15.42;10.12;NaN;4.37;4.33;NaN;13.79;21.62;24.26;NaN;5.64;17.81;11.08;14.82;16.44;17.30;1.62;6.30;7.53;18.19;10.70;NaN;16.18;13.52;14.54;57.50;6.00;9.93;22.70;25.10;13.99;12.79;14.60;7.12;7.69;30.26;3.89;23.63;33.70;3.51;10.71;13.74
2016.12.27 00:00;14.90;NaN;14.78;23.73;15.24;19.12;11.76;NaN;12.79;NaN;47.25;30.21;9.55;9.76;14.04;18.91;5.81;12.21;22.91;NaN;32.42;9.32;22.49;8.49;6.94;21.57;21.04;22.30;15.28;11.67;16.92;10.19;15.36;10.46;NaN;4.55;4.65;NaN;13.81;22.12;24.20;NaN;5.62;17.80;10.91;14.89;16.59;17.94;1.61;6.42;7.52;18.23;11.00;NaN;16.14;13.51;14.31;57.67;6.01;9.89;22.81;24.74;14.03;12.89;14.68;7.11;7.71;30.42;3.98;23.51;33.70;3.49;10.89;13.67
2016.12.28 00:00;15.02;NaN;15.15;24.03;15.79;19.89;11.67;NaN;13.19;NaN;47.66;31.17;9.47;9.75;14.16;19.02;5.91;12.33;22.90;NaN;34.28;9.40;22.80;8.74;7.09;21.95;21.35;22.48;15.36;11.91;16.87;10.40;15.69;10.26;NaN;4.51;4.86;NaN;13.87;22.17;24.75;NaN;5.69;18.22;11.08;15.20;16.64;18.45;1.62;6.53;7.62;18.52;11.15;NaN;16.42;13.86;14.37;58.16;6.16;9.67;24.01;25.18;14.35;13.08;14.86;7.22;7.76;30.83;3.95;24.26;33.98;3.49;10.91;13.74
2016.12.29 00:00;15.17;NaN;15.15;24.38;16.05;20.11;11.82;NaN;12.91;NaN;48.25;31.05;9.63;9.81;14.64;19.25;6.07;12.38;22.99;NaN;34.63;9.43;23.29;8.70;7.33;22.08;21.42;22.28;15.67;11.92;16.99;10.42;15.80;10.29;NaN;4.54;4.64;NaN;13.82;22.20;24.89;NaN;5.84;18.42;11.00;15.45;16.69;18.39;1.62;6.55;7.61;18.78;11.16;NaN;16.38;13.94;14.82;59.29;6.15;10.00;24.29;25.84;14.37;13.49;15.00;7.30;7.73;31.38;3.98;23.35;34.55;3.58;11.28;14.07
2017.01.02 00:00;15.09;NaN;14.95;23.90;15.94;19.77;11.57;NaN;12.60;NaN;47.90;30.82;9.73;9.81;14.49;18.81;6.08;12.35;23.03;NaN;33.73;9.44;22.62;8.71;7.25;21.98;21.12;22.49;15.67;11.92;16.95;10.48;15.38;10.33;NaN;4.49;4.53;NaN;14.44;22.24;24.84;NaN;5.79;18.26;10.90;14.91;16.32;18.37;1.56;6.34;7.69;18.73;10.89;NaN;15.99;13.74;14.49;58.75;6.12;10.21;24.27;25.46;13.97;13.23;15.48;7.21;7.58;31.13;3.96;22.79;34.80;3.58;10.99;13.76
2017.01.03 00:00;15.39;NaN;15.56;24.99;16.62;20.47;11.85;NaN;13.13;NaN;49.50;32.58;10.26;10.06;15.04;19.33;6.21;12.97;23.09;NaN;35.30;9.92;23.30;9.44;7.57;22.84;20.97;22.38;16.02;11.97;17.38;10.46;15.30;10.62;NaN;4.64;4.90;NaN;14.81;22.86;25.31;NaN;6.04;19.03;11.05;15.29;16.59;18.93;1.55;6.40;7.87;19.35;11.27;NaN;17.00;14.53;15.12;61.00;6.19;10.64;25.13;25.76;14.65;13.31;15.51;7.52;7.97;31.63;4.17;23.80;35.16;3.78;11.54;14.53
2017.01.04 00:00;15.27;NaN;15.86;24.86;16.51;21.12;11.59;NaN;12.85;NaN;48.91;32.03;10.25;10.29;15.14;19.13;6.04;12.89;23.03;NaN;35.32;9.83;24.04;9.79;7.64;22.55;21.21;22.20;15.83;12.04;17.91;10.50;15.64;10.50;NaN;4.68;5.19;NaN;15.11;22.99;25.97;NaN;6.08;19.11;11.05;14.72;16.56;18.76;1.47;6.54;7.87;19.65;11.20;NaN;16.80;14.53;15.25;60.13;6.19;10.81;25.25;26.50;15.19;12.97;15.37;7.67;7.92;31.13;4.42;23.37;35.01;3.70;11.26;14.46
2017.01.05 00:00;15.36;NaN;15.66;24.80;16.69;20.69;11.48;NaN;13.49;NaN;48.53;32.41;10.48;10.60;15.11;18.92;5.95;12.73;22.99;NaN;35.25;10.17;24.77;9.66;7.57;22.38;21.12;22.23;16.15;12.01;18.74;10.48;15.95;11.24;NaN;4.91;5.25;NaN;15.14;22.98;26.54;NaN;6.13;19.38;11.02;14.59;16.61;18.59;1.52;6.52;7.90;19.73;11.22;NaN;17.18;14.76;15.16;59.23;6.20;10.64;25.17;26.58;15.16;12.98;15.44;7.77;7.97;31.31;4.47;24.26;34.42;3.77;11.23;14.23
2017.01.06 00:00;15.23;NaN;15.66;25.07;16.80;20.37;11.43;NaN;13.25;NaN;46.22;31.77;10.38;10.27;14.89;18.96;5.87;12.63;23.01;NaN;34.43;9.80;24.56;9.61;7.43;22.10;21.10;22.17;16.23;11.70;18.23;10.44;15.95;11.18;NaN;4.91;5.17;NaN;14.91;22.80;26.69;NaN;6.11;19.44;11.10;14.52;16.57;18.38;1.51;6.27;7.91;19.61;11.18;NaN;16.92;14.68;15.01;59.36;6.36;10.64;25.06;26.19;15.04;13.08;15.31;7.67;7.72;31.17;4.34;23.61;34.51;3.78;11.33;14.12
2017.01.09 00:00;15.29;NaN;15.66;24.13;16.82;20.83;11.24;NaN;13.58;NaN;45.70;31.88;10.39;10.36;15.05;19.05;5.95;12.55;23.01;NaN;34.96;9.95;24.77;9.95;7.57;22.12;20.73;21.73;16.27;11.74;18.20;10.37;15.89;11.19;NaN;4.95;5.25;NaN;14.72;22.75;26.58;NaN;6.17;19.53;11.19;14.21;16.55;18.22;1.44;6.00;7.98;19.70;11.72;NaN;16.75;14.37;15.17;59.26;6.46;10.77;25.40;26.31;15.16;13.01;15.04;7.66;7.75;31.06;4.37;24.10;34.57;3.74;11.21;14.05
2017.01.10 00:00;15.12;NaN;15.95;24.46;16.82;21.01;11.57;NaN;14.32;NaN;45.92;32.17;10.37;10.24;15.08;18.41;5.87;12.44;23.02;NaN;34.12;10.17;24.67;9.81;7.49;22.11;20.64;21.51;16.11;11.83;18.02;10.24;15.87;11.41;NaN;5.01;5.24;NaN;14.94;22.59;26.44;NaN;6.13;19.47;11.63;14.31;16.57;18.18;1.48;6.10;8.03;19.27;11.54;NaN;17.03;14.51;14.80;58.18;6.57;10.68;25.36;26.25;15.00;12.93;15.46;7.74;7.76;31.14;4.39;25.95;35.25;3.73;11.08;14.02
2017.01.11 00:00;15.18;NaN;16.02;24.72;16.95;20.40;11.51;NaN;14.82;NaN;45.86;32.50;10.32;10.38;14.54;18.14;6.07;12.24;23.02;NaN;34.46;10.30;24.82;9.91;7.42;21.95;20.21;21.25;16.40;11.76;17.65;10.19;15.94;12.01;NaN;5.25;5.34;NaN;14.72;22.38;26.14;NaN;6.17;19.51;11.56;14.17;16.18;18.18;1.49;6.07;8.01;19.27;11.25;NaN;17.46;14.68;15.29;59.06;6.60;10.63;25.52;26.41;15.28;12.61;15.23;7.70;7.73;31.04;4.30;26.49;35.53;3.59;10.89;13.85
2017.01.12 00:00;15.66;NaN;16.44;25.34;17.35;20.18;11.51;NaN;15.46;NaN;47.05;33.02;11.20;11.40;14.83;17.85;6.80;12.75;23.09;NaN;34.99;10.76;24.95;10.21;7.86;22.27;21.78;22.45;16.15;12.04;18.02;10.47;15.84;12.20;NaN;5.28;5.75;NaN;15.20;22.65;27.92;NaN;6.34;20.00;11.62;14.51;17.36;19.40;1.59;6.07;8.05;20.51;11.85;NaN;17.75;14.91;15.46;60.77;6.90;11.39;26.81;27.95;14.98;12.47;15.61;7.77;7.88;30.95;4.41;27.34;35.97;3.48;11.26;14.34
2017.01.13 00:00;15.83;NaN;16.42;24.68;17.21;19.36;11.55;NaN;16.42;NaN;45.79;32.22;11.12;11.54;14.81;18.00;6.73;13.03;23.16;NaN;35.06;10.62;25.90;10.26;7.86;22.32;21.77;22.72;16.45;11.88;17.47;10.57;15.87;12.44;NaN;5.33;5.68;NaN;15.18;22.17;28.30;NaN;6.28;19.59;11.38;14.33;17.36;19.14;1.62;6.13;8.06;20.55;11.81;NaN;17.62;14.70;14.86;60.82;6.76;11.16;26.72;27.70;15.03;12.27;15.87;7.84;8.01;30.78;4.42;28.18;35.69;3.43;11.02;14.70
2017.01.16 00:00;15.77;NaN;16.32;24.70;17.24;19.22;11.49;NaN;17.03;NaN;45.80;31.99;11.05;11.45;14.59;17.95;6.76;13.10;23.15;NaN;34.83;10.73;25.39;10.47;7.84;22.07;21.30;22.41;16.74;11.94;17.92;10.40;16.30;12.58;NaN;5.48;5.63;NaN;15.19;22.16;28.18;NaN;6.28;19.61;11.06;14.25;17.55;19.14;1.59;6.22;7.99;20.50;11.59;NaN;17.65;14.76;15.00;60.37;6.75;11.10;27.13;27.65;14.57;12.66;15.84;7.91;8.12;30.63;4.64;28.93;35.70;3.27;11.02;14.78
2017.01.17 00:00;15.91;NaN;16.42;25.10;17.74;19.51;11.63;NaN;16.74;NaN;46.35;31.90;11.01;11.32;14.45;17.64;6.96;13.63;23.20;NaN;36.08;10.60;25.22;10.84;7.94;22.43;21.33;22.89;17.12;11.89;17.93;10.54;16.77;12.38;NaN;5.50;5.57;NaN;14.93;22.12;27.85;NaN;6.41;20.14;11.32;14.25;17.50;18.94;1.62;6.18;8.22;20.35;11.76;NaN;17.57;14.83;15.30;62.01;6.89;11.03;27.75;28.45;14.76;12.62;15.88;7.91;8.25;30.40;4.58;27.80;36.37;3.32;11.28;15.37
2017.01.18 00:00;15.97;NaN;16.30;24.89;17.56;19.37;11.52;NaN;17.85;NaN;45.30;31.91;10.76;11.32;13.95;17.42;6.85;13.27;23.22;NaN;35.61;10.36;25.26;10.26;7.61;22.49;20.49;21.92;17.23;11.93;17.59;10.48;16.76;12.02;NaN;5.44;5.41;NaN;15.20;22.26;27.42;NaN;6.37;19.98;11.46;14.32;17.42;18.89;1.63;6.10;8.26;20.21;12.24;NaN;17.44;14.80;15.18;61.38;6.87;10.74;26.73;28.07;14.57;12.68;15.99;8.06;8.31;30.10;4.50;29.20;35.80;3.32;11.17;15.11
2017.01.19 00:00;16.01;NaN;16.39;24.91;17.54;19.31;11.43;NaN;17.22;NaN;45.28;31.41;10.77;11.36;14.20;17.46;6.80;13.05;23.23;NaN;35.93;10.18;24.47;10.17;7.43;22.58;20.31;21.48;17.28;12.14;17.60;10.63;16.75;11.53;NaN;5.19;5.30;NaN;14.30;22.30;27.34;NaN;6.36;19.87;11.58;14.65;17.36;18.77;1.64;6.13;8.33;19.91;11.88;NaN;17.34;14.78;15.01;61.84;6.91;10.81;25.90;28.50;14.72;13.36;15.75;8.20;8.20;30.33;4.45;28.61;35.83;3.22;11.18;14.62
2017.01.20 00:00;16.05;NaN;16.73;25.47;17.46;19.42;11.65;NaN;18.08;NaN;45.96;31.54;10.79;11.39;14.27;17.00;6.79;13.17;23.27;NaN;36.56;10.39;25.49;10.42;7.51;22.62;20.78;22.06;17.62;12.20;17.60;10.79;16.68;11.64;NaN;5.21;5.68;NaN;14.47;23.00;27.39;NaN;6.43;19.93;11.66;14.24;17.67;19.06;1.83;6.08;8.35;20.19;12.22;NaN;17.24;15.00;15.21;61.62;7.27;10.77;26.35;28.73;14.39;13.18;15.91;8.18;8.36;30.62;4.68;29.19;35.75;3.20;11.23;14.71
2017.01.23 00:00;16.04;NaN;17.02;26.62;17.86;19.69;11.57;NaN;19.02;NaN;46.74;31.95;11.28;11.49;14.63;17.21;7.13;12.59;23.35;NaN;36.60;10.78;25.40;10.59;7.65;22.86;21.57;22.99;17.83;12.18;17.60;11.04;16.61;12.09;NaN;5.45;5.77;NaN;14.25;23.24;27.62;NaN;6.60;20.60;11.52;14.49;17.95;19.67;1.91;6.14;8.35;20.21;12.49;NaN;17.39;14.99;16.05;62.02;7.37;10.66;27.13;28.72;14.84;13.56;15.70;8.38;8.47;30.66;5.07;30.29;36.46;3.15;11.39;14.30
2017.01.24 00:00;16.07;NaN;16.63;26.12;17.79;19.44;11.60;NaN;19.36;NaN;46.92;31.16;11.32;11.80;14.17;17.95;7.19;12.94;23.31;NaN;37.06;10.77;25.69;10.55;7.74;22.41;21.15;22.58;18.29;12.23;18.33;11.14;17.15;11.97;NaN;5.37;6.02;NaN;14.31;23.66;27.85;NaN;6.52;20.55;11.61;14.15;17.57;19.23;2.00;6.22;8.34;20.22;12.47;NaN;17.15;15.04;16.01;63.21;7.51;10.98;26.59;29.27;14.96;13.82;15.74;8.44;8.55;30.61;5.00;31.03;36.58;3.13;11.39;14.31
2017.01.26 00:00;16.08;NaN;16.80;27.77;18.19;20.04;11.51;NaN;18.86;NaN;45.90;30.82;11.26;12.20;14.52;18.68;7.14;13.00;23.28;NaN;37.01;10.54;25.89;10.63;7.80;22.81;20.66;22.64;18.01;12.52;18.34;11.20;17.16;11.90;NaN;5.30;5.90;NaN;14.72;24.18;27.81;NaN;6.55;20.83;11.55;14.45;17.28;19.66;1.95;6.54;8.57;20.36;12.68;NaN;16.82;14.81;15.98;64.26;7.66;11.23;27.26;29.14;15.21;13.68;15.80;8.44;8.81;30.89;4.90;30.55;36.32;3.19;11.71;14.58
2017.01.27 00:00;16.09;NaN;16.87;27.24;18.24;20.44;11.43;NaN;18.73;NaN;45.29;31.00;11.13;11.95;14.22;19.14;7.05;13.27;23.33;NaN;36.81;10.51;25.41;10.81;7.72;22.77;20.36;22.53;17.90;12.38;18.56;11.10;17.00;11.98;NaN;5.44;6.12;NaN;14.49;24.17;27.81;NaN;6.54;20.72;11.52;14.49;17.16;19.74;1.90;6.56;8.68;20.19;12.55;NaN;16.52;14.64;15.90;64.19;7.68;11.10;27.01;28.78;15.20;13.15;15.92;8.38;8.73;30.76;5.04;30.64;36.58;3.16;11.74;14.88
2017.01.30 00:00;15.76;NaN;16.70;26.49;17.92;20.11;11.28;NaN;17.87;NaN;43.98;29.73;10.97;11.62;14.02;18.51;6.73;12.91;23.29;NaN;36.41;9.97;25.52;10.60;7.35;22.46;19.57;21.60;17.34;12.14;18.51;11.01;16.40;11.47;NaN;5.16;6.27;NaN;14.18;23.75;27.15;NaN;6.46;20.28;11.53;14.31;16.64;19.21;1.78;6.34;8.53;19.63;12.54;NaN;15.61;13.91;15.46;63.47;7.40;10.74;26.34;28.03;15.13;13.22;15.66;8.26;8.45;30.14;4.89;29.32;36.34;3.21;11.64;14.61
2017.01.31 00:00;15.98;NaN;16.98;27.00;18.11;19.83;11.68;NaN;18.08;NaN;44.46;29.50;11.82;11.54;14.23;18.35;7.20;12.55;23.30;NaN;36.56;10.04;25.55;10.97;7.59;22.58;19.56;21.27;17.62;12.50;18.63;11.12;16.83;11.62;NaN;5.32;6.28;NaN;14.17;23.75;27.81;NaN;6.54;20.28;11.48;14.16;16.45;18.95;1.96;6.40;8.88;19.85;12.25;NaN;15.66;14.08;15.87;63.47;7.51;10.77;26.75;28.14;14.84;12.73;15.52;8.34;8.39;30.33;5.10;29.26;36.84;3.19;11.58;14.16
2017.02.01 00:00;16.09;NaN;17.02;27.13;17.96;19.66;11.71;NaN;18.89;NaN;43.80;29.20;12.09;11.81;14.23;18.25;7.08;12.42;23.30;NaN;36.88;10.13;25.54;10.92;7.41;22.49;19.70;21.53;17.85;12.23;19.02;10.99;16.72;11.83;NaN;5.45;6.15;NaN;14.16;23.75;27.81;NaN;6.57;20.50;11.90;13.57;16.47;18.87;1.94;6.53;8.96;19.87;12.56;NaN;15.59;14.08;15.30;61.29;7.53;11.06;27.28;28.24;14.84;12.39;15.73;8.28;8.41;29.59;5.10;29.91;37.57;3.24;11.49;13.83
2017.02.02 00:00;15.94;NaN;17.03;26.88;17.29;19.75;11.72;NaN;18.34;NaN;44.52;29.04;11.84;11.72;14.77;18.46;7.19;12.77;23.36;NaN;37.46;10.54;25.61;10.91;7.56;22.79;20.02;21.99;17.47;12.41;19.38;11.00;16.45;12.13;NaN;5.47;6.36;NaN;14.58;23.95;28.02;NaN;6.56;20.44;12.06;13.77;16.22;18.88;1.94;6.60;9.26;20.03;12.65;NaN;15.38;13.96;15.24;61.63;7.63;11.40;27.42;28.56;15.06;12.31;15.86;8.30;8.52;29.80;5.07;29.70;37.36;3.28;11.60;14.24
2017.02.03 00:00;16.12;NaN;17.18;26.81;17.71;19.63;11.57;NaN;17.34;NaN;44.90;27.93;11.98;11.78;14.81;18.68;7.30;12.42;23.41;NaN;38.72;10.06;26.07;11.32;7.83;22.99;20.59;22.47;17.58;12.62;19.66;11.06;16.42;12.10;NaN;5.44;6.32;NaN;14.57;24.13;28.63;NaN;6.69;20.86;12.02;13.74;16.72;19.57;1.94;6.69;9.45;20.79;12.74;NaN;15.80;14.38;15.53;62.21;7.76;11.18;27.59;29.03;14.96;12.14;15.89;8.66;8.53;30.53;5.04;27.83;37.56;3.43;11.82;13.80
2017.02.06 00:00;15.86;NaN;17.13;26.14;17.35;19.92;11.50;NaN;16.82;NaN;43.45;28.35;11.78;11.99;14.73;18.64;6.95;12.16;23.32;NaN;38.67;9.67;25.64;11.39;7.65;22.90;20.24;22.59;17.40;12.36;19.58;10.89;16.82;11.81;NaN;5.32;6.15;NaN;14.27;23.99;28.42;NaN;6.59;20.71;11.62;13.38;16.63;19.10;2.13;6.68;9.29;21.20;12.44;NaN;15.45;14.02;15.37;60.95;7.91;10.74;27.26;29.12;15.11;12.21;15.69;8.78;8.54;30.12;4.95;27.21;37.56;3.27;11.77;13.41
2017.02.07 00:00;15.81;NaN;17.23;26.38;17.32;19.85;11.38;NaN;17.30;NaN;43.53;29.69;11.80;12.02;14.88;19.06;6.95;11.97;23.32;NaN;38.30;9.88;26.03;11.56;7.52;22.87;20.59;22.91;17.63;12.29;19.93;10.85;16.93;11.75;NaN;5.26;6.22;NaN;14.07;23.72;28.44;NaN;6.68;21.11;11.47;13.37;16.66;19.05;2.14;6.79;9.24;21.09;12.74;NaN;15.25;13.78;15.04;61.00;7.87;11.03;27.00;29.36;15.12;12.26;15.59;8.79;8.51;30.17;4.93;27.50;37.42;3.43;11.78;12.96
2017.02.08 00:00;15.75;NaN;17.30;26.66;17.64;19.54;11.38;NaN;17.57;NaN;43.23;30.65;11.88;13.17;15.15;19.35;7.05;11.66;23.34;NaN;37.59;9.86;26.11;11.82;7.87;22.96;20.85;22.93;17.10;12.33;19.89;11.04;17.57;11.65;NaN;5.19;6.33;NaN;14.17;24.10;28.46;NaN;6.74;21.66;11.53;13.47;16.65;18.77;2.10;6.68;9.41;21.39;12.51;NaN;15.57;14.16;15.40;62.31;7.91;11.47;27.28;29.33;15.28;12.18;15.39;8.98;8.59;30.67;4.95;27.81;37.89;3.42;11.82;12.60
2017.02.09 00:00;15.69;NaN;17.24;26.57;17.75;19.57;11.43;NaN;17.94;NaN;42.59;30.75;12.04;12.41;15.25;19.40;6.98;11.98;23.36;NaN;37.69;9.85;26.54;11.89;7.81;23.40;20.28;22.12;17.41;12.43;19.89;10.98;17.95;11.91;NaN;5.18;6.70;NaN;13.79;24.20;28.80;NaN;6.79;21.75;11.49;13.46;16.68;18.89;2.10;6.81;9.63;21.32;12.71;NaN;15.44;14.11;15.39;61.03;7.94;11.28;27.86;29.21;14.97;12.64;15.42;8.95;8.47;30.72;4.93;28.26;37.70;3.41;11.85;12.96
2017.02.10 00:00;15.92;NaN;17.26;27.06;18.01;19.59;11.43;NaN;18.95;NaN;43.20;30.78;12.34;12.65;15.86;19.13;7.12;12.15;23.36;NaN;38.08;10.68;26.64;11.98;8.15;23.44;21.25;22.98;17.74;12.36;19.94;10.95;18.06;12.28;NaN;5.35;6.98;NaN;13.91;24.29;28.88;NaN;6.85;21.83;11.64;13.46;16.72;19.62;2.12;7.13;9.74;21.38;12.88;NaN;15.81;14.61;15.32;62.01;8.35;11.36;29.47;29.49;14.73;12.38;15.41;9.02;8.26;30.72;5.22;29.82;37.58;3.58;11.87;13.09
2017.02.13 00:00;16.02;NaN;17.35;27.23;18.06;20.27;11.60;NaN;20.40;NaN;42.77;30.78;12.17;12.55;16.47;19.40;7.33;12.17;23.40;NaN;37.78;10.93;27.27;11.74;8.26;23.54;21.46;23.03;17.97;12.32;19.66;10.99;18.50;12.67;NaN;5.40;7.14;NaN;13.95;24.47;29.43;NaN;6.84;21.72;11.73;13.46;16.72;19.71;2.33;7.31;9.55;21.38;13.06;NaN;16.02;14.64;15.82;61.28;8.71;11.36;30.39;30.51;15.40;12.72;15.81;8.95;8.22;30.72;5.28;32.56;37.50;3.69;11.96;13.23
2017.02.14 00:00;16.14;NaN;17.27;27.32;17.95;20.01;11.51;NaN;19.96;NaN;43.20;30.72;12.08;12.50;16.61;19.22;7.39;12.41;23.42;NaN;38.24;10.79;26.87;11.58;8.32;23.21;20.81;22.16;17.93;12.20;19.66;11.01;18.50;12.52;NaN;5.35;7.35;NaN;14.00;24.18;29.21;NaN;6.81;21.79;11.59;13.70;16.52;20.16;2.29;7.27;9.55;21.20;12.94;NaN;16.26;14.83;15.54;61.60;8.56;11.83;29.27;29.89;15.08;12.67;15.52;9.03;8.20;30.53;5.29;31.28;37.07;3.73;11.93;13.38
2017.02.15 00:00;16.74;NaN;17.96;27.65;18.34;20.50;11.85;NaN;19.83;NaN;43.96;29.75;12.41;12.60;16.79;19.92;7.90;12.63;23.45;NaN;38.63;10.99;27.62;11.58;8.38;23.57;20.96;22.13;17.96;12.41;20.58;11.11;18.33;12.73;NaN;5.52;7.83;NaN;14.49;24.68;29.56;NaN;7.07;22.71;11.77;14.14;15.93;20.55;2.36;7.28;9.63;21.36;13.17;NaN;16.31;14.85;15.47;63.94;8.75;11.90;30.51;30.86;15.74;12.87;15.58;9.27;8.46;31.55;5.36;30.75;37.33;3.68;12.38;13.36
2017.02.16 00:00;16.69;NaN;17.98;28.54;18.28;20.96;11.62;NaN;19.65;NaN;43.90;30.04;12.25;12.41;16.93;20.14;8.14;12.59;23.50;NaN;38.49;10.89;27.42;11.36;8.45;23.44;20.80;21.79;17.72;12.38;20.21;11.41;18.29;12.82;NaN;5.64;8.25;NaN;14.40;24.12;29.11;NaN;7.05;22.27;11.75;13.91;16.03;20.55;2.39;7.15;9.67;20.98;13.00;NaN;16.41;14.87;15.36;62.64;8.81;11.62;29.81;30.30;16.50;12.75;15.79;9.15;8.31;31.49;5.30;30.71;36.87;3.60;12.19;13.23
2017.02.17 00:00;16.63;NaN;18.09;28.56;18.24;21.03;11.57;NaN;19.82;NaN;42.85;30.01;12.20;12.31;17.02;19.95;8.20;13.04;23.53;NaN;38.67;10.87;26.80;11.43;8.24;23.56;20.44;21.66;17.79;12.43;20.12;11.16;18.29;12.69;NaN;5.55;8.92;NaN;14.53;23.64;28.65;NaN;7.16;22.26;11.63;13.69;16.48;20.48;2.50;6.93;9.73;20.94;12.93;NaN;16.17;14.63;15.28;61.33;9.16;11.35;29.53;30.34;16.35;13.01;15.96;9.18;8.33;31.15;5.29;30.98;36.79;3.63;12.30;13.98
2017.02.20 00:00;16.57;NaN;17.90;29.02;18.31;21.07;11.35;NaN;23.11;NaN;42.43;30.99;12.21;12.31;16.98;19.67;8.38;13.04;23.51;NaN;39.04;11.03;27.50;11.34;8.43;23.59;20.47;21.67;18.15;12.45;20.67;11.30;18.64;12.82;NaN;5.66;9.75;NaN;14.49;23.67;29.31;NaN;7.26;22.36;11.51;13.63;16.91;20.64;2.69;6.85;9.84;21.18;12.82;NaN;16.52;14.92;15.17;61.43;9.31;11.47;29.32;30.51;16.02;13.09;16.01;9.33;8.18;31.08;5.29;33.12;36.95;3.64;12.30;13.81
2017.02.21 00:00;16.78;NaN;18.36;29.51;18.83;21.50;11.23;NaN;22.63;NaN;41.35;31.03;12.63;12.64;17.02;19.96;8.86;13.19;23.50;NaN;39.41;10.99;27.70;11.50;8.79;23.70;19.77;21.32;18.07;12.56;21.19;11.52;18.89;13.03;NaN;5.77;8.71;NaN;15.10;23.75;29.99;NaN;7.41;22.62;11.48;13.74;16.62;20.92;2.93;6.79;9.97;21.39;12.87;NaN;16.60;15.08;15.24;61.24;9.09;11.54;30.08;30.56;16.59;13.08;15.95;9.18;8.10;31.22;5.25;32.32;36.51;3.82;12.73;13.91
2017.02.22 00:00;16.98;NaN;18.39;29.58;18.95;21.45;10.70;NaN;21.42;NaN;40.49;30.91;12.49;12.31;17.37;19.69;8.66;12.80;23.46;NaN;37.44;10.82;27.86;11.49;8.77;23.78;19.93;20.88;17.90;12.58;20.76;11.48;18.97;12.49;NaN;5.57;9.08;NaN;14.94;23.52;29.75;NaN;7.45;22.68;11.39;13.65;16.64;21.18;2.96;6.31;9.95;21.17;12.97;NaN;16.05;14.72;15.47;58.75;8.73;11.45;30.15;30.13;15.92;13.13;16.05;9.16;8.04;31.22;5.13;31.54;37.17;4.00;12.44;13.54
2017.02.23 00:00;16.84;NaN;17.91;28.94;18.66;21.45;10.56;NaN;20.25;NaN;40.60;29.97;12.19;11.97;16.52;19.28;8.48;12.82;23.44;NaN;36.96;10.43;28.30;11.21;8.59;23.78;20.08;21.14;17.44;12.17;21.15;11.57;19.36;12.21;NaN;5.40;8.85;NaN;15.07;23.46;29.21;NaN;7.35;22.34;11.48;13.39;16.64;21.11;3.14;6.05;9.90;20.71;12.17;NaN;15.94;14.59;15.29;58.91;8.54;11.54;29.50;29.74;16.00;12.70;15.95;9.15;8.04;30.62;4.89;30.16;36.71;3.95;12.19;13.59
2017.02.24 00:00;16.57;NaN;17.46;28.72;18.52;20.94;10.50;NaN;20.38;NaN;40.62;29.31;12.02;11.83;16.60;18.90;8.42;12.70;23.49;NaN;36.22;10.41;28.04;11.00;8.18;23.33;20.18;21.17;17.55;12.22;20.93;11.40;19.20;12.34;NaN;5.54;8.51;NaN;15.92;23.50;29.02;NaN;7.22;22.16;11.29;13.65;16.13;20.28;3.18;6.19;9.94;20.44;12.42;NaN;15.44;14.23;15.17;57.56;8.59;11.26;29.36;29.51;15.50;12.78;15.92;9.10;8.15;29.98;4.79;29.75;36.24;3.94;12.35;13.35
2017.03.01 00:00;16.64;NaN;17.54;29.16;18.36;20.79;10.70;NaN;20.95;NaN;40.00;29.62;12.24;12.24;17.09;19.14;8.43;12.68;23.46;NaN;35.41;10.53;27.78;10.93;8.57;23.47;20.36;20.95;17.66;12.06;21.34;11.43;19.30;12.67;NaN;5.69;9.26;NaN;15.90;23.38;28.93;NaN;7.20;22.13;11.35;13.48;16.37;20.74;3.29;6.23;9.90;20.41;12.61;NaN;15.89;14.55;15.94;56.30;8.50;11.20;29.48;30.08;16.05;12.40;16.51;9.15;8.34;29.52;4.87;30.16;36.27;4.02;12.86;13.57
2017.03.02 00:00;15.99;NaN;17.17;28.89;18.30;21.17;10.50;NaN;19.76;NaN;39.29;29.34;12.13;12.35;16.62;18.95;8.41;12.70;23.42;NaN;35.69;10.20;28.11;10.94;8.25;23.33;19.20;20.31;17.43;11.92;21.41;11.28;19.06;12.45;NaN;5.59;9.02;NaN;15.91;23.44;29.27;NaN;7.12;21.91;11.31;13.50;16.32;20.46;3.03;6.18;9.74;20.40;12.60;NaN;15.33;14.16;15.68;58.14;8.21;11.02;29.11;29.74;15.88;12.63;16.34;9.14;8.42;29.64;4.83;28.61;35.92;4.13;12.84;13.39
2017.03.03 00:00;16.15;NaN;17.26;30.30;18.73;21.66;10.45;NaN;19.88;NaN;40.21;29.00;12.00;12.36;16.70;19.64;8.83;12.63;23.47;NaN;34.87;10.41;28.36;11.13;8.24;23.18;19.78;20.92;17.94;12.06;21.58;11.45;18.61;12.72;NaN;5.76;9.13;NaN;15.96;23.65;29.07;NaN;7.20;22.30;11.18;13.54;16.34;20.69;2.98;6.05;9.90;20.58;12.96;NaN;15.43;14.36;15.44;57.65;8.50;11.33;29.66;30.16;15.95;12.47;16.54;9.30;8.58;30.10;5.04;28.93;36.54;3.89;12.94;13.49
2017.03.06 00:00;16.02;NaN;17.15;30.54;18.55;21.55;10.23;NaN;19.69;NaN;40.60;28.99;11.88;12.31;16.52;19.18;8.74;12.45;23.49;NaN;35.73;10.03;28.99;11.17;8.25;23.34;20.37;21.70;17.81;12.25;21.63;11.49;18.61;12.49;NaN;5.93;9.13;NaN;16.05;23.61;29.44;NaN;7.26;22.22;10.73;13.31;16.86;20.93;2.98;6.03;10.25;20.75;13.02;NaN;15.36;14.16;15.47;57.65;8.64;11.39;29.30;30.20;16.11;11.81;16.63;9.18;8.65;30.43;4.97;28.28;36.49;3.87;12.84;13.33
2017.03.07 00:00;15.62;NaN;16.96;30.17;18.30;21.33;10.29;NaN;19.80;NaN;40.10;27.97;12.08;12.53;16.36;18.78;9.17;12.52;23.50;NaN;34.64;9.82;28.99;11.30;8.14;23.45;19.78;21.10;17.96;12.46;21.44;11.41;18.75;12.41;NaN;6.15;9.35;NaN;16.33;23.50;29.63;NaN;7.15;21.84;10.72;13.25;16.66;20.56;2.83;6.01;10.13;20.73;13.19;NaN;15.36;14.23;15.31;57.31;8.41;11.39;28.91;30.01;16.20;11.56;16.74;9.09;9.03;30.14;4.83;28.11;36.19;3.87;12.50;13.50
2017.03.08 00:00;15.90;NaN;16.83;29.45;17.99;21.06;10.33;NaN;19.42;NaN;40.06;27.69;11.96;12.31;16.06;18.77;8.90;12.31;23.51;NaN;34.50;9.22;28.50;10.96;7.94;23.11;19.36;20.68;18.40;12.14;21.06;11.25;18.48;11.57;NaN;5.69;8.79;NaN;16.09;23.55;29.26;NaN;7.01;21.60;10.86;13.45;15.83;20.38;2.69;5.94;10.12;20.46;13.14;NaN;14.41;13.64;14.74;57.22;8.21;11.31;27.90;29.47;15.98;11.85;16.29;9.11;9.05;30.11;4.62;27.39;35.74;3.86;12.49;13.17
2017.03.09 00:00;16.07;NaN;16.71;29.15;17.83;20.96;10.37;NaN;19.22;NaN;40.80;27.72;11.88;11.68;15.93;18.81;8.56;12.03;23.50;NaN;35.13;9.13;28.63;11.10;7.80;22.51;19.41;20.72;18.78;12.14;20.83;10.87;18.34;11.39;NaN;5.69;8.72;NaN;15.81;23.79;29.34;NaN;6.95;21.66;10.86;13.56;15.54;20.56;2.84;6.06;10.59;20.56;13.08;NaN;14.32;13.59;14.30;55.21;8.06;11.16;27.34;28.13;16.03;12.28;15.99;9.11;8.69;30.37;4.70;27.44;35.93;3.84;12.57;12.83
2017.03.10 00:00;16.07;NaN;17.16;29.26;17.73;21.21;10.22;NaN;18.99;NaN;39.88;27.75;11.96;11.00;16.58;18.70;8.62;12.45;23.48;NaN;34.55;9.36;29.38;11.10;8.28;22.61;19.12;20.32;18.38;12.01;21.29;11.04;17.99;11.35;NaN;5.54;8.98;NaN;16.32;23.96;29.39;NaN;6.98;21.67;10.97;13.60;15.24;20.83;2.62;6.03;10.59;20.76;13.49;NaN;14.30;13.41;14.36;56.01;8.42;11.76;27.07;28.61;15.94;12.31;16.59;9.05;8.78;31.60;4.51;26.96;35.68;3.78;12.68;13.76
2017.03.13 00:00;16.13;NaN;17.36;29.58;17.95;21.11;10.21;NaN;19.69;NaN;39.52;28.27;11.94;11.58;16.50;18.57;9.04;12.40;23.48;NaN;35.41;9.60;29.56;11.43;8.14;23.12;19.06;20.10;18.50;12.44;21.39;10.80;18.57;11.79;NaN;5.66;8.83;NaN;16.82;24.19;30.28;NaN;7.08;22.07;11.21;13.90;15.59;21.40;2.60;5.94;10.70;21.20;13.82;NaN;14.44;13.47;14.55;56.81;8.74;11.76;27.60;29.21;16.36;12.46;16.43;9.28;8.76;31.84;4.58;28.20;35.92;3.92;12.31;13.36
2017.03.14 00:00;15.88;NaN;17.26;29.52;17.80;21.22;10.30;NaN;19.68;NaN;38.31;27.56;11.93;11.66;16.10;18.36;8.67;12.25;23.50;NaN;33.97;9.32;29.48;11.38;7.90;22.84;18.23;19.52;18.18;12.27;21.28;10.58;18.49;11.83;NaN;5.66;8.69;NaN;16.23;24.53;30.38;NaN;7.00;21.85;11.24;13.37;15.34;20.96;2.65;5.74;10.77;20.96;13.86;NaN;13.90;12.74;14.30;54.75;8.66;11.94;27.34;28.32;16.76;12.11;16.09;9.32;8.74;31.83;4.52;28.34;35.87;4.18;12.30;13.14
2017.03.15 00:00;16.07;NaN;17.70;29.76;18.12;21.56;10.12;NaN;20.94;NaN;38.66;28.53;12.36;11.44;16.29;18.86;8.83;12.87;23.53;NaN;34.95;9.92;29.63;11.41;8.00;22.84;18.57;19.96;17.99;12.32;21.35;10.90;19.07;12.45;NaN;5.83;9.28;NaN;16.91;24.67;30.70;NaN;7.18;22.06;11.48;13.21;15.64;21.60;2.69;5.73;11.10;21.29;14.04;NaN;14.27;13.31;14.59;55.87;8.95;12.24;27.60;28.97;16.90;11.65;16.24;9.32;8.96;31.97;4.75;30.30;36.24;4.37;12.37;14.07
2017.03.16 00:00;16.05;NaN;16.82;29.36;18.04;22.06;10.02;NaN;20.42;NaN;40.00;28.69;11.92;11.63;16.48;18.86;9.13;12.92;23.56;NaN;35.05;9.65;29.58;11.39;8.03;23.06;18.13;19.52;18.27;12.17;21.20;10.90;19.22;12.22;NaN;5.65;9.05;NaN;16.77;25.03;31.02;NaN;7.18;21.78;11.57;13.21;15.81;21.43;3.00;5.66;10.85;21.14;13.92;NaN;13.91;12.85;14.94;54.75;8.88;12.75;27.13;29.03;16.76;12.44;15.62;9.54;9.01;32.09;4.57;29.58;36.87;4.13;12.33;14.20
2017.03.17 00:00;15.99;NaN;16.72;28.56;17.48;21.47;9.81;NaN;19.45;NaN;37.10;28.10;11.47;11.43;16.29;19.01;9.12;12.45;23.52;NaN;34.36;9.23;29.24;11.17;7.96;23.31;17.87;19.32;18.11;12.01;21.02;10.79;18.98;11.76;NaN;5.44;8.93;NaN;16.72;25.29;30.86;NaN;7.04;21.15;10.35;13.05;15.39;20.96;2.81;5.55;10.87;20.86;13.87;NaN;13.40;12.34;14.44;54.94;9.00;12.50;26.62;28.60;15.76;12.19;15.62;9.41;9.06;32.30;4.30;28.46;36.18;4.13;12.32;13.54
2017.03.20 00:00;16.39;NaN;16.90;28.51;17.79;21.22;9.08;NaN;19.82;NaN;36.30;28.83;11.57;11.53;16.29;18.85;8.60;12.68;23.54;NaN;34.46;9.51;28.89;11.39;7.88;23.06;18.28;19.56;18.50;11.88;21.03;10.65;18.89;12.04;NaN;5.44;8.51;NaN;16.56;25.44;30.73;NaN;7.03;21.39;10.42;13.31;15.63;21.28;2.99;5.31;11.02;21.04;13.92;NaN;13.71;12.75;14.44;56.34;8.91;12.77;27.03;27.71;15.74;12.65;15.70;9.60;9.20;32.30;4.34;28.76;36.72;4.00;12.48;13.91
2017.03.21 00:00;16.18;NaN;16.87;27.83;17.26;21.05;9.14;NaN;18.13;NaN;35.85;28.05;11.45;11.47;15.97;18.61;7.91;12.25;23.56;NaN;33.10;8.66;28.38;11.10;7.79;22.69;17.62;19.18;17.42;11.77;20.52;10.51;18.50;11.19;NaN;4.94;7.94;NaN;16.16;25.25;30.23;NaN;6.78;20.93;10.38;12.94;15.22;21.03;2.82;5.37;10.57;20.89;13.57;NaN;13.25;12.19;14.32;55.86;8.59;12.42;26.36;27.11;15.60;12.76;15.84;9.46;9.10;32.17;4.02;26.41;36.57;4.11;12.27;13.27
2017.03.22 00:00;16.08;NaN;17.39;28.77;17.33;21.55;9.09;15.43;18.60;NaN;35.58;28.11;11.30;11.56;15.89;18.54;7.74;12.03;23.60;NaN;34.14;8.69;28.11;11.14;7.75;22.73;17.91;19.66;17.36;11.97;20.66;10.58;18.78;11.19;NaN;5.12;8.23;NaN;16.17;24.73;30.00;NaN;6.96;21.10;10.57;12.68;15.32;20.79;2.79;5.50;10.44;20.70;13.38;NaN;13.69;12.81;14.82;55.52;8.75;12.42;25.94;27.82;15.57;12.45;15.81;9.38;8.92;31.93;4.08;26.73;36.53;3.96;11.98;13.14
2017.03.23 00:00;16.20;NaN;17.17;28.77;17.35;21.28;9.43;15.87;18.34;NaN;35.88;28.59;11.52;11.81;16.00;18.94;7.74;11.91;23.56;NaN;33.42;8.58;28.83;11.01;7.58;22.65;17.55;19.42;17.54;11.92;20.38;10.65;18.82;10.91;NaN;4.96;8.10;NaN;16.62;24.76;29.48;NaN;6.90;20.98;10.45;12.55;15.63;20.85;2.89;5.78;10.60;20.56;13.70;NaN;13.68;12.72;14.84;55.95;8.70;12.32;26.25;27.92;15.76;12.52;15.65;9.55;8.94;32.53;4.05;26.59;36.59;3.88;12.13;13.17
2017.03.24 00:00;16.38;NaN;17.18;28.90;17.60;21.23;9.32;16.05;18.28;NaN;35.80;28.61;11.46;11.70;16.35;19.31;8.04;12.01;23.64;NaN;34.16;8.51;28.26;10.80;7.76;22.84;17.86;19.79;17.43;12.08;20.50;10.99;18.26;10.62;NaN;4.76;8.01;NaN;16.33;24.88;29.69;NaN;6.96;21.21;10.57;12.55;15.83;21.73;2.79;5.84;10.57;20.74;13.81;NaN;13.70;12.64;14.94;55.71;8.55;12.32;26.23;28.27;15.89;12.22;15.88;9.56;8.98;32.79;3.93;26.37;36.79;4.02;12.33;13.27
2017.03.27 00:00;16.52;NaN;17.15;28.99;17.75;20.76;9.88;15.83;18.68;NaN;37.09;29.26;11.28;11.61;16.52;19.53;8.30;11.98;23.72;NaN;34.33;8.85;27.99;10.97;7.86;22.67;16.89;18.89;17.27;12.10;20.50;10.89;18.57;10.49;NaN;4.80;8.36;NaN;16.18;25.08;30.14;NaN;7.03;21.36;10.38;12.08;15.79;21.38;2.78;5.95;10.54;20.84;13.82;NaN;13.96;12.91;15.09;55.58;8.55;12.35;26.16;28.36;15.83;12.02;15.95;9.51;8.84;33.15;4.27;26.72;36.65;3.76;12.45;13.33
2017.03.28 00:00;16.66;NaN;17.14;28.81;17.85;20.96;10.03;16.53;19.05;NaN;38.65;28.78;11.42;11.58;16.35;19.62;8.17;12.26;23.72;NaN;35.42;8.45;28.11;11.10;7.92;22.41;16.28;18.68;17.42;12.18;20.41;10.91;18.64;10.48;NaN;4.77;8.27;NaN;16.01;25.04;30.31;NaN;6.98;21.29;10.18;12.61;16.17;21.77;2.70;5.86;10.30;21.06;13.77;NaN;14.20;13.08;15.17;58.09;8.55;12.32;24.22;28.77;15.59;12.15;16.22;9.42;8.83;33.22;4.22;27.11;36.69;3.58;12.63;13.58
2017.03.29 00:00;16.89;NaN;17.77;29.86;18.22;21.50;9.82;16.93;19.30;NaN;38.87;29.18;11.64;11.72;16.60;19.60;8.15;12.35;23.79;NaN;35.32;8.43;29.00;11.04;7.83;22.58;16.10;18.56;17.25;12.19;20.38;11.01;18.82;10.54;NaN;4.84;8.23;NaN;16.55;25.16;30.72;NaN;7.04;21.61;10.11;12.81;16.18;22.21;2.76;5.84;10.63;21.15;13.92;NaN;14.66;13.55;15.55;57.70;8.53;12.31;23.65;29.21;15.87;11.85;16.46;9.43;8.60;33.69;4.31;27.38;37.02;3.58;12.80;13.57
2017.03.30 00:00;16.97;NaN;17.80;29.66;18.10;21.55;9.58;16.20;19.12;NaN;38.54;28.59;11.48;11.77;16.73;19.55;8.08;12.34;23.77;NaN;34.78;7.99;28.48;11.24;7.87;22.33;16.16;18.59;17.16;12.45;20.66;11.11;18.89;10.20;NaN;4.71;8.19;NaN;16.18;25.39;30.67;NaN;6.96;21.35;9.94;13.03;16.15;22.14;2.77;5.71;10.47;21.19;14.01;NaN;14.60;13.55;15.67;57.61;8.55;12.25;24.09;29.10;15.66;11.90;16.49;9.42;8.76;33.57;4.29;27.37;37.07;3.70;12.79;13.87
2017.03.31 00:00;16.94;NaN;17.71;29.39;17.96;21.36;9.49;16.31;19.03;NaN;38.61;28.78;11.67;12.17;16.56;19.74;8.13;12.41;23.70;NaN;35.28;7.91;28.40;11.21;8.22;22.31;16.05;19.00;17.06;12.41;21.03;11.26;18.96;10.38;NaN;4.68;8.37;NaN;16.43;25.16;30.61;NaN;6.85;21.00;9.85;13.34;16.09;22.13;2.71;5.65;10.24;21.08;14.14;NaN;14.65;13.58;15.90;56.99;8.55;12.22;23.63;29.25;15.60;12.59;16.60;9.42;8.92;33.28;4.31;27.09;36.99;3.66;12.76;14.14
2017.04.03 00:00;16.72;NaN;17.86;29.48;18.05;21.37;9.51;16.74;18.43;NaN;38.89;28.93;11.63;12.31;16.59;20.29;8.07;12.40;23.72;NaN;35.32;7.79;28.25;11.15;8.17;22.39;16.15;18.81;16.69;12.55;21.03;11.16;18.70;10.23;NaN;4.56;8.64;NaN;16.24;25.26;30.74;NaN;6.91;21.35;9.81;13.23;15.98;22.08;2.80;5.64;10.33;21.26;14.02;NaN;14.82;13.75;15.71;57.14;8.87;12.32;23.66;30.07;15.83;12.98;16.75;9.50;9.02;33.43;4.24;26.83;37.09;3.62;12.82;13.85
2017.04.04 00:00;16.82;NaN;18.08;29.59;18.18;21.40;9.70;16.48;19.29;NaN;38.70;29.81;11.63;12.36;16.42;20.97;7.82;12.34;23.74;NaN;34.70;8.07;28.40;11.27;8.18;22.64;16.06;18.55;16.82;12.54;20.92;11.30;18.82;10.39;NaN;4.62;8.87;NaN;16.64;25.19;30.77;NaN;7.00;21.46;9.68;13.52;15.84;22.16;2.81;5.71;10.54;21.39;13.93;NaN;14.92;13.92;15.76;57.27;8.96;12.61;23.52;30.29;16.02;13.24;16.76;9.67;9.07;33.35;4.19;27.87;36.37;3.79;12.93;13.72
2017.04.05 00:00;16.61;NaN;17.89;29.09;17.81;21.04;9.70;16.22;18.56;NaN;38.60;29.53;11.56;12.24;16.38;20.36;7.74;12.43;23.72;NaN;34.49;7.68;28.35;11.20;8.24;22.37;15.49;18.20;16.53;12.29;21.21;11.37;19.31;10.15;NaN;4.44;9.30;NaN;16.45;25.20;30.98;NaN;6.92;21.07;9.42;13.10;15.72;22.57;2.86;5.64;10.25;21.62;14.04;NaN;14.83;13.66;15.55;58.48;8.72;12.73;22.33;30.64;16.08;13.05;16.62;9.52;9.03;33.24;3.99;26.78;36.47;3.77;12.85;13.97
2017.04.06 00:00;16.70;NaN;17.58;28.41;17.62;20.98;9.79;16.39;18.04;NaN;37.95;29.68;11.42;12.05;16.15;19.86;7.65;12.83;23.73;NaN;34.47;7.52;28.47;11.10;8.19;22.12;14.99;17.77;16.98;12.06;21.05;11.27;19.04;9.98;NaN;4.27;9.22;NaN;16.18;25.31;30.74;NaN;6.83;20.90;9.17;13.12;15.63;22.44;2.88;5.62;10.49;21.27;14.38;NaN;14.78;13.62;15.74;58.53;8.60;12.60;21.48;29.81;15.99;12.83;16.35;9.48;9.03;33.22;3.83;26.29;36.33;3.63;12.84;14.43
2017.04.07 00:00;16.77;NaN;17.87;28.29;17.66;21.20;9.84;16.47;17.96;NaN;37.78;30.19;11.36;12.01;16.37;20.21;7.73;12.72;23.75;NaN;35.13;7.59;28.58;11.01;8.34;22.08;14.80;17.49;17.02;12.37;21.16;11.20;19.56;10.05;NaN;4.28;9.23;NaN;16.88;25.24;30.88;NaN;6.86;21.06;9.55;13.16;15.88;22.60;2.87;5.62;10.66;21.30;14.64;NaN;14.87;13.78;15.87;59.31;8.75;12.73;21.47;30.25;15.71;12.68;16.25;9.34;8.98;33.29;3.90;26.51;36.14;3.78;12.50;14.25
2017.04.10 00:00;16.72;NaN;17.73;28.54;17.77;20.78;9.90;16.40;17.81;NaN;37.52;30.08;11.34;11.88;16.38;20.16;7.56;12.88;23.73;NaN;35.22;7.34;27.96;11.19;8.33;22.09;14.44;17.00;16.69;12.35;21.21;11.35;19.52;9.86;NaN;4.23;9.69;NaN;17.37;25.37;30.79;NaN;6.89;21.02;9.72;13.25;15.88;22.99;2.83;5.61;10.72;21.26;14.70;NaN;15.12;14.01;15.42;59.52;8.81;12.61;21.17;29.45;15.66;12.61;16.44;9.37;8.95;33.30;3.94;26.40;36.08;3.73;12.46;14.48
2017.04.11 00:00;16.37;22.39;17.57;28.57;17.82;21.01;9.78;16.40;17.48;NaN;38.50;30.30;11.42;11.62;16.13;20.01;7.78;12.77;23.71;NaN;34.94;7.29;28.11;11.13;8.51;22.05;14.79;17.53;16.51;12.22;21.30;11.39;19.50;9.56;NaN;4.10;10.34;NaN;17.45;26.09;30.75;NaN;6.92;20.98;10.08;13.23;15.86;22.83;2.87;5.53;10.67;21.28;14.82;NaN;14.75;13.76;15.44;59.51;8.89;12.69;21.23;29.93;15.61;12.41;16.67;9.37;9.03;32.61;3.86;26.06;36.34;3.97;12.35;14.36
2017.04.12 00:00;16.41;22.95;17.50;28.10;17.64;20.79;9.87;15.43;16.44;NaN;39.42;29.64;11.36;11.70;16.40;20.33;7.48;12.85;23.69;NaN;35.32;6.65;28.23;11.04;8.46;21.87;14.94;17.34;16.35;12.04;21.07;11.33;19.28;9.07;NaN;3.93;9.92;NaN;17.37;25.44;30.79;NaN;6.89;20.96;9.80;13.30;15.63;23.10;2.75;5.68;10.60;21.30;14.76;NaN;14.69;13.73;15.27;60.24;8.85;12.82;20.85;30.16;15.50;12.30;16.77;9.46;9.00;32.56;3.68;24.93;36.43;3.98;12.39;14.69
2017.04.13 00:00;16.50;22.98;17.00;26.63;17.10;20.55;9.95;15.00;16.52;NaN;39.50;29.00;11.36;11.83;15.92;20.35;7.10;12.64;23.66;NaN;34.68;6.43;28.76;11.18;8.36;21.45;14.38;16.89;15.50;11.88;21.08;11.30;19.15;9.00;NaN;3.92;9.67;NaN;17.53;25.51;30.79;NaN;6.71;20.57;9.84;12.93;15.38;23.08;2.63;5.62;10.52;20.96;14.63;NaN;14.03;13.20;15.21;60.04;8.61;12.79;20.31;29.50;15.44;12.01;16.56;9.60;9.01;32.58;3.59;24.93;35.86;4.23;12.30;14.02
2017.04.17 00:00;16.78;22.84;17.95;27.87;17.87;21.28;10.00;16.39;16.77;NaN;39.80;28.18;11.65;12.11;16.24;20.50;7.40;13.14;23.72;NaN;34.83;6.64;29.93;11.45;8.50;21.92;14.58;17.13;15.82;12.15;21.26;11.25;20.04;9.17;NaN;4.06;10.02;NaN;17.21;25.83;31.62;NaN;6.89;21.49;9.98;13.02;15.78;23.41;2.90;5.78;11.07;21.35;15.06;NaN;14.17;13.39;15.21;60.32;8.85;13.17;20.82;29.96;16.04;11.83;16.65;9.55;9.08;33.17;3.88;24.94;36.67;4.23;12.55;14.88
2017.04.18 00:00;16.87;23.90;18.09;28.14;17.76;21.21;9.95;15.78;16.33;NaN;40.61;28.69;11.70;12.76;16.04;20.70;7.43;13.22;23.74;NaN;34.23;6.35;30.02;11.27;8.54;21.95;14.65;17.03;15.53;12.03;20.93;11.18;20.07;8.93;NaN;3.88;10.20;NaN;17.00;25.78;31.63;NaN;6.95;21.42;9.84;13.12;15.94;23.60;3.01;6.01;10.98;21.50;14.94;NaN;13.99;13.22;16.02;61.39;8.94;12.89;21.52;30.15;15.79;12.16;16.86;9.59;9.06;32.93;3.85;24.20;37.02;4.18;12.41;14.79
2017.04.19 00:00;16.81;23.91;17.73;27.11;17.58;20.82;9.86;15.75;16.14;NaN;40.31;28.13;11.28;13.12;15.79;20.66;7.35;13.11;23.77;NaN;33.32;6.17;29.89;10.99;8.48;21.64;14.33;16.87;15.41;11.89;20.59;10.98;19.94;8.86;NaN;3.89;9.94;NaN;17.00;25.69;31.16;NaN;6.83;21.23;9.80;13.09;15.74;22.88;3.15;5.94;10.68;21.03;14.86;NaN;13.59;12.75;16.43;60.61;8.85;12.85;21.45;30.20;15.76;12.11;17.11;9.66;9.13;32.60;3.85;24.25;37.21;4.37;12.30;14.79
2017.04.20 00:00;16.70;23.85;17.58;27.33;17.28;21.23;9.75;15.69;17.02;NaN;40.65;28.87;11.26;13.29;15.89;20.69;7.49;13.32;23.75;NaN;32.89;6.48;29.78;11.18;8.50;21.73;14.72;17.49;15.40;11.98;21.02;11.09;20.21;9.10;NaN;4.01;10.04;NaN;17.03;25.41;31.44;NaN;6.78;20.92;9.69;13.31;16.13;23.23;3.28;6.30;11.00;21.29;14.86;NaN;13.80;13.01;16.44;60.40;8.69;12.88;21.68;28.52;15.85;12.34;16.97;9.81;9.01;32.70;3.92;25.51;37.50;4.33;12.42;15.14
2017.04.24 00:00;16.75;24.19;17.46;28.11;17.60;21.17;9.81;16.49;17.23;NaN;40.65;29.73;11.28;13.56;16.00;20.85;7.41;13.38;23.79;NaN;33.22;6.41;29.35;10.96;8.41;21.76;15.01;17.82;15.34;11.66;20.44;11.03;20.17;9.20;NaN;4.09;10.18;NaN;17.51;26.39;31.02;NaN;6.94;21.32;9.89;13.56;16.38;23.44;3.21;6.35;10.94;21.33;15.35;NaN;13.92;13.15;17.01;62.17;8.62;13.03;21.95;28.12;15.91;12.40;16.35;9.68;9.15;33.07;3.91;25.66;37.04;4.28;12.57;15.14
2017.04.25 00:00;17.02;24.09;17.59;28.29;17.76;21.38;10.01;16.57;17.92;NaN;39.94;30.30;11.65;13.71;15.92;20.73;7.38;13.74;23.82;NaN;33.59;6.62;29.14;11.28;8.49;21.92;15.97;18.99;15.19;12.01;20.56;11.07;21.06;9.38;NaN;4.17;10.12;NaN;17.46;26.08;31.68;NaN;6.96;21.46;10.10;13.83;16.42;23.50;3.21;6.76;11.26;21.63;15.42;NaN;14.20;13.44;16.76;64.01;8.60;12.91;22.39;27.41;15.94;12.42;16.75;9.82;9.02;33.39;3.93;26.50;38.16;4.18;12.65;15.55
2017.04.26 00:00;16.92;23.93;17.53;27.95;18.06;21.48;10.16;16.66;17.56;NaN;39.45;30.36;11.36;13.59;15.95;20.38;7.01;13.85;23.83;NaN;32.53;6.90;29.72;11.11;8.39;21.81;16.11;19.10;15.15;11.89;20.61;11.05;20.64;9.35;NaN;4.21;9.95;NaN;17.30;26.30;31.66;NaN;6.94;21.50;10.08;13.96;16.47;22.99;3.25;6.82;11.15;21.31;15.21;NaN;13.95;13.12;16.86;64.74;8.58;12.90;22.70;27.83;15.97;12.59;16.67;9.81;8.95;33.00;4.15;25.92;38.25;4.18;13.09;15.77
2017.04.27 00:00;16.91;23.72;17.40;28.34;18.58;21.23;10.06;16.75;17.03;NaN;39.20;30.59;11.20;13.10;15.96;20.28;6.76;13.80;23.86;NaN;32.41;6.60;29.57;10.98;8.34;21.66;16.11;19.11;14.98;12.02;20.82;11.00;21.18;9.22;NaN;4.15;9.93;NaN;17.37;26.13;31.08;NaN;7.02;21.62;10.10;13.97;16.31;23.10;3.41;6.81;11.11;21.24;14.68;NaN;13.73;12.87;16.96;64.11;8.68;13.44;22.86;27.05;15.71;12.48;16.85;9.71;8.86;32.78;4.03;25.08;38.07;4.18;12.91;15.85
2017.04.28 00:00;16.96;23.95;17.45;28.59;18.54;21.87;10.10;16.97;17.68;NaN;39.79;30.95;11.32;13.18;16.43;20.16;6.99;13.97;23.91;NaN;33.69;6.73;30.43;11.18;8.59;21.45;16.96;19.71;15.18;11.94;21.07;11.12;23.53;9.34;NaN;4.35;10.08;NaN;20.13;26.14;31.59;NaN;7.13;21.76;9.91;13.97;16.56;23.64;3.43;7.15;11.37;21.52;14.75;NaN;13.89;13.10;17.40;65.52;8.73;13.87;23.43;27.12;15.70;12.74;16.64;9.63;8.95;32.73;4.14;25.68;38.50;4.32;12.98;16.16
2017.05.02 00:00;17.25;25.39;17.95;29.50;19.04;21.83;10.29;17.54;18.08;NaN;41.80;31.21;11.34;13.98;16.72;20.33;7.32;14.31;23.94;NaN;34.24;6.89;30.69;11.52;8.62;21.88;16.89;19.59;14.59;12.33;21.67;11.14;24.01;9.58;NaN;4.45;10.73;NaN;21.03;26.41;31.73;NaN;7.27;22.21;10.70;14.14;17.78;24.06;3.52;7.31;11.36;21.68;15.26;NaN;13.89;13.11;17.64;67.32;9.27;13.97;24.22;27.66;16.25;12.82;16.95;9.76;9.12;33.44;4.28;26.23;39.18;4.48;13.33;16.50
2017.05.03 00:00;17.24;25.49;17.91;29.40;19.03;21.75;10.63;17.26;17.06;NaN;42.09;31.21;11.24;14.19;16.44;19.20;7.60;14.48;23.91;NaN;33.44;6.60;31.08;11.54;8.64;21.94;16.59;19.29;15.11;12.01;21.30;11.04;24.14;9.11;NaN;4.27;10.74;NaN;20.89;26.41;32.08;NaN;7.20;21.84;10.66;14.23;17.73;24.12;3.54;7.22;11.44;21.70;15.49;NaN;13.98;13.27;17.82;67.17;9.38;14.17;23.17;28.17;16.01;12.74;16.68;9.56;9.15;33.46;4.12;24.61;38.25;4.95;13.67;16.77
2017.05.04 00:00;17.68;26.25;17.72;28.17;18.75;21.26;10.49;16.31;16.26;NaN;41.60;30.58;11.18;13.79;16.19;19.38;7.18;14.30;23.89;NaN;32.27;6.15;30.58;11.38;8.62;21.72;15.65;18.54;14.97;11.65;21.16;10.73;24.35;8.91;NaN;3.99;10.54;NaN;21.14;25.91;31.76;NaN;7.03;21.13;10.31;14.06;17.31;24.04;3.49;7.07;11.09;21.76;15.40;NaN;13.60;12.75;17.71;66.05;9.20;13.86;22.70;27.61;15.94;12.54;16.49;9.46;9.94;34.44;3.90;23.70;37.49;4.97;13.40;16.68
2017.05.05 00:00;17.56;26.59;17.86;28.82;18.77;21.34;10.51;16.80;16.69;NaN;42.10;30.79;11.80;14.19;16.11;19.52;7.16;14.47;23.91;NaN;32.84;6.43;30.63;11.14;8.55;21.71;15.49;18.32;14.90;11.79;21.44;10.94;25.70;8.88;NaN;4.01;10.74;NaN;20.83;26.00;32.29;NaN;7.22;21.46;10.37;14.36;17.21;23.83;3.98;7.34;10.91;21.84;15.52;NaN;14.32;13.32;17.84;66.36;9.23;14.08;23.85;27.86;16.40;12.86;16.65;9.48;9.76;34.38;4.06;24.35;38.20;4.72;13.56;16.86
2017.05.08 00:00;17.55;25.99;17.81;28.10;18.76;21.85;10.57;16.74;16.39;NaN;42.53;30.79;11.58;14.02;16.24;19.62;7.02;14.25;23.90;NaN;33.80;6.22;31.19;10.91;8.51;21.58;14.99;17.50;14.92;11.81;21.77;10.83;25.32;8.76;NaN;3.97;11.21;NaN;21.20;26.26;32.41;NaN;7.21;21.51;10.36;14.29;17.06;23.95;4.04;7.18;10.72;21.95;15.76;NaN;14.24;13.20;18.27;65.81;9.28;14.32;23.56;27.39;16.43;12.85;17.02;9.48;9.49;34.34;3.98;24.34;38.27;4.68;13.56;16.44
2017.05.09 00:00;17.60;25.79;17.89;28.20;18.92;22.07;10.50;16.50;16.71;NaN;43.43;31.56;12.02;14.26;16.70;20.03;7.09;14.48;23.90;NaN;34.45;6.43;31.52;11.16;9.04;21.48;15.50;17.75;15.25;12.02;21.77;10.77;25.85;9.12;NaN;4.13;11.29;NaN;21.28;26.57;32.85;NaN;7.23;21.57;10.70;14.30;17.05;24.72;4.17;7.43;10.80;21.87;16.29;NaN;14.39;13.26;19.15;67.03;9.70;14.35;23.66;28.26;16.55;13.08;17.46;9.62;9.28;34.35;4.07;24.77;38.35;5.07;13.78;16.59
2017.05.10 00:00;17.83;25.68;18.28;29.03;19.21;22.23;10.50;16.83;16.69;NaN;44.96;31.36;12.39;14.97;16.89;20.35;7.00;14.90;23.90;NaN;35.07;6.57;31.83;11.34;9.22;21.66;15.10;18.07;15.55;12.09;21.83;10.33;26.06;9.35;NaN;4.29;10.66;NaN;21.37;27.21;33.43;NaN;7.28;21.67;11.09;14.09;17.70;25.81;4.31;7.82;11.01;22.19;17.28;NaN;14.85;13.81;19.05;68.04;9.70;14.92;23.86;28.14;16.39;12.59;17.60;9.71;9.50;35.20;4.18;24.83;39.17;4.96;14.17;16.88
2017.05.11 00:00;18.14;25.24;18.37;29.93;19.32;22.26;10.50;16.23;16.66;NaN;44.30;30.93;12.59;14.78;16.84;20.19;6.97;14.67;23.90;NaN;34.53;6.52;31.13;11.51;9.23;21.50;16.38;19.22;15.60;12.07;22.82;10.19;26.17;9.50;NaN;4.39;10.39;NaN;21.33;27.36;33.90;NaN;7.40;22.04;10.95;14.00;17.43;25.77;4.05;7.55;10.74;22.57;16.97;NaN;14.82;13.89;19.52;67.20;9.91;14.69;23.73;27.75;16.63;12.21;17.70;9.55;9.81;34.76;4.16;24.61;38.71;4.98;14.41;16.59
2017.05.12 00:00;18.29;25.24;18.49;30.80;19.52;22.80;10.40;16.22;16.14;NaN;45.24;30.80;12.39;13.15;17.21;20.14;7.23;14.75;23.93;NaN;34.96;6.31;31.61;11.44;9.45;21.72;16.43;19.51;15.62;12.17;22.92;10.22;26.26;9.17;NaN;4.19;10.30;NaN;21.84;27.16;33.80;NaN;7.43;22.25;10.63;14.03;16.86;25.81;4.07;7.62;10.67;22.61;17.18;NaN;15.41;14.48;21.14;67.70;9.92;14.75;24.59;28.70;17.01;12.58;17.76;9.69;9.47;35.18;4.02;24.22;39.47;4.93;14.68;16.73
2017.05.15 00:00;18.34;25.67;18.71;30.25;19.55;22.68;10.06;15.87;16.52;NaN;44.31;30.14;12.33;12.72;17.63;19.82;7.20;14.69;23.96;NaN;35.39;6.69;31.03;11.25;9.65;21.88;16.01;19.48;15.78;12.23;22.88;10.43;26.16;9.51;NaN;4.37;10.27;NaN;21.93;27.26;33.74;NaN;7.43;22.35;10.45;14.16;16.81;25.50;4.19;7.29;10.84;22.58;17.14;NaN;15.66;14.70;20.97;68.19;10.13;14.70;24.87;28.03;17.06;12.41;17.74;9.71;9.69;35.29;4.26;24.91;38.89;4.73;14.97;16.68
2017.05.16 00:00;18.41;26.29;18.95;30.25;19.58;23.15;9.85;15.42;16.84;NaN;42.85;29.69;12.62;13.20;17.66;19.67;7.17;14.88;24.03;NaN;36.48;6.77;32.30;11.53;9.95;22.00;15.45;18.70;15.60;12.19;22.23;10.60;26.12;9.86;NaN;4.59;10.13;NaN;22.12;27.32;34.28;NaN;7.40;22.32;9.55;14.16;16.79;25.59;4.34;7.10;10.66;23.14;17.20;NaN;15.66;14.72;22.11;67.86;10.47;14.72;24.41;29.94;16.71;12.48;18.05;9.65;9.77;35.55;4.37;25.49;39.18;4.58;14.30;16.84
2017.05.17 00:00;18.24;26.49;18.82;29.43;19.19;22.75;9.51;15.43;16.44;NaN;41.70;28.88;12.73;12.94;17.22;19.24;7.13;14.86;24.05;NaN;35.92;6.50;32.17;11.28;9.84;21.77;14.91;18.14;14.82;12.01;21.91;10.39;25.92;9.75;NaN;4.49;9.68;NaN;21.89;26.82;34.23;NaN;7.26;21.86;9.20;14.06;16.73;25.31;4.31;6.81;10.58;22.73;16.59;NaN;15.57;14.63;22.23;67.22;10.33;14.38;23.95;29.08;16.73;12.38;17.89;9.51;9.81;35.08;4.27;25.09;38.39;4.52;14.06;16.64
2017.05.18 00:00;17.46;22.71;17.23;23.57;16.68;20.43;9.65;15.69;16.30;NaN;40.94;28.79;10.89;11.50;14.76;18.32;5.67;13.63;23.96;NaN;32.91;5.59;29.16;9.45;8.39;20.63;11.78;15.06;15.22;11.08;19.59;9.84;25.12;8.58;NaN;3.72;7.74;NaN;19.27;25.15;29.51;NaN;6.56;19.23;8.31;14.29;14.16;23.35;3.61;6.44;9.70;19.90;14.99;NaN;13.80;12.33;20.08;65.24;8.58;13.37;21.28;26.68;16.56;13.60;16.87;9.07;9.39;33.42;3.58;25.11;36.60;4.39;13.67;14.51
2017.05.19 00:00;17.30;22.99;17.58;24.35;16.95;20.90;9.45;15.87;16.54;NaN;40.45;28.48;10.95;12.11;15.41;18.98;5.93;13.99;24.01;NaN;33.34;5.99;29.10;9.73;9.01;21.07;12.07;14.97;14.97;11.45;20.11;9.96;25.63;9.11;NaN;4.18;8.03;NaN;19.93;25.66;30.49;NaN;6.60;19.73;8.44;14.17;14.21;23.66;3.82;6.42;9.93;20.32;15.60;NaN;13.94;12.77;21.08;65.37;8.87;13.24;21.77;26.59;16.17;13.76;17.31;8.79;9.47;34.06;3.79;25.48;37.40;3.98;13.86;15.80
2017.05.22 00:00;17.25;22.19;17.00;23.22;16.47;20.71;10.05;16.13;16.63;NaN;42.90;28.61;10.43;12.36;14.81;18.82;5.75;13.87;23.91;NaN;32.42;6.01;27.62;9.12;8.46;20.91;11.64;14.47;16.02;11.25;19.65;9.83;24.38;8.96;NaN;4.03;7.25;NaN;19.18;25.37;29.23;NaN;6.42;19.34;5.79;14.61;13.78;22.41;3.41;6.51;9.56;19.23;14.99;NaN;13.84;12.56;20.75;63.72;7.90;12.69;21.48;25.53;17.07;14.62;16.94;8.87;9.31;34.07;3.78;26.10;36.98;4.10;13.88;15.39
2017.05.23 00:00;17.55;22.03;17.12;23.75;16.58;21.33;10.51;16.75;16.69;NaN;43.98;29.64;10.57;12.80;15.15;19.19;5.99;13.95;23.92;NaN;33.19;6.07;28.40;9.19;8.51;20.94;12.26;15.02;15.79;11.41;19.86;10.08;25.95;9.38;NaN;4.29;7.27;NaN;19.62;26.00;29.99;NaN;6.50;19.65;6.35;15.05;14.20;23.39;3.72;6.46;9.67;20.12;15.49;NaN;13.95;12.65;21.48;64.35;7.99;13.05;21.97;26.26;17.62;14.49;17.12;8.94;9.39;34.78;3.90;26.42;37.07;3.98;13.97;15.69
2017.05.24 00:00;17.52;23.94;17.32;24.17;16.77;21.82;10.45;16.35;16.44;NaN;44.75;29.58;11.04;12.71;15.69;19.56;6.14;14.05;23.93;NaN;33.48;5.98;29.39;9.61;8.90;21.15;13.08;16.19;16.18;11.60;20.09;10.33;25.73;9.20;NaN;4.22;7.87;NaN;20.17;26.08;30.61;NaN;6.50;19.81;6.49;14.74;14.32;24.10;3.84;6.20;9.69;20.73;15.94;NaN;14.32;13.07;21.90;64.99;8.57;13.50;22.09;26.99;17.23;14.10;17.15;9.00;9.44;34.81;3.93;25.73;36.88;3.83;13.74;15.87
2017.05.25 00:00;17.57;25.10;17.07;24.27;16.65;21.70;10.90;16.40;16.54;NaN;45.97;30.21;11.02;12.89;15.41;19.66;6.08;14.01;24.02;NaN;33.81;6.04;29.48;9.22;8.57;21.07;12.85;15.67;16.56;11.82;20.24;10.56;25.71;9.09;NaN;4.21;7.95;NaN;19.97;26.26;29.98;NaN;6.34;19.44;7.95;15.49;14.24;23.66;3.82;6.23;9.71;20.44;15.84;NaN;13.99;12.88;21.93;65.57;8.72;13.36;21.50;26.63;16.91;14.89;17.03;9.23;9.39;35.06;3.95;25.90;37.33;3.84;13.94;15.96
2017.05.26 00:00;17.68;25.20;17.61;25.27;17.04;21.77;10.85;16.40;16.75;NaN;46.55;30.45;11.32;13.10;15.79;19.89;6.27;14.13;24.14;NaN;34.05;6.06;30.73;9.34;8.58;21.27;13.32;16.14;16.29;11.92;20.82;10.45;26.09;9.10;NaN;4.20;7.93;NaN;20.57;26.08;30.78;NaN;6.47;19.96;7.47;15.18;14.68;23.87;3.92;6.27;9.88;20.63;16.43;NaN;14.07;12.82;22.52;68.77;8.78;13.51;22.11;27.14;17.30;15.07;17.47;9.39;9.66;35.43;3.94;26.05;37.90;3.80;14.11;16.17
2017.05.29 00:00;17.54;24.80;17.52;25.10;16.87;21.66;10.71;16.53;17.26;NaN;46.02;30.58;11.32;12.88;15.57;19.41;6.23;13.96;24.16;NaN;34.43;6.24;30.83;9.54;8.60;21.14;13.14;16.28;16.11;11.73;20.67;10.40;25.94;9.35;NaN;4.26;7.88;NaN;20.07;26.15;30.79;NaN;6.45;19.86;7.46;15.27;14.79;23.35;3.97;6.26;9.77;20.67;16.19;NaN;13.89;12.72;22.43;68.77;8.65;13.57;21.97;26.77;17.20;15.37;17.46;9.21;9.66;35.10;3.97;26.23;37.55;3.82;13.90;16.00
2017.05.30 00:00;17.45;24.84;17.45;25.39;17.13;21.72;10.91;16.53;17.73;NaN;45.25;30.82;11.22;12.76;15.68;19.75;6.28;13.93;24.22;NaN;34.09;6.24;30.48;9.46;8.59;21.31;13.14;15.93;16.45;12.01;21.09;10.47;25.66;9.47;NaN;4.30;8.03;NaN;20.25;26.38;30.57;NaN;6.51;19.92;7.17;15.24;14.64;23.65;4.00;6.25;9.70;20.59;16.36;NaN;13.70;12.52;22.38;70.12;8.56;13.37;22.15;26.95;17.08;15.14;17.73;9.22;9.84;35.08;3.97;26.74;37.89;3.85;14.33;15.96
2017.05.31 00:00;17.38;23.58;16.97;24.82;16.81;21.29;10.92;16.74;17.03;NaN;43.32;30.03;11.16;12.44;15.39;19.08;6.18;13.66;24.18;NaN;33.56;5.96;29.64;9.12;8.45;21.33;12.91;15.85;15.82;11.87;20.84;10.33;25.44;9.09;NaN;4.22;7.83;NaN;20.25;25.65;30.28;NaN;6.45;19.71;7.82;14.83;14.36;23.19;3.86;6.24;9.42;20.38;15.88;NaN;13.17;12.15;22.06;69.94;8.48;13.39;21.84;26.87;16.69;14.98;17.16;9.31;9.72;34.78;3.86;25.40;38.10;3.65;13.93;15.77
2017.06.01 00:00;17.23;22.99;17.08;24.55;16.72;21.84;10.60;16.75;16.36;NaN;42.85;30.40;11.03;12.41;15.12;18.85;6.03;13.52;24.18;NaN;34.04;5.81;29.50;9.12;8.48;21.46;12.39;15.13;15.80;12.01;20.94;10.16;25.61;9.07;NaN;4.09;7.68;NaN;19.92;25.82;30.10;NaN;6.32;19.49;7.59;15.00;14.09;23.25;3.81;6.18;9.45;20.31;16.04;NaN;13.10;12.02;22.15;70.26;8.26;13.54;21.30;27.29;16.90;15.18;16.93;9.11;9.57;35.55;3.79;24.93;38.31;3.67;14.03;15.59
2017.06.02 00:00;17.25;23.15;17.18;24.59;16.49;22.17;10.97;16.58;16.21;NaN;42.50;30.51;10.92;12.37;15.38;19.24;6.19;13.29;24.19;NaN;33.54;5.86;30.29;9.23;8.67;21.47;12.44;15.25;16.05;12.19;21.44;10.19;25.95;9.11;NaN;4.13;7.65;NaN;19.55;25.69;30.33;NaN;6.36;19.69;7.36;14.88;14.24;23.61;3.71;6.18;9.56;20.37;16.02;NaN;13.29;12.23;22.54;70.22;8.18;13.61;21.44;26.96;16.81;15.09;16.89;9.22;9.52;36.20;3.85;25.04;38.44;3.69;13.93;15.50
2017.06.05 00:00;17.57;23.59;17.18;24.17;16.48;22.21;11.26;16.58;15.96;NaN;43.00;31.31;11.01;12.51;15.08;19.06;6.21;12.86;24.20;NaN;32.16;5.75;30.47;8.95;8.51;21.31;12.21;15.52;15.89;12.10;20.98;10.31;25.68;8.99;NaN;4.07;7.55;NaN;19.64;25.66;30.14;NaN;6.33;19.66;7.06;15.24;14.19;23.66;3.64;6.34;9.42;20.30;16.12;NaN;13.52;12.36;22.68;70.46;7.88;13.36;22.04;27.06;16.86;15.57;16.59;9.26;9.31;36.29;3.82;24.77;38.16;3.80;13.85;14.41
2017.06.06 00:00;17.71;23.46;17.09;24.86;16.70;21.95;11.81;14.78;16.24;NaN;43.42;30.86;11.46;12.52;15.21;18.77;6.32;13.17;24.20;NaN;32.04;5.73;30.93;9.24;8.63;21.31;12.49;16.34;15.68;12.22;20.69;10.17;26.08;9.02;NaN;4.16;7.88;NaN;19.96;25.61;30.71;NaN;6.42;19.98;7.65;14.98;14.41;23.78;3.64;6.57;9.61;20.62;16.01;NaN;13.53;12.36;23.03;72.48;7.78;13.43;22.11;27.63;16.83;15.19;16.93;9.19;9.36;36.84;3.87;24.85;37.97;3.99;13.75;15.01
2017.06.07 00:00;17.50;23.56;17.28;25.16;16.96;21.75;11.80;15.30;16.12;NaN;43.15;31.49;11.63;12.65;15.54;18.70;6.21;13.65;24.21;NaN;32.05;5.62;31.61;9.25;8.78;21.51;12.48;15.85;15.81;12.28;20.85;10.25;26.08;8.90;NaN;4.11;8.36;NaN;19.70;25.91;31.28;NaN;6.53;20.31;7.46;15.05;14.41;24.10;3.84;6.50;9.70;20.93;15.77;NaN;13.23;12.06;23.42;73.11;8.03;13.73;22.56;27.54;17.39;14.87;16.92;9.10;9.57;36.88;3.85;24.73;38.27;4.05;13.86;15.58
2017.06.08 00:00;17.21;22.89;17.12;24.78;16.71;21.60;11.85;14.81;16.34;NaN;42.30;31.45;11.47;12.66;15.27;19.14;6.05;13.48;24.21;NaN;30.99;5.73;32.81;9.12;8.73;21.35;12.06;15.43;15.71;12.14;21.03;10.10;25.99;9.12;NaN;4.23;7.93;NaN;19.35;25.72;30.95;NaN;6.47;20.10;7.25;14.86;14.21;24.18;3.95;6.38;9.67;20.78;15.82;NaN;13.25;12.04;23.26;71.48;7.92;13.52;21.87;27.54;16.78;14.96;16.63;8.93;9.69;36.81;3.90;25.26;38.15;4.03;13.74;15.52
2017.06.09 00:00;16.82;23.14;17.09;24.38;16.37;21.77;11.83;14.40;16.55;NaN;42.00;30.64;11.40;12.56;15.43;19.07;6.19;13.58;24.21;NaN;30.08;5.83;33.09;9.35;9.03;21.41;12.14;15.17;15.40;11.92;21.30;10.04;25.72;9.21;NaN;4.24;7.80;NaN;18.88;25.06;31.57;NaN;6.37;19.78;7.05;14.63;14.16;24.26;3.87;6.32;9.43;21.01;14.60;NaN;13.33;12.05;23.31;72.17;7.88;13.60;21.12;27.98;16.42;14.37;16.52;8.73;9.60;36.39;3.84;25.52;37.33;3.85;13.50;15.41
2017.06.12 00:00;16.79;22.69;16.98;23.80;16.10;21.14;11.69;13.89;15.96;NaN;41.50;30.30;11.26;12.88;15.07;19.26;6.03;13.56;24.21;NaN;29.53;5.66;32.46;9.15;8.73;21.35;11.98;15.17;15.51;11.94;21.10;9.95;25.34;9.07;NaN;4.16;7.84;NaN;19.21;24.97;30.60;NaN;6.37;19.78;6.77;14.84;13.96;23.62;3.82;6.37;9.46;20.65;14.31;NaN;13.33;12.09;22.92;70.86;7.74;13.41;21.05;27.85;16.37;14.39;16.69;8.93;9.53;36.05;3.83;25.09;37.44;3.79;13.42;15.46
2017.06.13 00:00;17.08;23.34;17.09;24.05;15.97;20.97;11.78;13.89;15.37;NaN;41.35;30.02;11.25;13.12;15.24;19.45;6.10;13.40;24.21;NaN;29.15;5.59;33.40;9.05;8.57;21.42;11.69;15.34;15.72;12.06;21.06;10.11;25.30;9.03;NaN;4.17;7.93;NaN;19.30;24.95;30.85;NaN;6.41;20.02;6.59;15.18;14.01;23.63;3.93;6.40;9.38;20.89;14.04;NaN;13.41;12.13;23.38;71.07;7.90;13.36;21.00;28.35;16.30;14.70;16.52;8.91;9.53;36.27;3.83;24.65;37.69;4.02;13.33;15.32
2017.06.14 00:00;16.89;22.89;17.30;24.04;16.59;21.11;11.82;13.85;16.20;NaN;40.73;29.33;11.41;12.81;15.54;19.62;6.26;13.50;24.22;NaN;29.53;5.62;33.60;8.96;8.69;21.35;11.60;15.25;15.63;12.00;21.21;10.23;25.29;8.79;NaN;4.12;7.89;NaN;19.36;25.06;30.95;NaN;6.47;20.20;6.55;15.08;14.03;23.92;3.95;6.58;9.53;20.99;13.74;NaN;13.10;11.83;24.21;69.31;8.11;13.24;21.39;28.47;16.03;14.59;16.47;8.82;9.56;35.70;3.85;24.40;37.66;4.01;13.38;15.44
2017.06.16 00:00;16.52;22.56;17.44;24.13;16.51;21.01;12.24;13.67;15.94;NaN;40.60;29.53;11.51;12.50;15.35;19.92;6.19;13.43;24.22;NaN;28.97;5.42;33.84;8.90;8.91;22.12;11.64;15.48;15.28;12.23;21.34;10.37;25.63;8.59;NaN;4.21;7.68;NaN;19.43;25.30;31.34;NaN;6.51;20.06;6.41;15.18;13.67;23.97;3.98;6.57;9.53;21.15;13.64;NaN;13.05;11.51;24.41;69.94;8.30;13.31;21.41;29.65;16.69;14.95;16.48;8.92;9.95;35.78;3.88;23.90;37.45;4.08;13.26;15.37
2017.06.19 00:00;16.60;22.59;17.76;23.82;16.56;21.45;12.00;13.45;16.26;NaN;41.21;30.12;11.65;12.37;15.72;19.99;6.14;13.58;24.24;NaN;29.13;5.42;33.98;9.00;8.97;22.37;11.69;15.24;15.98;12.16;21.30;10.23;25.77;8.78;NaN;4.21;7.69;NaN;19.16;25.56;31.47;NaN;6.52;20.16;6.15;15.28;13.65;24.45;3.95;6.59;9.37;21.33;13.65;NaN;12.89;11.52;24.79;70.40;8.34;13.61;21.60;28.95;16.78;14.76;16.30;9.01;10.20;36.01;3.87;24.67;37.53;4.08;13.41;15.42
2017.06.20 00:00;16.78;22.94;17.34;22.82;16.17;20.72;11.84;12.48;15.86;NaN;41.10;29.26;11.18;12.00;15.11;19.88;6.05;13.05;24.23;NaN;28.59;5.23;33.20;8.69;8.94;22.25;11.21;14.60;15.60;12.06;21.18;10.17;25.70;8.60;NaN;4.09;7.63;NaN;19.17;25.55;30.78;NaN;6.35;19.72;5.82;15.11;13.37;23.73;3.78;6.59;9.27;21.08;13.46;NaN;12.58;11.12;24.76;68.39;8.12;13.41;21.24;28.56;16.48;14.46;16.24;8.93;10.19;35.58;3.79;24.04;37.19;4.13;13.30;14.32
2017.06.21 00:00;16.84;22.99;17.59;22.70;16.08;20.71;11.65;12.34;16.42;NaN;41.06;28.94;11.40;11.60;15.41;20.24;6.01;12.59;24.23;NaN;28.19;5.33;32.11;8.71;9.10;22.41;11.13;14.50;15.54;12.06;21.12;10.16;24.95;8.76;NaN;4.22;7.48;NaN;18.38;25.22;31.03;NaN;6.32;19.74;6.13;14.92;13.20;23.26;3.77;6.64;9.08;20.71;13.26;NaN;12.36;10.91;24.09;68.97;8.13;13.08;21.37;28.72;16.38;14.32;16.28;8.91;10.05;35.34;3.83;24.75;36.91;3.85;13.12;13.28
2017.06.22 00:00;16.91;22.79;17.48;22.82;16.28;20.96;11.88;12.34;16.69;NaN;40.30;29.43;11.12;11.33;15.36;20.33;6.40;12.88;24.24;NaN;28.68;5.50;32.16;8.61;9.01;22.34;11.84;15.16;15.77;12.13;21.21;10.38;24.38;8.92;NaN;4.28;7.73;NaN;18.55;25.28;30.97;NaN;6.33;19.76;6.14;14.94;13.03;23.36;3.67;6.64;9.09;20.83;13.01;NaN;12.62;11.29;24.09;70.42;8.40;13.28;21.36;28.72;16.39;14.35;16.32;9.19;9.85;35.53;3.91;25.26;36.93;3.78;13.03;13.74
2017.06.23 00:00;16.94;23.30;17.37;22.37;16.15;20.71;11.96;12.34;16.86;NaN;40.10;29.38;11.05;11.43;15.29;20.64;6.23;13.22;24.24;NaN;29.62;5.54;32.15;8.63;9.12;22.22;11.26;14.64;15.68;12.19;21.21;10.25;24.31;9.24;NaN;4.41;7.72;NaN;18.52;25.17;30.88;NaN;6.27;19.69;6.06;14.63;13.27;23.38;3.76;6.60;9.20;20.81;12.94;NaN;12.47;11.18;24.13;69.83;8.25;13.53;21.42;28.67;16.43;14.15;16.33;9.23;9.84;35.15;4.08;25.47;37.05;3.93;13.01;14.22
2017.06.26 00:00;17.12;23.34;17.86;23.68;16.87;20.99;12.01;12.54;17.10;NaN;40.09;29.52;11.16;11.67;15.33;20.74;6.42;13.03;24.25;NaN;30.46;5.66;32.81;8.98;9.40;22.44;11.50;15.12;15.41;12.27;21.30;10.39;24.43;9.56;NaN;4.50;7.67;NaN;18.62;25.48;30.99;NaN;6.43;20.25;5.99;14.87;13.67;23.71;3.86;6.60;9.34;20.93;12.73;NaN;12.66;11.50;23.71;70.42;8.36;13.76;21.91;28.85;16.58;14.11;16.65;9.31;10.08;35.59;4.25;25.68;37.21;3.95;13.09;13.96
2017.06.27 00:00;17.14;23.24;17.73;22.91;16.68;20.52;12.04;12.12;17.62;NaN;39.35;29.80;11.10;11.51;15.17;20.59;6.40;12.63;24.24;NaN;30.86;5.99;32.36;9.11;9.24;22.20;11.36;14.87;14.86;12.09;21.12;10.33;24.40;9.50;NaN;4.41;7.48;NaN;18.35;25.32;30.90;NaN;6.31;20.06;5.97;14.79;13.46;23.46;3.78;6.57;9.24;20.94;12.60;NaN;12.56;11.45;23.31;69.47;8.27;13.46;21.35;28.23;16.37;13.63;16.44;9.02;9.87;35.64;4.24;26.10;36.62;3.90;12.82;13.42
2017.06.28 00:00;17.15;23.07;17.89;23.17;16.82;20.33;12.06;11.86;18.41;NaN;38.81;30.30;10.97;11.16;15.31;20.74;6.69;13.34;24.30;NaN;31.46;6.21;31.77;9.13;9.36;22.41;11.88;15.61;14.89;12.25;22.14;10.32;23.97;9.79;NaN;4.69;7.45;NaN;18.42;25.27;30.75;NaN;6.37;20.06;5.96;14.84;13.52;23.51;3.71;6.63;9.36;20.91;12.77;NaN;12.46;11.32;22.89;68.51;8.27;13.55;21.25;28.34;16.35;13.58;16.25;9.08;9.67;35.31;4.37;26.92;36.74;3.88;12.77;13.33
2017.06.29 00:00;17.10;23.12;17.99;23.32;16.90;20.56;12.10;11.91;18.39;NaN;38.65;30.63;10.85;11.21;15.31;20.73;6.55;13.66;24.35;NaN;32.01;5.97;31.62;9.30;9.45;21.86;11.37;14.88;14.92;12.35;22.04;10.29;23.84;9.68;NaN;4.66;7.44;NaN;18.57;25.36;30.89;NaN;6.45;20.26;6.10;14.44;13.50;23.60;3.82;6.65;9.57;20.73;12.54;NaN;12.58;11.42;22.56;67.97;8.43;13.63;21.24;28.55;16.39;13.85;16.56;9.11;9.53;35.37;4.39;27.02;36.56;3.80;12.83;13.06
2017.06.30 00:00;17.16;23.44;18.19;23.53;17.21;20.96;12.31;12.26;18.35;NaN;39.20;31.00;11.13;11.53;15.68;20.67;6.54;14.01;24.38;NaN;32.21;6.24;32.01;9.35;9.42;21.81;11.69;15.07;14.99;12.62;22.12;10.48;24.02;9.79;NaN;4.70;7.58;NaN;18.64;25.32;31.35;NaN;6.52;20.39;6.33;14.41;13.77;24.13;3.94;6.69;9.83;20.91;12.53;NaN;12.77;11.60;22.60;68.23;8.65;13.91;21.46;29.33;16.55;13.92;16.66;9.19;9.71;36.03;4.47;27.11;36.56;4.00;12.98;13.25
2017.07.03 00:00;17.13;23.75;18.29;23.85;17.34;20.57;12.39;11.90;18.79;NaN;39.37;30.91;11.19;11.55;15.67;20.61;6.62;14.08;24.39;NaN;31.85;6.33;32.36;9.29;9.33;22.07;11.83;15.11;15.06;12.64;22.04;10.56;23.53;9.91;NaN;4.84;7.45;NaN;18.34;25.55;31.12;NaN;6.52;20.58;6.52;14.73;13.65;24.28;4.00;6.73;9.70;21.00;12.27;NaN;12.84;11.59;23.47;68.31;8.70;14.08;21.91;29.53;16.92;13.71;16.84;9.31;9.67;36.05;4.57;27.72;36.92;4.11;13.20;13.27
2017.07.04 00:00;17.09;23.91;18.28;23.97;17.37;20.48;12.45;11.11;18.87;NaN;39.16;31.14;11.21;11.54;15.68;20.47;6.60;14.13;24.34;NaN;32.05;6.26;32.46;9.29;9.49;22.02;11.88;14.93;15.12;12.57;22.04;10.58;23.08;9.87;NaN;4.79;7.39;NaN;18.27;25.63;31.80;NaN;6.51;20.50;6.40;14.75;13.62;24.13;4.00;6.80;9.79;21.12;12.23;NaN;12.88;11.65;23.39;68.61;8.75;13.99;21.84;29.51;17.14;13.73;17.11;9.26;9.81;35.97;4.54;27.69;36.96;4.18;13.26;13.52
2017.07.05 00:00;17.07;24.26;18.26;23.85;17.37;20.16;12.34;11.86;18.49;NaN;39.08;31.13;11.23;11.38;15.65;20.41;6.74;14.13;24.36;NaN;31.58;6.13;32.90;9.34;9.46;21.84;12.80;15.91;15.55;12.70;21.91;10.60;23.64;10.09;NaN;4.85;8.33;NaN;18.27;25.80;31.80;NaN;6.58;20.56;6.26;14.74;13.74;24.49;4.00;6.81;9.72;21.13;12.43;NaN;12.63;11.45;23.96;68.71;8.95;14.08;21.91;29.56;16.89;13.71;16.78;9.45;9.68;36.15;4.60;27.05;37.01;4.43;13.32;13.60
2017.07.06 00:00;16.66;24.16;17.96;23.69;17.12;20.01;12.56;12.30;18.66;NaN;37.86;30.64;10.94;11.33;15.48;20.29;6.92;13.90;24.30;NaN;31.39;6.13;33.79;9.24;9.51;21.91;14.86;17.57;15.31;12.59;21.74;10.58;23.75;10.22;NaN;4.99;8.23;NaN;17.87;25.18;31.15;NaN;6.49;20.27;6.10;14.43;13.52;24.16;3.99;6.73;9.50;20.68;12.38;NaN;12.51;11.41;23.63;67.79;8.91;13.99;21.55;29.37;16.61;13.46;16.41;9.24;9.58;35.68;4.70;27.04;36.12;4.51;13.03;13.35
2017.07.07 00:00;16.89;25.02;17.79;23.38;17.14;20.04;12.55;12.04;18.57;NaN;37.42;30.42;11.13;11.12;15.51;20.33;6.74;13.90;24.32;NaN;30.92;6.25;33.62;9.17;9.67;22.11;14.93;17.34;15.32;12.86;21.54;10.56;24.12;10.25;NaN;4.96;8.68;NaN;18.07;25.55;30.71;NaN;6.48;20.07;6.14;14.07;14.11;24.22;4.39;6.73;9.57;20.65;12.08;NaN;12.26;11.18;23.70;67.29;8.80;14.10;21.79;29.19;16.53;13.04;16.72;9.33;9.35;35.60;4.71;27.01;35.99;4.68;13.21;13.60
2017.07.10 00:00;17.16;25.29;17.93;23.62;17.33;20.23;12.60;12.33;19.00;NaN;37.33;31.27;11.26;11.46;15.68;20.40;6.90;14.07;24.46;NaN;31.06;6.32;33.42;9.22;9.84;22.37;14.32;16.63;15.55;12.86;21.72;10.60;24.51;10.50;NaN;5.01;9.19;NaN;17.88;25.46;31.31;NaN;6.54;20.23;6.26;14.25;14.35;24.59;4.58;6.73;9.61;21.13;12.35;NaN;12.28;11.23;24.18;68.12;8.81;14.18;22.02;29.93;16.40;13.22;17.36;9.40;9.47;35.39;4.78;27.78;36.68;4.81;13.55;13.83
2017.07.11 00:00;17.36;24.95;18.15;24.62;17.63;20.39;12.62;12.34;19.16;NaN;37.38;31.34;11.51;11.55;15.78;20.51;7.00;14.02;24.55;NaN;31.19;6.72;33.46;9.40;9.82;22.41;13.82;16.24;15.77;12.78;21.77;10.72;24.74;10.43;NaN;5.00;9.07;NaN;18.21;26.07;30.97;NaN;6.63;20.54;6.36;14.59;14.63;24.81;4.67;6.71;9.58;21.16;12.10;NaN;12.64;11.56;24.13;67.37;8.98;14.46;22.47;29.97;16.45;13.18;17.33;9.52;9.39;35.73;4.86;28.08;36.67;4.60;13.71;13.80
2017.07.12 00:00;17.48;24.95;18.55;25.32;18.10;20.76;12.70;12.74;19.27;NaN;38.22;31.81;11.97;12.07;16.02;20.92;7.14;14.15;24.58;NaN;32.13;6.88;33.79;9.64;10.12;22.55;14.26;16.85;15.41;12.99;22.21;10.83;25.48;10.50;NaN;5.18;9.36;NaN;19.14;26.41;32.09;NaN;6.65;20.76;6.39;14.34;15.01;25.52;4.84;6.73;9.73;21.63;12.15;NaN;13.13;12.13;24.88;67.92;9.06;14.71;23.08;30.37;16.64;13.08;17.35;9.45;9.25;36.04;4.92;27.95;36.77;4.48;13.88;14.06
2017.07.13 00:00;17.51;25.08;18.84;25.55;18.26;21.18;12.61;13.22;18.88;NaN;38.54;32.18;12.09;12.15;16.52;21.38;7.13;14.37;24.59;NaN;32.93;6.72;34.42;9.70;10.20;22.50;14.36;17.08;15.43;13.13;22.46;10.86;25.99;10.40;NaN;5.15;9.28;NaN;19.41;26.69;32.66;NaN;6.67;20.82;6.99;14.29;14.95;26.04;4.64;6.80;9.75;22.22;12.15;NaN;13.11;12.06;24.42;68.53;9.45;15.30;23.08;30.89;16.89;13.48;17.63;9.44;9.34;36.29;4.88;27.28;37.12;4.49;14.12;14.14
2017.07.14 00:00;17.57;25.20;18.91;25.82;18.28;21.34;12.54;13.80;19.06;NaN;38.70;32.74;11.98;12.56;16.54;21.59;7.29;14.60;24.60;NaN;33.07;6.75;34.44;9.81;10.11;22.34;13.70;16.21;15.35;13.15;22.32;10.98;25.98;10.42;NaN;5.15;9.26;NaN;19.54;26.44;32.93;NaN;6.66;20.86;6.93;14.65;14.89;25.52;4.86;6.68;10.07;22.31;12.01;NaN;13.17;12.23;24.85;67.83;9.59;15.20;22.93;31.31;16.83;13.57;17.26;9.40;9.48;36.50;4.86;27.60;37.00;4.43;13.98;14.39
2017.07.17 00:00;17.66;25.86;19.04;25.69;18.16;20.97;12.47;13.39;19.15;NaN;38.46;34.45;11.82;12.32;16.53;21.67;7.34;14.46;24.62;NaN;33.02;6.78;33.70;9.85;10.15;22.34;13.32;15.83;15.37;13.11;22.78;10.97;26.18;10.50;NaN;5.15;9.69;NaN;19.46;26.23;32.70;NaN;6.63;20.66;6.98;14.87;14.73;25.21;5.07;6.64;10.34;22.15;11.54;NaN;13.01;12.08;24.95;67.83;9.44;15.07;22.92;31.97;16.87;13.61;17.11;9.37;9.58;35.18;4.86;27.78;37.09;4.48;14.11;14.51
2017.07.18 00:00;17.57;26.07;18.95;25.70;18.38;21.15;12.50;13.47;19.26;NaN;37.80;34.68;12.14;12.31;16.49;21.71;7.31;14.50;24.62;NaN;32.97;6.68;33.90;9.65;10.07;22.41;13.63;16.07;15.14;12.98;23.14;10.87;26.07;10.32;NaN;5.07;9.54;NaN;19.84;26.39;32.79;NaN;6.69;20.68;6.88;14.83;14.69;25.03;5.29;6.64;10.28;22.17;11.56;NaN;13.15;12.13;25.55;68.30;9.60;15.21;23.14;32.78;17.02;13.98;17.09;9.48;9.66;34.21;4.79;27.95;37.33;4.48;14.42;14.67
2017.07.19 00:00;17.64;26.49;18.99;25.79;18.16;21.08;12.60;14.00;19.51;NaN;37.29;35.59;11.99;12.11;16.37;21.67;7.22;14.51;24.61;NaN;33.74;6.82;33.99;9.76;10.36;22.30;13.32;15.56;15.22;12.94;22.97;10.85;25.95;10.54;NaN;5.28;9.56;NaN;19.40;25.68;32.79;NaN;6.63;20.38;6.88;14.63;14.41;24.93;5.31;6.58;10.29;21.89;11.65;NaN;13.39;12.40;25.10;67.93;9.65;15.14;22.36;32.57;16.97;13.99;17.03;9.50;9.66;34.37;4.86;27.95;36.84;4.65;14.21;14.94
2017.07.20 00:00;17.60;25.99;19.14;26.02;18.09;21.18;12.59;14.02;18.78;NaN;37.48;36.15;12.02;12.36;16.24;21.65;7.20;14.57;24.61;14.29;33.34;6.57;34.57;10.11;10.22;22.39;13.19;15.61;15.36;12.91;22.81;10.83;26.21;10.36;NaN;5.04;9.33;NaN;19.13;25.53;33.21;NaN;6.66;20.41;6.84;14.91;14.60;25.17;5.36;6.54;10.25;22.00;11.62;NaN;13.18;12.28;25.10;68.02;9.65;15.24;22.32;32.38;17.15;13.96;17.09;9.41;9.71;34.84;4.78;26.85;36.89;5.02;14.32;14.90
2017.07.21 00:00;17.63;26.24;19.16;25.82;18.02;20.85;12.64;14.57;18.73;NaN;36.70;35.22;12.07;12.37;16.38;21.70;7.13;14.54;24.65;14.39;33.07;6.40;34.55;10.37;10.24;22.39;13.16;15.62;15.46;13.09;22.65;10.86;26.75;10.19;NaN;4.98;9.17;NaN;19.06;25.56;33.84;NaN;6.65;20.41;6.73;14.75;14.51;25.74;5.15;6.40;10.31;22.17;11.63;NaN;12.85;11.90;25.10;68.19;9.95;15.92;22.21;32.46;17.06;13.81;17.22;9.53;9.75;34.92;4.81;26.64;37.14;5.16;14.15;14.62
2017.07.24 00:00;17.64;26.32;19.34;25.53;18.17;20.66;12.50;14.29;18.97;NaN;36.58;34.66;12.23;12.74;16.33;21.64;7.19;14.47;24.65;14.53;33.25;6.60;34.58;10.56;10.32;22.57;12.98;15.54;15.50;13.06;22.37;10.96;26.71;10.44;NaN;5.19;9.08;NaN;19.35;25.82;33.99;NaN;6.65;20.54;6.71;14.85;14.77;26.32;5.15;6.49;10.28;22.57;11.36;NaN;12.99;12.07;25.04;68.95;10.16;16.06;21.67;32.06;17.10;13.67;17.38;9.84;9.72;34.74;4.91;27.23;37.31;5.08;14.25;15.11
2017.07.25 00:00;17.69;26.52;19.21;25.95;18.47;20.34;12.50;14.25;19.91;NaN;37.27;34.91;12.25;12.72;16.01;21.55;7.16;14.42;24.67;14.77;33.49;6.79;35.08;10.30;10.15;22.70;13.21;15.91;15.48;12.86;22.91;11.03;26.89;10.61;NaN;5.20;9.16;NaN;19.27;25.45;33.71;NaN;6.71;20.59;6.78;14.56;14.97;26.62;5.33;6.42;10.11;22.42;11.01;NaN;13.32;12.39;24.20;67.49;10.20;15.92;21.97;31.45;16.87;13.66;17.68;9.81;9.50;34.51;4.95;28.62;37.66;5.44;14.14;15.32
2017.07.26 00:00;17.65;26.69;19.08;25.32;18.31;20.09;12.45;14.20;19.31;NaN;37.43;34.84;12.16;12.91;15.78;21.51;6.96;14.32;24.64;14.48;33.30;6.49;34.98;10.24;9.99;22.54;12.77;15.42;15.41;12.86;23.42;10.87;26.84;10.05;NaN;4.94;8.91;NaN;18.88;25.11;33.69;NaN;6.63;20.50;7.24;14.50;14.93;25.74;5.29;6.38;10.04;22.23;11.01;NaN;13.10;12.17;24.90;67.40;10.08;15.97;22.27;31.74;16.81;13.52;17.50;9.97;9.71;33.79;4.83;27.73;37.58;5.77;14.06;15.27
2017.07.27 00:00;17.91;26.59;19.09;25.10;18.29;20.37;12.50;14.20;19.30;NaN;37.24;34.45;12.10;13.10;15.82;21.67;6.83;14.27;24.67;14.52;33.55;6.40;35.33;10.45;9.98;22.55;12.72;15.09;15.69;13.08;23.27;11.02;26.50;10.07;NaN;4.88;8.63;NaN;19.26;24.95;34.18;NaN;6.68;20.52;7.65;14.41;15.24;25.97;5.35;6.37;10.20;22.44;11.69;NaN;13.16;12.19;25.25;67.44;10.19;16.07;22.39;32.61;16.69;13.70;17.72;10.14;9.68;34.34;4.88;27.77;37.99;5.95;13.94;15.58
2017.07.28 00:00;17.90;26.60;19.07;25.07;18.31;20.27;12.38;13.93;19.71;NaN;37.00;34.21;12.20;13.30;15.83;21.73;6.83;14.11;24.69;14.39;33.20;6.50;34.82;10.35;9.73;22.46;13.05;15.51;15.50;12.91;22.87;10.99;26.44;10.09;NaN;4.91;8.63;NaN;19.54;24.86;35.01;NaN;6.68;20.60;7.43;14.29;15.29;26.03;5.64;6.39;10.41;23.47;12.05;NaN;13.19;12.31;25.82;66.37;10.42;16.02;21.98;31.59;16.64;13.88;17.57;10.12;9.76;34.27;4.99;28.36;38.35;6.07;13.81;17.88
2017.07.31 00:00;17.95;27.29;18.87;25.19;18.58;20.08;12.24;13.93;20.56;NaN;36.92;33.82;12.30;13.10;15.85;21.93;6.90;14.21;24.70;14.52;33.62;6.62;35.23;10.45;9.72;22.50;12.67;15.31;15.62;12.78;23.06;10.97;26.91;10.16;NaN;4.98;8.98;NaN;20.28;25.49;34.95;8.05;6.68;20.72;7.46;14.21;15.41;25.83;5.64;6.36;10.42;23.01;12.21;NaN;13.35;12.46;25.82;67.15;10.34;16.04;21.90;31.08;16.41;13.68;17.55;9.99;9.66;34.39;5.02;29.26;38.07;5.83;13.97;18.49
2017.08.01 00:00;18.03;27.19;19.25;25.72;18.81;20.12;12.60;13.93;20.41;NaN;38.17;33.89;12.32;13.17;16.11;21.89;6.87;14.26;24.71;14.63;32.92;6.55;34.85;10.37;9.61;22.79;12.75;15.42;15.56;12.86;23.43;11.01;26.30;10.06;NaN;4.90;9.11;NaN;20.67;25.68;34.95;8.08;6.90;21.38;7.46;14.37;15.63;26.42;5.69;6.41;10.07;23.09;11.99;NaN;13.23;12.30;25.89;68.22;10.30;16.11;22.15;31.36;16.45;14.70;17.88;10.05;9.65;34.78;5.13;29.04;38.28;5.67;14.13;18.39
2017.08.02 00:00;18.18;27.41;19.42;26.76;19.07;20.35;12.58;13.75;20.58;NaN;38.65;35.23;12.62;13.50;16.01;20.79;7.03;14.23;24.70;14.64;33.25;6.66;35.27;10.68;9.72;23.05;12.60;15.16;15.50;12.90;23.71;11.01;26.44;10.36;NaN;5.09;9.43;NaN;20.72;26.71;35.99;8.09;6.98;21.61;7.47;14.45;15.88;26.44;5.72;6.43;10.29;23.69;12.22;NaN;13.57;12.66;26.18;68.56;10.97;16.32;22.70;31.70;16.69;15.21;17.54;10.32;9.71;33.07;5.34;29.08;38.43;5.58;14.40;17.68
2017.08.03 00:00;18.05;28.03;19.48;26.93;19.06;20.30;12.27;13.85;20.45;NaN;39.73;34.65;12.41;13.40;15.84;20.14;7.12;13.90;24.72;14.63;32.71;6.55;34.68;10.40;9.52;23.27;12.98;15.80;15.45;12.95;23.78;11.06;26.36;10.40;NaN;5.02;9.49;NaN;21.19;26.36;35.45;8.06;6.97;21.56;7.53;14.41;15.82;26.28;5.73;6.49;10.21;23.37;12.50;NaN;13.37;12.48;26.26;67.87;10.82;15.93;22.52;31.37;16.64;15.07;17.69;10.26;10.11;33.48;5.36;28.68;38.55;5.67;14.14;16.73
2017.08.04 00:00;18.05;27.79;19.40;27.10;19.08;19.83;12.30;13.94;21.04;NaN;38.76;36.05;12.33;13.40;15.78;19.91;7.16;13.89;24.73;14.14;33.58;6.81;34.83;10.22;9.53;23.27;13.38;16.34;15.90;13.12;23.85;11.02;25.95;10.65;NaN;5.11;9.77;NaN;21.23;27.16;35.24;7.83;6.94;21.50;7.59;14.65;15.80;25.78;6.04;6.49;10.11;22.99;12.58;NaN;13.44;12.56;26.14;67.39;10.83;15.80;22.58;31.35;16.27;14.93;17.96;10.24;10.46;33.19;5.35;29.20;38.71;5.67;14.12;16.82
2017.08.07 00:00;18.13;27.61;19.80;27.52;19.30;19.71;12.18;14.07;21.86;NaN;39.42;36.26;12.64;13.20;15.85;19.91;7.33;14.10;24.77;14.10;34.64;7.40;34.93;10.60;9.85;23.33;13.55;16.55;16.14;13.27;23.59;11.26;26.44;11.04;NaN;5.30;9.71;NaN;21.10;27.27;35.63;7.84;7.10;21.84;7.70;14.50;15.68;26.08;6.15;6.85;10.31;23.34;12.55;NaN;13.56;12.70;26.85;68.10;10.88;15.85;22.88;31.24;16.11;15.42;18.27;10.34;10.30;33.43;5.63;30.31;39.04;6.10;14.42;17.23
2017.08.08 00:00;18.17;27.69;19.65;27.52;19.50;19.63;12.25;14.18;21.75;NaN;38.88;35.45;12.50;13.18;15.76;19.83;7.19;14.10;24.74;14.02;34.04;7.54;34.88;10.60;9.72;23.09;13.49;16.52;16.51;13.28;23.53;11.22;26.42;10.93;NaN;5.32;9.90;NaN;21.11;27.09;35.52;7.73;7.10;22.11;8.28;14.24;15.44;26.49;6.06;6.79;10.28;23.19;12.38;NaN;13.44;12.65;27.35;67.68;10.85;15.86;23.41;30.39;15.85;14.93;17.96;10.29;10.07;33.30;5.69;29.96;39.14;6.17;14.24;17.54
2017.08.09 00:00;18.20;27.99;19.59;27.01;19.52;19.37;12.60;13.79;21.56;NaN;39.35;34.99;12.36;12.90;15.65;19.65;6.98;14.10;24.79;13.85;33.71;7.32;35.28;10.35;9.79;23.01;13.29;16.37;16.80;13.07;23.53;11.58;26.26;10.83;NaN;5.13;10.52;NaN;21.44;26.99;35.40;7.62;7.07;21.97;7.98;14.22;15.30;26.64;6.23;6.76;10.28;23.15;12.40;NaN;13.51;12.67;27.35;67.85;10.74;16.38;23.27;30.64;15.90;15.11;18.02;10.42;10.00;33.22;5.65;29.84;39.17;6.05;14.11;17.35
2017.08.10 00:00;18.18;27.48;19.44;27.14;19.33;19.19;12.60;13.52;21.38;NaN;39.00;34.32;12.19;12.61;15.41;19.54;6.64;14.32;24.79;13.90;33.67;7.09;34.88;10.28;9.50;22.88;12.82;15.89;16.42;12.95;22.69;11.49;26.13;10.92;NaN;5.17;10.00;NaN;21.48;26.65;34.85;7.76;7.02;21.69;7.70;14.30;15.00;26.66;6.10;6.60;10.06;22.97;12.23;NaN;13.17;12.36;27.16;66.90;10.45;16.01;23.07;30.16;15.83;15.31;17.69;10.40;10.04;32.34;5.72;29.45;39.01;6.00;14.18;17.41
2017.08.11 00:00;18.29;26.99;19.44;27.13;19.50;19.49;12.70;13.47;21.10;NaN;41.05;34.20;12.30;13.86;15.22;19.85;6.58;15.08;24.75;14.57;33.53;7.36;34.50;10.53;9.65;23.02;12.89;16.28;16.43;12.59;22.42;11.48;26.28;10.76;NaN;5.13;9.68;NaN;21.60;26.89;35.42;7.80;7.06;21.80;8.14;14.40;15.56;26.79;6.36;6.81;10.18;23.36;12.36;NaN;13.07;12.14;27.70;67.44;10.38;16.07;23.54;30.62;16.32;15.89;17.52;10.47;10.29;33.11;5.70;28.79;39.01;6.07;14.20;17.63
2017.08.14 00:00;18.47;27.49;19.76;27.29;19.89;19.92;12.97;13.28;21.29;NaN;42.27;34.76;12.27;14.68;15.64;20.07;6.65;15.67;24.80;14.48;34.33;7.28;34.83;10.61;9.73;23.19;12.83;16.26;16.60;12.92;22.97;11.41;27.01;10.67;NaN;5.13;9.84;NaN;21.80;26.55;35.50;7.80;7.16;22.19;8.33;14.60;16.11;27.10;6.85;7.02;10.02;23.30;12.89;NaN;13.15;12.26;28.15;67.27;10.34;16.05;23.97;29.87;16.17;16.13;17.34;10.71;10.07;33.68;5.64;29.26;39.07;6.02;14.28;18.11
2017.08.15 00:00;18.54;27.20;20.03;27.16;19.94;20.22;12.75;13.22;20.94;NaN;42.30;34.48;12.34;14.93;15.58;19.81;6.56;16.19;24.82;14.54;34.88;7.07;34.45;10.53;9.87;23.37;12.82;16.30;16.80;13.15;23.04;11.48;26.31;10.45;NaN;4.99;9.93;NaN;22.30;26.56;35.55;7.80;7.19;22.25;8.42;14.98;16.21;27.32;6.98;7.07;9.78;23.37;13.14;NaN;13.17;12.33;27.19;68.17;10.07;16.15;23.74;27.91;16.13;15.94;17.44;10.70;10.11;33.45;5.54;29.09;39.07;6.12;14.47;18.88
2017.08.16 00:00;18.56;27.39;19.87;26.94;19.94;20.45;12.65;13.38;21.33;NaN;41.49;35.04;12.29;15.02;15.90;19.62;6.64;16.70;24.86;14.46;34.75;7.05;33.58;10.58;9.83;23.10;13.05;16.43;16.86;13.12;23.08;11.61;26.81;10.75;NaN;5.11;9.89;NaN;22.39;26.68;35.08;7.83;7.20;22.30;8.43;15.27;16.24;27.11;7.53;7.11;9.56;22.91;12.94;NaN;13.13;12.31;26.22;67.77;10.27;16.56;23.94;28.26;16.23;16.69;17.31;10.69;10.15;33.45;5.74;29.66;38.88;6.38;15.04;19.15
2017.08.17 00:00;18.55;26.59;19.72;26.47;19.77;19.95;12.38;13.42;20.91;NaN;40.42;34.25;12.08;16.35;15.84;19.24;6.61;16.89;24.85;14.28;34.42;7.00;34.49;10.42;9.57;23.13;12.87;15.95;16.66;13.03;23.13;11.55;26.44;10.71;NaN;5.08;9.66;NaN;22.39;26.04;34.79;7.76;7.14;22.12;8.08;15.14;16.53;26.88;6.93;7.05;9.52;22.73;12.99;NaN;13.15;12.23;26.93;66.83;10.10;16.55;23.24;27.92;16.21;16.69;17.30;10.65;10.20;33.12;5.80;29.17;38.58;6.11;14.84;19.74
2017.08.18 00:00;18.52;26.69;20.16;26.70;20.18;20.81;12.25;13.29;21.35;NaN;40.94;34.27;12.23;18.20;15.98;19.12;6.55;16.61;24.87;14.19;35.07;7.07;34.62;10.39;9.66;23.37;12.90;15.95;16.41;13.26;22.67;11.65;26.41;10.65;NaN;5.10;9.80;NaN;23.22;26.26;34.80;7.83;7.23;22.33;7.91;15.13;16.65;26.64;7.04;7.02;9.78;22.93;13.56;NaN;13.58;12.75;27.39;66.49;10.23;17.04;23.63;28.39;16.17;16.62;17.30;10.60;10.32;32.91;5.86;29.50;38.50;5.98;14.99;20.40
2017.08.21 00:00;18.50;26.19;20.18;27.06;20.17;20.90;12.30;13.85;21.43;NaN;41.06;33.89;12.16;17.80;15.86;19.07;6.42;16.69;24.88;13.95;34.64;6.94;35.28;10.34;9.45;23.18;13.33;16.38;16.48;13.12;22.55;11.63;25.46;10.53;NaN;4.94;10.26;NaN;23.78;26.33;34.63;7.86;7.23;22.17;7.75;15.39;16.76;26.20;7.27;7.11;9.71;23.09;13.53;NaN;13.35;12.51;27.26;67.10;10.08;17.06;23.41;28.54;16.51;17.23;17.15;10.65;10.33;33.25;5.84;29.68;38.95;5.86;15.01;21.01
2017.08.22 00:00;18.51;26.69;20.81;28.25;20.63;20.99;12.48;14.02;21.59;NaN;41.75;33.89;12.45;18.12;15.93;18.95;6.97;16.97;24.88;13.86;34.93;7.01;35.32;10.58;9.44;23.39;19.90;21.63;16.96;13.40;22.67;11.92;25.32;10.84;NaN;5.10;10.24;NaN;24.07;26.29;35.20;7.83;7.30;22.64;7.78;15.71;16.84;26.53;7.20;7.03;9.70;23.08;13.87;NaN;13.84;12.93;27.93;69.20;10.33;17.70;23.91;28.77;16.56;17.13;17.45;10.81;10.27;33.68;6.06;29.79;39.35;5.97;15.37;21.99
2017.08.23 00:00;18.59;25.99;21.07;28.26;20.82;21.11;12.48;14.30;22.02;NaN;41.70;33.68;12.58;18.62;16.34;18.78;7.03;16.99;24.87;14.29;35.10;7.18;36.16;10.61;9.42;23.37;17.71;19.66;16.94;13.26;22.91;11.96;26.28;11.12;NaN;5.48;10.09;NaN;23.30;26.45;34.80;7.71;7.45;22.89;7.93;15.69;16.91;27.32;7.12;7.03;9.54;22.89;14.09;NaN;13.85;12.90;28.34;68.95;10.42;17.62;24.15;28.69;16.65;16.81;17.53;10.82;10.19;33.77;6.29;30.42;39.28;5.82;15.37;22.57
2017.08.24 00:00;18.56;26.09;20.83;28.36;20.88;20.82;12.58;14.44;23.02;NaN;42.67;33.97;12.46;18.78;16.47;18.82;7.10;17.30;24.90;14.76;35.53;7.45;36.96;10.87;9.46;23.45;18.41;19.90;17.16;13.45;23.04;11.94;26.58;11.04;NaN;5.35;10.21;NaN;23.35;26.73;34.63;7.97;7.51;23.08;8.17;15.89;17.34;27.16;7.34;7.09;9.53;22.87;14.65;NaN;13.93;12.94;29.10;68.33;10.47;18.06;24.27;28.67;16.97;16.69;17.30;10.88;10.35;34.58;6.56;31.67;39.58;6.12;15.23;23.14
2017.08.25 00:00;18.60;26.39;20.60;28.26;20.90;20.69;12.55;14.57;23.14;NaN;42.23;33.70;12.51;18.35;16.42;18.77;6.95;16.99;24.92;14.79;35.81;7.44;36.46;10.77;9.41;23.53;18.55;20.11;16.89;13.35;23.23;12.12;26.45;10.95;NaN;5.32;10.87;NaN;24.51;26.84;35.42;8.19;7.50;23.01;8.54;15.89;17.49;27.38;7.36;7.00;9.53;23.64;14.21;NaN;14.00;13.01;28.90;68.53;10.32;18.21;24.22;28.72;16.67;17.32;17.37;10.75;10.05;34.44;6.43;31.63;39.73;6.28;15.14;22.74
2017.08.28 00:00;18.60;26.09;20.61;27.99;20.58;20.80;12.57;14.72;23.41;NaN;42.19;34.31;12.62;18.47;16.52;18.99;6.82;16.61;24.93;15.42;36.06;7.39;36.36;10.70;9.66;23.68;18.26;20.18;16.89;13.35;23.04;11.87;26.40;11.00;NaN;5.29;11.03;NaN;25.55;27.03;35.13;8.31;7.48;22.81;8.82;15.98;17.38;27.16;7.60;7.13;9.53;23.53;14.41;NaN;13.93;13.00;28.72;69.19;10.49;18.42;24.22;28.69;16.64;17.02;17.45;10.65;10.20;34.79;6.31;32.12;40.01;6.51;15.17;22.86
2017.08.29 00:00;18.65;26.29;20.80;27.81;20.93;20.87;12.28;15.12;23.56;NaN;42.60;34.95;12.61;18.45;16.43;19.10;6.97;16.52;24.93;15.76;36.03;7.43;36.46;10.97;9.73;23.94;17.77;19.95;17.59;13.39;22.69;11.86;26.85;10.93;NaN;5.31;11.14;NaN;25.90;26.99;35.47;8.29;7.54;23.01;8.64;15.66;17.59;27.32;7.63;7.25;9.67;23.65;14.64;NaN;13.83;12.98;28.58;68.60;10.50;18.52;24.36;29.28;16.61;16.93;17.30;10.73;10.16;34.81;6.35;32.20;40.13;6.67;14.98;22.94
2017.08.30 00:00;18.63;26.14;20.63;27.52;20.72;20.72;11.95;15.05;23.57;NaN;41.85;34.82;12.67;18.32;16.09;18.81;6.93;16.85;24.93;15.35;35.72;7.43;37.01;11.18;9.65;23.82;17.38;20.04;17.68;13.35;23.23;12.00;27.39;11.28;NaN;5.42;11.17;NaN;26.22;26.88;35.61;8.32;7.55;22.89;8.61;15.56;17.64;27.24;7.92;7.17;9.75;23.53;14.64;NaN;13.42;12.61;27.32;67.37;10.37;18.32;24.37;29.65;16.72;16.97;16.99;10.68;10.16;34.54;6.37;32.10;40.12;6.66;15.21;23.83
2017.08.31 00:00;18.61;26.54;20.41;27.11;20.68;20.91;11.58;14.97;23.95;NaN;42.52;34.55;12.67;18.21;16.20;18.85;6.78;17.06;24.92;15.15;35.94;7.55;37.75;11.25;9.73;24.18;16.54;18.86;17.76;13.56;23.20;11.82;28.56;11.31;NaN;5.36;11.37;NaN;25.84;26.87;35.61;8.24;7.42;22.60;8.40;15.32;17.47;26.97;8.73;7.06;9.81;23.40;14.38;NaN;13.51;12.80;27.44;67.49;10.33;18.40;24.18;29.79;16.81;17.08;17.15;10.59;10.06;34.54;6.69;32.80;39.81;6.67;15.10;23.40
2017.09.01 00:00;18.52;26.88;20.79;28.16;21.11;21.12;11.58;16.22;24.51;NaN;43.61;34.72;12.54;18.16;16.29;18.76;6.95;17.06;24.92;15.18;36.28;8.05;38.38;11.27;9.74;24.24;16.57;19.01;17.73;13.67;23.64;11.94;27.74;12.02;NaN;5.65;11.42;NaN;25.55;26.96;35.44;8.17;7.56;23.07;8.37;15.72;17.56;27.37;8.67;7.11;9.75;23.14;14.49;NaN;14.12;13.14;26.76;68.59;10.35;18.59;24.36;30.38;17.30;17.31;17.79;10.59;10.14;34.78;7.38;33.35;39.81;7.15;15.33;23.93
2017.09.04 00:00;18.49;27.17;20.81;28.11;21.10;21.07;11.52;17.32;24.72;NaN;44.39;35.34;12.40;18.57;16.24;18.62;6.92;16.97;24.97;15.44;36.55;8.22;37.65;11.38;9.70;24.03;16.91;19.24;17.51;13.59;23.79;12.10;27.71;12.32;NaN;5.93;11.64;NaN;25.79;26.77;34.90;8.24;7.54;22.96;8.31;16.00;17.81;27.67;9.56;7.19;9.89;23.15;14.39;NaN;14.24;13.28;27.26;68.31;10.10;18.91;24.53;30.19;17.69;17.27;17.49;10.52;10.17;35.04;7.96;33.75;40.00;7.17;15.58;24.04
2017.09.05 00:00;18.57;27.30;20.85;28.26;20.80;21.36;11.40;17.32;24.53;NaN;44.50;35.22;12.60;18.61;16.35;18.58;6.91;16.89;24.99;15.42;36.46;8.39;37.88;11.67;9.92;24.25;17.65;19.75;17.53;13.58;23.89;12.08;27.80;12.05;NaN;5.82;12.52;NaN;25.60;27.18;35.47;8.32;7.58;22.97;7.62;15.89;17.83;28.20;10.09;7.15;10.04;23.22;14.45;NaN;14.36;13.51;27.87;70.45;10.14;19.12;24.40;30.05;18.14;17.64;17.58;10.63;10.08;34.33;7.84;33.28;39.94;7.03;15.97;24.04
2017.09.06 00:00;18.86;27.83;21.00;28.93;21.12;21.67;11.45;17.26;24.68;NaN;44.98;36.48;13.01;18.77;16.36;18.82;6.86;17.24;24.98;15.49;36.33;8.54;38.24;11.80;9.93;24.12;17.90;20.21;18.08;13.57;23.80;12.23;27.39;12.32;NaN;5.90;12.81;NaN;25.55;27.91;36.61;8.46;7.79;23.58;7.72;15.81;18.39;29.24;10.51;7.17;10.39;23.95;14.48;NaN;14.99;14.08;28.24;71.41;9.75;19.16;25.07;30.61;17.58;17.68;17.36;10.60;10.05;34.68;8.09;33.47;39.74;7.38;15.81;25.47
2017.09.08 00:00;18.84;27.63;21.17;28.84;20.95;21.95;11.31;17.50;23.75;NaN;43.93;35.81;13.14;18.72;16.85;18.64;6.87;17.26;25.03;15.57;36.04;8.69;38.29;11.91;10.02;24.66;18.50;21.09;18.15;13.64;23.99;12.36;27.89;11.66;NaN;5.65;12.63;NaN;26.34;28.34;37.00;8.65;7.81;23.56;7.93;15.80;18.49;29.45;9.71;7.18;10.48;24.11;14.80;NaN;14.69;13.79;28.63;72.50;9.86;19.55;24.69;30.99;17.39;17.67;17.53;10.42;10.15;34.90;7.90;32.23;40.02;7.15;15.59;25.20
2017.09.11 00:00;18.99;27.89;21.19;29.87;21.76;21.80;11.45;17.32;24.01;NaN;44.47;36.97;13.24;18.57;17.21;19.33;7.06;17.21;25.03;16.02;36.19;9.12;39.93;12.38;10.39;25.35;19.80;22.35;18.12;13.75;24.65;12.38;27.54;11.80;NaN;5.81;12.95;NaN;27.66;28.68;36.71;8.67;7.91;23.95;7.88;16.27;18.74;29.69;9.63;7.18;10.72;24.11;15.38;NaN;15.01;14.05;29.01;73.47;9.90;19.72;25.10;31.21;17.75;17.75;17.68;10.61;10.27;35.15;8.29;32.81;40.79;6.97;15.91;25.84
2017.09.12 00:00;19.69;26.43;21.13;29.53;21.72;21.80;11.55;16.93;24.12;NaN;44.45;37.78;13.12;18.30;17.12;19.49;7.31;17.47;24.99;15.92;36.20;9.23;39.81;12.20;10.13;25.18;20.16;22.68;18.33;13.96;24.91;12.43;27.53;11.65;NaN;5.67;12.80;NaN;27.39;28.60;36.62;8.65;7.95;23.89;7.83;16.58;18.58;30.50;8.49;7.12;10.49;24.17;15.84;NaN;14.89;13.94;28.83;74.10;9.82;19.69;24.84;31.47;17.76;17.67;17.56;10.57;10.21;35.68;8.26;32.96;41.19;6.95;15.89;25.46
2017.09.13 00:00;19.85;27.90;21.13;29.72;21.82;21.64;11.72;17.13;23.87;NaN;45.33;37.17;13.43;18.19;17.17;19.58;7.16;18.03;25.01;15.81;36.53;9.05;41.40;12.12;10.15;25.21;19.74;22.19;18.52;13.78;24.95;12.36;27.01;11.48;NaN;5.58;13.04;NaN;28.09;28.90;37.44;8.57;7.97;24.06;8.01;16.73;18.76;30.21;8.89;7.11;10.38;24.19;16.33;NaN;15.17;14.09;28.50;73.47;9.84;19.05;24.85;31.07;17.75;17.71;17.53;10.69;10.25;36.07;8.22;32.51;41.77;7.20;16.12;25.79
2017.09.14 00:00;19.86;28.80;21.56;29.74;21.65;21.85;11.87;17.33;22.90;NaN;45.40;37.08;13.59;19.60;17.35;19.60;7.16;18.46;25.00;15.78;36.14;9.03;41.85;12.37;10.30;25.02;20.09;22.54;18.32;13.81;24.36;12.43;26.93;11.40;NaN;5.44;13.42;NaN;28.70;29.19;37.24;8.56;8.00;24.00;8.32;16.56;19.18;30.21;10.09;7.03;10.34;24.37;16.52;NaN;15.14;14.10;28.54;74.06;9.95;18.96;24.28;30.54;17.81;17.43;17.53;10.55;10.31;36.25;8.19;31.43;41.51;7.44;16.49;25.75
2017.09.15 00:00;20.11;29.99;21.80;30.18;22.11;22.38;11.79;17.14;22.94;NaN;46.37;37.35;14.19;21.00;17.84;19.62;7.24;18.69;25.05;15.97;36.66;9.43;41.79;12.41;10.32;24.49;20.22;22.62;18.43;14.32;24.81;12.31;25.98;11.61;NaN;5.53;13.55;NaN;29.53;29.87;38.61;8.72;8.18;24.45;8.57;17.36;19.58;31.28;10.23;7.10;10.58;25.33;16.90;NaN;15.07;14.10;29.25;74.57;10.20;19.07;24.80;31.03;17.68;17.67;17.78;10.69;10.43;36.56;8.43;31.60;42.30;7.55;16.88;25.84
2017.09.18 00:00;19.87;29.80;21.94;30.59;22.30;22.24;11.61;17.05;23.06;NaN;46.45;37.44;14.14;20.64;17.49;19.32;7.38;18.51;25.05;16.11;35.98;9.75;41.75;12.63;10.19;24.87;20.50;22.78;18.39;14.03;24.63;12.39;25.87;11.70;NaN;5.64;13.86;NaN;29.03;30.01;38.06;8.65;8.23;24.62;8.23;17.05;19.80;31.55;9.99;7.03;10.52;24.74;17.02;NaN;15.21;14.10;29.48;74.44;10.50;18.87;24.82;30.84;17.95;17.92;17.76;10.92;10.23;36.39;9.03;32.02;42.32;7.33;17.43;25.27
2017.09.19 00:00;20.05;30.03;22.39;30.56;22.37;21.88;11.50;17.03;22.90;NaN;46.50;38.18;14.15;20.42;17.49;19.19;7.15;18.26;25.05;16.23;35.94;9.47;41.34;12.35;10.31;24.65;20.23;23.16;18.37;13.97;24.81;12.37;25.46;11.36;NaN;5.50;13.81;NaN;29.04;30.53;38.26;8.64;8.20;24.53;8.16;17.28;19.78;30.76;9.70;6.90;10.60;24.76;16.25;NaN;15.26;14.19;29.98;74.70;10.57;19.23;24.66;30.16;18.30;18.58;17.28;11.16;10.43;36.45;8.94;31.71;42.86;7.48;17.30;25.26
2017.09.20 00:00;20.13;30.30;22.87;30.75;22.24;21.82;11.41;17.14;22.44;NaN;46.89;40.74;13.86;20.12;17.26;18.71;7.26;18.67;25.04;16.26;36.33;9.17;41.64;12.62;10.11;24.45;20.66;23.55;17.99;13.92;24.59;12.24;26.22;11.29;NaN;5.39;13.62;NaN;28.52;30.66;37.99;8.58;8.12;24.27;8.07;17.22;19.34;30.61;9.29;6.85;10.45;24.18;16.09;NaN;15.84;14.88;30.37;73.28;10.49;18.88;24.51;31.11;18.60;18.52;17.30;11.27;10.36;36.73;9.08;31.01;42.74;7.49;16.72;25.93
2017.09.21 00:00;20.02;30.38;23.05;31.42;22.25;21.64;11.35;17.26;21.83;NaN;47.12;40.19;13.69;20.19;17.06;18.42;7.22;18.50;25.03;16.28;36.24;8.90;41.41;12.57;10.21;24.24;19.95;22.70;17.98;13.78;24.16;11.99;26.82;11.02;NaN;5.32;14.14;NaN;28.03;30.60;38.09;8.65;8.13;24.31;7.98;17.14;19.04;30.51;9.36;6.75;10.45;24.08;15.72;NaN;15.65;14.69;29.89;73.64;10.39;19.07;24.26;31.05;18.51;18.25;17.05;11.26;10.14;36.56;9.25;30.39;42.38;7.57;16.56;26.95
2017.09.22 00:00;20.17;29.84;23.06;31.23;22.19;21.69;11.42;17.14;21.56;NaN;47.08;39.57;13.51;20.42;16.82;18.27;7.02;18.30;25.04;15.72;35.21;8.44;41.61;12.43;10.06;24.15;19.72;22.58;17.87;13.59;24.36;12.00;26.87;10.80;NaN;5.22;13.79;NaN;28.46;30.10;37.85;8.76;8.11;24.39;8.06;17.26;19.20;30.51;9.23;6.68;10.31;24.00;15.61;NaN;15.67;14.71;29.83;72.64;10.84;18.85;24.76;31.71;18.46;18.27;17.09;11.17;10.37;36.76;9.13;29.83;41.81;7.35;16.20;27.56
2017.09.25 00:00;20.15;29.39;22.44;30.79;21.82;21.67;11.35;17.14;20.92;NaN;45.75;38.54;13.28;19.67;16.64;17.89;6.67;18.03;25.04;15.38;35.22;8.17;40.40;11.84;9.91;24.01;19.22;22.17;17.83;13.43;23.58;11.81;25.98;10.47;NaN;4.96;13.40;NaN;27.27;29.96;36.98;8.61;8.02;24.15;7.97;17.12;18.70;30.46;8.83;6.61;9.89;23.56;15.26;NaN;15.78;14.85;30.45;72.24;11.14;18.73;24.37;31.36;18.30;17.92;16.86;11.07;10.06;36.67;7.99;29.07;41.67;7.14;16.10;25.93
2017.09.26 00:00;19.85;28.87;22.16;30.96;21.79;21.76;11.35;17.14;21.07;NaN;45.75;38.87;13.32;19.21;16.33;18.48;6.52;17.94;25.02;15.44;35.15;8.24;40.02;11.77;10.01;24.43;19.24;22.17;17.84;13.53;23.71;11.93;26.47;10.60;NaN;5.01;13.16;NaN;27.25;29.74;36.62;8.55;8.02;24.20;8.12;16.52;18.70;30.65;9.10;6.60;10.05;23.48;15.31;NaN;15.61;14.59;29.75;72.30;11.35;18.47;23.98;31.00;17.31;17.37;16.54;11.17;10.06;36.73;8.12;29.45;41.61;7.02;15.75;26.84
2017.09.27 00:00;19.77;28.76;21.82;30.80;21.56;21.50;11.30;17.22;21.29;NaN;45.88;38.11;13.14;19.77;16.06;18.16;6.41;17.70;25.00;15.25;34.02;8.05;38.49;11.43;9.92;24.04;18.68;21.17;18.28;13.64;23.65;11.82;26.48;10.65;NaN;4.94;12.90;NaN;26.34;29.41;37.01;8.43;7.90;24.21;8.19;16.78;18.29;30.46;8.40;6.53;9.91;23.40;15.15;NaN;15.36;14.35;29.14;71.51;11.59;18.22;23.80;30.34;16.94;17.42;16.54;11.07;9.96;35.92;7.74;29.85;40.91;6.86;15.58;26.80
2017.09.28 00:00;19.74;28.24;21.62;30.55;21.29;21.52;10.97;17.05;21.14;NaN;45.59;38.19;12.95;19.82;16.16;18.35;6.52;18.13;25.00;15.11;33.53;7.89;39.72;11.41;10.05;24.35;18.35;20.80;17.85;13.35;23.61;11.84;26.34;10.37;NaN;4.84;12.75;NaN;26.30;29.01;36.18;8.35;7.89;24.08;7.99;16.39;18.42;30.91;8.70;6.33;9.77;23.17;15.09;NaN;15.39;14.38;29.14;71.56;11.70;17.97;23.54;30.23;16.45;18.32;16.61;10.97;10.04;35.50;7.37;29.68;40.96;7.25;15.55;27.88
2017.09.29 00:00;19.72;29.19;22.10;30.88;21.60;21.60;11.20;17.00;21.47;NaN;45.67;38.46;13.11;20.82;16.44;18.77;6.46;19.03;25.04;14.88;33.72;8.35;40.46;11.78;10.38;24.28;18.55;20.84;17.72;13.47;24.00;11.85;26.56;10.54;NaN;5.01;13.40;NaN;27.55;29.32;37.38;8.31;8.04;24.29;8.23;16.42;18.93;31.84;9.13;6.41;10.01;23.57;15.21;NaN;15.29;14.34;30.13;73.12;12.09;17.88;23.83;30.83;16.73;17.87;16.96;10.84;10.14;35.42;7.56;29.79;41.14;7.81;15.79;28.10
2017.10.02 00:00;19.40;28.71;22.08;30.92;21.81;21.34;11.25;16.78;21.55;NaN;45.44;38.73;13.13;22.46;16.27;18.36;6.44;18.81;25.06;14.58;34.21;8.58;40.12;11.74;10.39;24.06;19.28;21.74;17.89;13.35;23.28;11.83;26.21;10.50;NaN;5.04;13.62;NaN;27.01;29.85;37.33;8.47;7.99;24.33;8.40;16.38;18.80;31.87;9.58;6.36;9.96;23.49;14.93;NaN;15.38;14.44;29.52;73.74;12.25;18.08;23.84;31.18;16.83;18.23;17.02;10.85;10.04;35.51;7.66;29.82;41.05;7.95;15.73;28.85
2017.10.03 00:00;20.07;29.89;22.58;32.18;22.75;21.51;11.19;16.87;22.18;NaN;47.00;40.36;13.41;24.33;16.52;18.46;6.82;20.02;25.13;14.74;35.20;9.43;40.95;12.05;10.50;24.60;20.47;23.28;17.94;13.49;23.62;11.95;26.18;10.88;NaN;5.32;14.45;NaN;27.38;30.81;37.77;8.45;8.30;25.17;8.52;16.79;19.31;32.93;9.72;6.61;10.22;23.65;15.36;NaN;16.09;14.98;29.90;76.16;12.80;18.59;24.38;31.51;16.64;18.20;17.03;11.12;10.00;36.62;8.41;30.55;41.96;8.15;16.34;29.46
2017.10.04 00:00;19.87;29.89;22.36;32.03;22.60;21.97;11.35;16.78;22.13;NaN;47.95;40.35;13.32;25.29;16.80;18.68;6.65;20.15;25.14;15.06;35.84;9.35;41.78;12.01;10.82;24.53;20.51;23.24;17.77;13.67;23.61;11.98;26.13;10.85;NaN;5.39;14.35;NaN;27.89;30.83;37.94;8.45;8.24;24.94;8.51;16.77;19.86;32.96;9.78;6.65;10.37;24.01;16.00;NaN;15.77;14.68;30.01;76.93;12.63;18.73;24.04;31.24;16.41;18.54;16.92;10.95;10.08;36.97;8.76;30.49;41.89;8.31;16.42;30.20
2017.10.05 00:00;19.90;30.11;22.05;32.55;22.62;22.10;11.56;17.23;21.90;NaN;47.50;40.25;12.99;23.94;16.60;18.81;6.79;19.33;25.16;15.36;35.56;9.15;41.90;12.23;10.78;24.91;20.16;23.04;17.61;13.70;23.86;11.99;26.60;10.58;NaN;5.16;15.22;NaN;27.69;31.19;37.83;8.33;8.29;25.34;8.50;17.06;20.01;32.75;9.64;6.57;10.14;24.14;15.48;NaN;16.03;14.91;30.21;77.73;12.28;18.29;24.49;31.40;16.52;18.68;17.47;11.11;10.16;36.75;8.70;30.17;41.87;8.01;16.48;28.78
2017.10.06 00:00;19.75;30.05;21.91;32.73;22.38;21.91;11.53;17.37;21.67;NaN;46.22;41.50;12.86;24.08;16.26;18.55;6.69;19.30;25.15;15.44;35.27;8.90;42.95;11.96;10.73;24.75;19.54;22.18;17.72;13.66;23.84;11.89;26.81;10.27;NaN;5.05;15.48;NaN;27.99;30.88;37.14;8.23;8.26;25.04;8.30;17.41;19.68;32.68;9.80;6.64;10.17;23.71;15.18;NaN;15.83;14.71;29.90;76.79;12.15;18.22;24.82;31.33;16.59;19.26;17.37;10.98;9.88;36.55;9.08;30.05;41.65;8.14;16.41;29.45
2017.10.09 00:00;19.75;29.99;21.77;32.37;22.37;21.88;11.43;17.22;21.27;NaN;45.95;41.74;12.95;23.63;16.23;18.53;6.67;19.22;25.15;15.39;34.88;8.60;42.48;11.78;10.47;24.56;19.45;22.16;17.72;13.56;23.79;11.89;26.79;10.21;NaN;5.08;15.50;NaN;27.56;30.83;37.63;8.46;8.13;24.75;8.16;17.06;19.39;32.71;9.57;6.33;10.20;23.76;15.25;NaN;15.94;14.90;29.83;76.87;12.49;18.34;25.24;31.98;16.63;19.19;17.11;11.02;10.00;35.83;8.92;29.45;41.85;7.98;16.41;28.69
2017.10.10 00:00;20.20;30.39;22.07;33.06;22.85;21.97;11.40;17.22;21.00;NaN;46.88;41.36;13.01;24.60;16.45;18.41;6.76;19.91;25.18;15.52;35.72;8.69;43.03;12.13;10.65;24.83;20.00;22.73;17.83;13.87;23.78;11.90;26.65;10.64;NaN;5.36;15.66;NaN;28.49;31.55;38.04;8.45;8.30;25.36;8.22;16.99;19.61;33.00;9.79;6.38;10.33;24.07;15.48;NaN;16.17;15.18;30.69;76.90;12.95;18.35;26.20;31.45;16.69;19.56;17.03;11.13;10.10;36.32;9.18;29.28;42.39;8.17;16.60;29.31
2017.10.11 00:00;20.27;29.84;22.18;33.09;22.75;21.95;11.44;17.41;20.77;NaN;46.96;41.60;13.05;23.54;16.81;18.54;6.77;18.77;25.17;15.35;35.63;8.38;43.51;12.23;10.99;24.79;19.74;22.28;17.64;13.78;23.84;11.96;26.79;10.52;NaN;5.27;15.53;NaN;28.27;31.75;38.49;8.50;8.28;25.22;8.36;17.22;19.53;32.75;9.47;6.57;10.41;24.06;15.02;NaN;16.09;15.07;30.13;76.38;13.05;17.97;25.71;31.04;16.59;19.90;17.15;11.12;10.15;36.31;9.42;29.08;42.19;7.99;16.82;28.23
2017.10.13 00:00;20.74;29.19;21.92;33.10;22.57;21.99;11.58;17.48;21.96;NaN;46.66;41.62;13.04;20.93;17.05;19.00;6.78;18.45;25.18;15.45;36.72;8.88;43.97;12.17;11.14;25.18;19.74;22.38;17.26;13.84;23.86;12.08;27.89;10.92;NaN;5.36;15.25;NaN;29.05;31.74;38.48;8.62;8.27;25.02;8.41;17.24;18.90;32.49;8.94;6.55;10.53;24.12;14.68;NaN;16.04;15.07;29.84;76.43;13.08;17.91;25.86;30.03;16.58;19.85;17.12;11.20;10.08;36.70;10.02;30.77;41.70;7.53;16.97;28.46
2017.10.16 00:00;20.54;28.70;22.00;33.18;22.51;21.74;11.80;18.26;21.98;NaN;45.20;42.42;13.01;20.08;17.26;19.00;6.65;18.58;25.18;15.13;36.23;8.80;43.08;12.11;11.13;24.91;19.58;22.18;16.83;13.63;23.66;11.92;27.52;10.90;NaN;5.28;14.61;NaN;28.47;31.72;38.66;8.74;8.24;24.89;8.31;17.69;18.29;32.13;8.52;6.50;10.33;23.99;15.18;NaN;16.09;15.11;29.26;76.89;13.30;18.05;26.88;29.54;16.53;20.35;16.69;11.38;10.22;36.93;9.99;31.18;41.70;7.27;16.82;27.99
2017.10.17 00:00;20.38;28.44;22.09;33.23;22.46;21.58;11.65;18.49;21.38;NaN;44.68;41.98;12.86;18.95;17.31;18.74;6.58;18.18;25.16;14.93;35.64;8.57;42.79;11.80;11.00;24.72;19.30;22.06;15.92;13.52;23.60;11.98;27.39;10.81;NaN;5.20;14.45;NaN;28.40;31.68;38.41;8.71;8.14;24.85;8.04;17.39;17.69;31.74;7.85;6.44;10.26;23.86;14.77;NaN;16.06;15.12;28.61;75.19;13.06;17.63;26.46;29.08;16.36;19.69;16.81;11.28;10.09;36.96;9.66;30.46;41.64;7.12;16.67;28.24
2017.10.18 00:00;20.41;28.90;22.64;33.11;22.36;21.91;11.85;19.03;21.24;NaN;45.50;42.19;12.90;20.61;17.58;18.82;6.68;18.56;25.20;15.63;35.80;8.61;43.85;11.82;11.46;24.59;19.55;22.40;16.07;13.86;23.69;12.09;27.75;11.13;NaN;5.30;15.11;NaN;28.84;31.79;39.08;8.80;8.18;24.89;7.92;17.61;18.08;33.11;8.70;6.46;10.41;24.49;15.09;NaN;16.06;15.15;29.01;76.59;13.27;18.12;26.46;29.09;16.58;19.24;16.80;11.52;10.36;37.10;9.38;30.17;41.87;7.64;16.70;28.65
2017.10.19 00:00;20.46;28.49;22.56;32.89;22.27;21.58;11.67;19.37;21.91;NaN;44.48;42.13;12.61;21.09;17.59;18.99;6.72;17.97;25.20;15.58;35.52;8.57;44.32;11.46;11.31;24.53;19.29;22.15;15.98;13.61;23.80;12.22;27.66;11.19;NaN;5.36;15.01;NaN;29.30;31.28;38.87;8.97;8.13;24.71;7.83;17.39;18.08;32.44;8.61;6.31;9.96;24.17;15.02;NaN;15.96;15.14;28.90;75.83;13.10;18.37;26.14;28.35;16.56;18.85;16.54;11.40;10.42;36.81;9.80;30.85;41.66;7.79;16.37;27.97
2017.10.20 00:00;20.18;29.29;22.74;33.18;22.16;21.88;11.72;19.69;21.87;NaN;44.42;42.94;12.48;22.17;17.48;19.22;6.73;17.97;25.21;15.69;35.86;8.83;45.16;11.54;11.20;24.43;20.34;23.47;16.15;13.50;23.98;11.90;28.20;11.15;NaN;5.30;15.28;NaN;29.74;31.05;39.24;9.13;8.13;24.66;7.73;17.70;18.27;32.58;8.91;6.33;10.25;24.04;15.10;NaN;16.01;15.21;28.82;74.49;13.52;18.28;26.01;28.49;16.64;19.56;16.54;11.52;10.53;36.78;9.81;30.80;42.17;7.62;16.57;28.06
2017.10.23 00:00;19.96;29.05;22.50;32.03;21.95;21.46;11.63;20.11;21.73;NaN;44.00;41.90;12.38;21.60;17.01;18.53;6.67;17.23;25.19;15.50;35.51;8.55;44.52;11.35;10.98;24.12;21.08;24.30;16.04;13.00;22.76;11.61;28.28;11.10;NaN;5.26;14.75;NaN;30.03;30.78;38.04;9.04;7.94;24.43;7.54;17.48;17.71;31.93;8.51;6.29;10.15;23.65;14.88;NaN;15.96;15.19;27.86;74.25;13.30;18.28;26.01;28.26;16.54;19.98;16.41;11.25;10.46;36.70;9.37;30.58;41.55;7.49;16.00;26.65
2017.10.24 00:00;19.98;29.96;22.61;32.32;22.24;21.67;11.52;20.11;22.49;NaN;44.48;43.03;12.41;22.14;17.15;18.21;6.72;17.54;25.23;15.48;35.57;8.71;44.66;11.44;11.14;24.27;21.21;24.30;16.25;13.19;22.95;11.78;27.70;11.47;NaN;5.38;15.31;NaN;30.98;30.83;38.44;8.97;8.11;24.61;7.53;17.53;17.70;32.76;8.46;6.40;10.28;23.62;15.25;NaN;16.30;15.48;27.85;74.90;13.35;18.41;26.36;28.44;16.50;20.03;16.29;11.41;10.44;37.14;9.73;31.63;41.72;7.67;16.48;27.16
2017.10.25 00:00;19.86;29.99;23.30;32.84;22.31;21.66;11.46;20.20;22.43;NaN;44.70;43.19;12.44;22.89;17.69;18.24;6.66;17.50;25.24;15.57;35.39;8.60;44.31;11.50;11.32;24.25;21.94;24.98;15.92;13.23;22.88;11.91;27.65;11.50;NaN;5.43;15.16;NaN;30.98;30.60;38.42;8.94;8.24;24.78;7.78;17.32;17.73;33.20;8.46;6.50;10.25;23.72;15.74;NaN;16.46;15.67;27.43;75.49;13.34;18.36;26.72;28.17;16.46;19.31;16.19;11.49;10.40;37.18;9.63;31.37;41.48;7.96;16.45;27.30
2017.10.26 00:00;19.72;29.59;23.03;32.43;22.11;21.51;11.37;20.02;21.70;NaN;44.41;43.08;12.23;22.19;17.32;17.89;6.85;17.35;25.27;15.37;35.26;8.29;42.79;11.21;11.23;24.11;22.04;25.12;16.14;12.78;23.23;11.80;27.25;11.21;NaN;5.21;14.76;NaN;30.64;30.60;37.87;9.06;8.15;24.63;7.46;17.26;17.36;32.07;8.08;6.32;9.97;23.46;15.60;NaN;16.54;15.68;27.42;73.12;13.02;17.93;25.75;28.58;16.68;19.57;15.78;11.57;10.32;37.27;9.50;30.54;42.25;7.75;15.94;27.01
2017.10.27 00:00;19.60;29.93;23.15;32.29;22.06;21.58;11.37;20.03;21.65;NaN;45.00;43.11;12.32;21.54;17.62;17.90;6.68;17.33;25.24;15.55;35.50;7.87;43.48;11.34;11.24;24.54;21.98;25.08;15.47;13.35;23.17;12.13;26.03;11.05;NaN;5.20;15.04;NaN;30.40;30.96;38.03;9.11;8.13;24.48;7.48;17.34;17.47;31.54;7.87;6.49;9.94;23.67;15.60;NaN;16.83;15.96;27.82;75.94;13.27;18.28;26.01;28.17;16.92;20.11;15.77;11.58;10.45;37.52;8.87;30.43;42.07;7.37;15.97;25.75
2017.10.30 00:00;19.64;28.49;22.41;31.15;21.67;21.12;11.40;19.64;21.25;NaN;44.01;48.27;12.08;20.70;17.15;17.46;6.51;17.10;25.30;15.23;34.37;7.43;42.63;11.00;11.06;24.12;21.21;24.15;15.31;13.05;23.24;11.97;25.68;10.74;NaN;4.94;14.25;NaN;28.88;30.76;37.21;9.06;7.90;24.16;7.32;17.03;16.96;31.07;7.78;6.19;9.36;23.21;14.91;NaN;16.78;15.73;27.82;75.23;12.80;17.97;25.54;27.80;16.83;19.52;15.62;11.23;10.41;37.17;8.47;30.24;41.31;7.36;15.57;25.66
2017.10.31 00:00;19.59;27.39;22.05;30.47;21.38;20.92;11.50;19.85;21.38;NaN;44.25;47.46;11.81;20.91;17.29;19.11;6.46;17.08;25.29;15.42;34.83;7.32;42.69;10.92;11.10;23.98;20.70;23.28;15.52;12.81;23.16;11.80;26.02;10.45;NaN;4.84;13.90;NaN;28.27;31.14;36.64;9.01;7.64;23.57;7.33;16.92;17.29;30.44;7.84;6.37;9.20;22.98;15.10;NaN;16.85;15.72;27.82;76.25;12.70;17.93;24.77;27.61;16.76;19.84;15.62;11.38;10.55;36.73;8.56;30.01;41.29;7.57;15.74;26.59
2017.11.01 00:00;19.44;27.35;22.03;30.08;20.71;20.69;11.57;18.94;21.60;NaN;43.56;45.83;12.00;21.92;17.02;19.66;6.19;16.94;25.30;15.48;34.46;7.09;43.23;10.92;11.07;23.86;19.48;21.86;15.35;13.04;23.42;11.93;26.14;10.18;NaN;4.68;13.91;NaN;28.47;31.64;36.68;9.14;7.58;23.17;7.23;17.01;16.79;30.34;8.24;6.24;9.53;23.06;14.87;NaN;16.96;15.84;28.30;76.94;12.25;17.87;25.17;28.11;16.73;20.19;15.51;11.22;10.93;36.16;8.25;30.68;41.22;7.32;15.66;26.16
2017.11.03 00:00;19.30;26.79;21.54;29.54;20.92;20.57;11.17;18.48;22.24;NaN;42.93;45.61;11.83;20.45;16.92;20.41;5.85;16.82;25.32;15.67;34.51;6.93;42.24;10.85;10.93;23.63;18.48;20.91;16.24;13.02;23.44;11.85;25.77;10.29;NaN;4.87;13.24;NaN;27.25;31.26;36.57;9.20;7.65;23.50;7.08;17.21;15.59;30.50;7.57;6.09;9.49;23.04;14.28;NaN;17.13;15.88;27.58;77.98;12.30;17.82;25.51;27.33;16.78;20.78;15.75;11.18;10.80;36.03;8.11;31.36;40.42;7.37;15.86;25.82
2017.11.06 00:00;19.25;26.83;21.55;29.30;20.83;21.31;11.10;18.40;22.55;NaN;42.66;45.91;11.77;19.56;16.65;20.61;5.95;16.52;25.32;15.45;34.66;7.30;41.70;10.75;10.92;24.19;19.45;22.04;16.11;12.91;23.14;11.84;25.64;10.46;NaN;4.95;13.28;NaN;27.05;30.73;36.61;9.34;7.67;23.61;7.29;16.97;15.50;31.61;7.01;6.04;9.31;22.82;14.03;NaN;17.51;16.34;27.03;78.78;12.31;17.71;25.54;27.38;16.58;19.74;15.80;11.04;11.01;36.59;8.62;32.10;40.50;7.32;16.05;25.48
2017.11.07 00:00;18.93;25.89;20.85;27.83;20.20;20.52;10.84;18.36;21.84;NaN;42.25;45.11;11.51;17.69;16.03;19.91;5.80;16.87;25.30;15.15;33.65;6.98;41.11;10.31;10.55;23.92;19.92;22.33;16.19;12.86;22.29;11.62;25.07;10.09;NaN;4.66;12.48;NaN;26.69;29.69;35.63;9.34;7.51;23.05;6.94;16.55;15.09;30.70;6.34;5.93;9.27;22.47;13.63;NaN;16.70;15.47;26.80;78.97;11.90;18.66;25.10;26.37;17.02;19.16;15.46;10.75;11.22;35.92;7.87;31.34;40.12;7.21;15.62;25.40
2017.11.08 00:00;19.00;26.99;21.43;29.29;20.93;21.32;11.20;18.04;22.25;NaN;43.26;46.53;12.06;18.54;16.28;19.85;6.01;17.84;25.34;15.36;34.46;7.18;42.74;10.67;10.85;25.14;20.19;22.81;16.03;13.01;23.21;11.99;25.46;10.21;NaN;4.86;14.04;NaN;27.16;30.28;36.21;9.48;7.75;23.89;7.35;16.76;15.57;31.57;6.78;6.59;9.46;23.21;14.39;NaN;17.16;15.89;27.66;79.94;12.60;18.94;26.25;27.22;16.95;19.61;15.42;11.23;11.13;36.28;8.50;31.73;40.69;7.27;16.08;27.31
2017.11.09 00:00;18.95;27.19;21.07;28.54;20.17;21.17;11.28;17.77;21.13;NaN;43.00;45.69;11.83;18.06;16.14;19.72;5.85;17.11;25.34;14.63;34.57;6.82;41.99;10.22;10.68;25.26;19.19;21.59;15.66;13.01;22.96;11.75;24.95;9.99;NaN;4.66;13.62;NaN;26.50;29.87;35.87;9.44;7.63;23.24;7.78;17.14;15.18;30.45;6.36;6.60;9.38;22.80;14.43;NaN;16.93;15.67;26.83;79.23;12.21;18.85;25.38;26.72;16.87;20.62;15.45;10.99;10.53;34.82;8.28;30.66;40.32;7.00;16.03;26.40
2017.11.10 00:00;18.94;27.08;20.67;27.69;20.19;21.20;11.10;17.98;21.02;NaN;41.02;44.88;11.60;17.47;15.74;19.64;5.65;16.61;25.36;14.19;33.77;6.67;40.25;10.33;10.50;24.68;18.78;20.85;15.52;12.93;22.95;11.80;24.47;9.81;NaN;4.51;13.40;NaN;25.97;29.42;35.52;9.41;7.63;23.28;7.58;16.61;15.05;29.64;6.03;6.54;9.27;22.56;13.94;NaN;16.95;15.67;26.19;78.88;11.45;18.92;25.32;26.87;16.55;20.07;15.55;10.83;10.48;32.94;8.36;30.64;39.96;6.49;16.01;25.38
2017.11.13 00:00;18.95;26.79;20.95;27.73;20.29;21.09;11.40;18.04;21.25;NaN;41.90;43.88;11.45;17.80;15.68;19.49;5.65;16.85;25.38;13.91;33.98;6.84;40.90;10.33;10.63;24.69;19.01;21.28;15.41;12.98;22.90;12.01;24.70;9.97;NaN;4.57;12.84;NaN;26.17;29.14;35.47;9.47;7.63;23.39;7.78;16.98;15.17;29.58;6.29;6.76;9.41;22.07;14.29;NaN;16.91;15.60;26.14;78.02;12.05;18.47;25.50;27.54;16.81;19.66;15.49;10.95;10.62;33.74;8.70;30.98;39.93;6.86;15.75;26.42
2017.11.14 00:00;18.93;26.43;20.60;27.07;19.86;20.75;11.50;17.62;20.51;NaN;41.90;42.22;11.24;18.43;15.48;19.46;5.47;16.66;25.37;13.91;32.70;6.44;40.56;10.15;10.60;24.42;18.29;20.39;15.20;12.63;23.04;12.12;24.57;9.50;NaN;4.32;12.49;NaN;25.28;29.54;35.17;9.39;7.52;22.94;7.57;16.30;14.99;29.29;6.76;6.64;9.28;22.18;14.26;NaN;15.52;14.39;25.40;77.31;11.75;18.33;24.50;27.30;16.89;19.23;15.08;10.77;10.62;33.48;8.04;30.07;39.67;7.22;15.51;25.81
2017.11.16 00:00;19.14;26.69;21.69;28.35;20.38;20.97;11.26;17.68;20.79;NaN;41.96;41.94;11.37;19.01;16.06;19.80;5.49;17.51;25.39;14.15;33.05;6.39;42.68;10.59;10.87;25.09;18.80;20.80;15.21;12.77;23.61;12.38;24.75;9.78;NaN;4.45;13.12;NaN;25.95;30.41;36.33;9.37;7.64;23.52;7.63;16.84;15.09;30.42;7.01;6.78;9.80;22.84;15.69;NaN;15.81;14.82;25.50;78.72;12.05;18.94;25.84;28.72;17.30;19.52;15.55;11.07;10.92;33.98;8.35;30.48;39.98;7.47;16.08;26.85
2017.11.17 00:00;19.25;26.72;21.85;28.83;20.74;20.71;11.57;18.22;21.57;NaN;42.36;42.80;11.48;18.84;16.22;19.98;5.55;18.15;25.39;14.10;33.63;6.71;43.48;10.70;11.18;24.88;18.95;20.91;15.20;12.81;23.70;12.46;24.57;10.06;NaN;4.55;13.63;NaN;26.89;30.92;36.57;9.39;7.73;23.85;7.51;16.88;15.17;31.03;7.29;6.78;9.73;23.14;16.04;NaN;15.98;15.02;25.72;82.28;12.25;19.45;26.15;28.72;17.26;19.90;15.74;11.29;10.77;34.11;8.48;30.78;40.23;7.84;16.51;28.22
2017.11.21 00:00;19.50;27.99;22.40;29.33;21.21;20.90;11.55;17.98;22.31;NaN;42.30;43.25;11.72;18.31;16.22;20.32;5.71;18.10;25.39;14.21;34.00;6.64;44.90;10.87;11.56;25.23;19.20;21.10;15.51;12.90;24.24;12.52;24.92;10.05;NaN;4.58;14.30;NaN;27.42;31.12;37.09;9.48;7.84;24.32;7.63;17.04;15.47;31.73;7.45;7.02;9.93;23.33;15.89;NaN;15.82;14.91;26.23;84.47;12.98;19.52;26.35;29.97;17.47;20.11;15.87;11.47;11.01;34.75;9.08;31.83;40.51;7.47;17.13;28.38
2017.11.22 00:00;19.52;27.87;22.66;29.13;20.97;20.81;11.64;17.68;22.70;NaN;41.19;43.06;11.54;17.71;16.20;20.12;5.68;18.04;25.40;14.34;34.21;6.89;45.55;10.67;11.78;25.30;19.43;21.81;15.46;12.88;24.36;12.52;24.26;10.23;NaN;4.71;14.25;NaN;28.06;30.89;36.72;9.56;7.82;24.09;7.70;16.75;15.30;31.03;7.42;6.99;10.08;22.96;15.60;NaN;15.96;15.10;26.03;84.28;13.35;19.39;26.44;31.41;17.24;19.32;15.93;11.42;10.66;34.33;9.09;32.48;40.20;7.58;17.38;28.10
2017.11.23 00:00;19.41;27.80;22.64;29.17;20.82;20.61;11.60;17.65;22.90;NaN;41.21;42.90;11.57;17.34;15.96;19.89;5.93;18.02;25.38;14.50;34.46;6.99;45.31;10.75;11.49;25.50;19.72;22.26;15.46;12.97;24.31;12.63;24.28;10.39;NaN;4.78;14.40;NaN;27.01;30.39;36.85;9.51;7.81;24.02;7.69;16.45;15.09;30.72;7.22;6.89;10.00;23.19;15.54;NaN;16.09;15.18;26.28;84.81;13.10;19.37;26.17;30.81;17.13;19.05;15.97;11.71;10.62;34.55;8.97;32.91;39.97;7.45;17.23;28.64
2017.11.24 00:00;19.32;28.08;22.49;29.01;20.63;20.48;11.35;17.59;23.08;NaN;40.37;43.69;11.75;17.16;15.82;19.69;5.76;17.92;25.37;14.49;34.01;6.89;46.10;11.02;11.33;25.24;19.45;21.95;15.19;12.90;24.35;12.65;23.67;10.31;NaN;4.72;14.27;NaN;27.07;30.51;36.95;9.54;7.74;23.79;7.67;16.45;15.04;30.55;7.56;6.98;10.10;23.15;15.11;NaN;16.01;15.09;26.23;86.29;12.89;19.40;26.39;30.85;16.90;18.89;16.31;11.58;10.53;34.07;8.92;33.46;39.61;7.67;17.01;28.65
2017.11.27 00:00;19.44;27.95;22.46;28.61;20.60;20.35;11.36;17.54;22.81;NaN;39.80;42.15;11.88;17.41;15.68;19.72;5.90;17.97;24.83;15.15;34.15;6.95;45.25;10.91;11.73;25.15;19.34;21.63;15.36;12.79;24.41;12.65;23.92;10.59;NaN;4.86;14.70;NaN;26.22;30.51;36.57;9.54;7.86;23.94;7.70;16.85;15.24;30.31;7.33;6.82;10.07;23.12;14.96;NaN;15.78;14.88;26.12;87.59;12.95;19.34;26.25;31.27;17.13;18.67;16.65;11.62;10.69;33.86;9.13;33.10;40.10;7.74;16.94;28.74
2017.11.28 00:00;19.47;28.14;22.45;29.04;20.66;20.37;11.12;17.32;23.16;NaN;40.04;41.36;11.75;18.02;15.56;19.55;6.05;17.75;24.97;15.56;34.16;6.76;45.21;10.75;11.69;24.94;19.01;21.22;15.21;12.74;23.69;12.47;24.48;10.51;NaN;4.81;14.89;NaN;25.75;30.73;36.85;9.51;7.83;23.98;7.65;16.79;15.35;30.88;7.23;6.93;10.06;22.81;14.96;NaN;15.75;14.85;25.48;87.51;13.09;19.53;25.88;31.27;17.07;18.09;16.89;11.74;10.49;33.54;9.00;33.89;39.82;7.57;16.85;29.04
2017.11.29 00:00;19.27;27.74;21.75;27.72;20.27;20.26;10.86;17.27;22.72;NaN;39.29;41.38;11.39;17.34;15.20;19.63;5.86;17.37;23.25;15.06;34.04;6.53;44.86;10.63;11.24;24.55;18.77;20.81;15.41;12.68;23.79;12.50;24.01;10.63;NaN;4.87;14.50;NaN;25.06;30.07;36.84;9.54;7.65;23.48;7.58;16.42;15.14;30.20;7.16;6.89;9.97;22.50;14.55;NaN;15.39;14.37;24.48;86.36;12.80;19.24;25.49;30.71;17.20;17.71;16.74;11.46;10.25;33.09;8.64;33.38;39.21;7.52;16.86;27.91
2017.11.30 00:00;19.27;26.86;21.51;26.63;20.14;20.28;10.85;17.14;22.55;NaN;38.48;41.16;11.26;16.93;15.04;19.55;5.51;17.30;19.31;14.57;33.37;6.39;44.44;10.39;11.16;24.09;17.59;19.62;15.50;12.28;23.72;12.37;23.64;10.61;NaN;4.82;14.09;NaN;24.79;29.91;36.54;9.64;7.56;23.14;7.69;16.11;14.58;29.96;6.99;6.78;9.71;22.35;14.22;NaN;15.43;14.42;24.38;85.79;13.02;18.62;25.02;30.30;16.73;17.24;16.41;11.14;9.80;33.01;8.31;32.85;38.82;7.33;16.92;27.79
2017.12.01 00:00;19.16;26.94;21.30;27.39;20.09;20.41;11.00;17.14;22.81;NaN;38.50;41.00;11.60;16.64;15.63;19.74;5.71;17.02;18.41;14.45;33.22;6.45;44.19;10.43;11.70;24.02;17.60;19.67;15.36;12.43;23.51;12.40;24.01;10.58;NaN;4.82;14.24;NaN;25.39;30.11;36.33;9.63;7.63;23.13;7.90;16.11;14.86;30.05;7.16;6.81;9.64;22.28;14.35;NaN;15.58;14.63;24.32;85.48;12.75;19.10;25.33;30.06;17.21;17.46;16.21;11.15;10.05;32.87;8.63;33.17;39.61;7.42;16.76;27.47
2017.12.04 00:00;19.29;27.24;21.20;28.05;20.43;20.51;11.02;17.52;23.65;NaN;38.46;41.08;11.99;16.06;15.74;19.96;5.78;16.96;17.48;14.84;33.70;6.53;44.64;10.54;11.43;24.36;17.89;20.34;15.29;12.49;23.56;12.43;23.85;10.81;NaN;5.05;14.46;NaN;25.59;30.66;36.71;9.54;7.66;23.47;8.54;16.00;15.00;29.77;7.10;7.07;9.57;22.46;14.99;NaN;15.56;14.51;24.28;84.80;12.80;19.23;26.27;30.71;17.00;17.22;16.30;11.24;10.11;33.34;8.72;34.43;39.81;7.12;17.12;27.75
2017.12.05 00:00;19.26;27.06;20.98;27.64;20.22;20.66;11.08;17.59;22.97;NaN;37.44;41.22;11.67;15.72;15.52;20.05;5.68;16.87;16.79;14.82;33.07;6.31;44.32;10.73;11.57;24.08;17.76;19.91;15.39;12.38;23.36;12.55;23.39;10.65;NaN;5.02;14.54;NaN;25.75;31.65;36.69;9.44;7.63;23.33;8.53;15.94;14.99;29.48;7.07;6.83;9.56;22.56;14.92;NaN;15.40;14.35;23.85;85.11;12.55;19.06;26.40;30.62;17.02;17.54;16.30;11.14;9.98;33.31;8.35;33.67;39.76;7.42;17.60;27.56
2017.12.06 00:00;19.41;26.99;20.78;28.48;20.43;21.00;10.98;17.72;22.82;NaN;36.84;41.00;11.80;16.48;15.59;20.22;5.68;17.60;17.48;15.02;32.85;6.52;44.56;10.82;11.67;24.01;17.93;20.35;15.75;12.13;23.62;12.63;22.84;10.65;NaN;5.00;14.44;NaN;25.97;31.75;36.83;9.54;7.74;23.58;8.55;16.07;15.23;30.37;7.17;6.88;9.78;22.60;15.36;NaN;15.47;14.55;24.40;85.40;12.86;19.68;26.91;31.01;16.91;18.60;16.05;11.36;9.99;33.38;8.60;33.43;40.55;7.53;17.64;28.42
2017.12.07 00:00;19.42;26.98;20.40;27.38;20.28;21.23;10.75;17.85;22.45;NaN;35.79;40.50;11.65;16.06;15.20;20.00;5.59;16.89;17.22;15.06;33.06;6.35;44.41;10.55;11.32;23.80;17.74;19.92;15.99;12.00;23.20;12.55;23.00;10.79;NaN;4.94;14.43;NaN;26.07;31.36;36.47;9.46;7.65;23.50;8.36;15.89;15.00;30.23;7.93;6.78;9.73;22.28;15.02;NaN;15.34;14.31;23.93;85.79;12.49;19.52;27.05;30.52;16.97;18.42;15.81;11.23;9.87;33.37;8.49;33.04;40.92;7.43;17.05;27.84
2017.12.08 00:00;19.70;26.89;20.11;27.54;20.34;20.98;10.81;18.02;22.88;NaN;36.71;40.23;11.60;16.75;15.17;19.92;5.60;16.22;17.19;14.88;32.37;6.40;44.96;10.63;11.57;23.70;17.44;19.72;16.27;12.10;23.01;12.54;24.01;11.20;NaN;5.08;14.17;NaN;26.06;31.06;36.77;9.46;7.68;23.70;8.54;15.78;15.09;30.46;8.61;6.67;9.64;22.28;14.97;NaN;15.37;14.39;23.66;85.79;12.48;19.66;27.70;30.56;16.88;18.49;16.04;11.32;10.00;33.15;8.41;33.17;40.92;7.75;17.12;28.51
2017.12.11 00:00;19.82;26.69;20.40;27.32;20.34;21.04;10.70;17.63;23.14;NaN;36.82;41.12;11.67;16.73;15.06;20.11;5.63;15.77;16.54;15.14;32.80;6.51;44.36;10.74;11.33;23.73;17.20;19.29;16.55;12.14;23.77;12.64;24.15;11.33;NaN;5.16;13.95;NaN;25.68;30.76;36.84;9.51;7.71;23.76;8.36;15.45;14.98;30.42;8.58;6.71;9.78;22.14;14.65;NaN;15.45;14.42;23.29;85.48;12.30;19.66;27.77;30.76;16.74;18.19;15.91;11.21;9.83;33.20;8.68;33.43;40.56;7.75;17.11;27.11
2017.12.12 00:00;20.15;26.82;20.82;27.91;20.74;21.12;10.55;17.42;23.55;NaN;37.21;41.24;11.81;16.55;15.49;20.58;5.64;16.45;16.59;15.02;33.58;6.72;44.53;10.79;11.53;23.83;17.46;19.54;16.47;12.14;23.89;12.79;24.42;11.49;NaN;5.20;13.94;NaN;25.20;31.37;36.84;9.54;7.79;23.95;8.61;15.76;14.95;30.64;8.58;6.93;10.31;22.11;15.06;NaN;15.66;14.52;23.24;84.13;12.06;19.55;28.27;30.96;16.83;18.16;16.45;11.38;9.75;34.28;8.63;33.82;41.56;7.44;17.34;28.36
2017.12.13 00:00;19.73;26.54;20.34;27.24;20.39;21.18;10.64;17.31;23.42;NaN;37.30;41.49;11.75;16.75;15.15;20.31;5.46;16.71;16.83;14.67;35.32;6.64;44.14;10.73;11.16;23.66;17.03;19.01;16.15;12.12;23.89;12.77;24.42;11.25;NaN;5.10;13.94;NaN;24.41;30.97;36.14;9.36;7.69;23.42;8.42;15.81;14.78;29.97;8.46;6.77;10.10;22.00;14.83;NaN;15.42;14.23;22.50;84.33;11.86;19.37;27.83;31.04;17.14;17.82;16.12;11.70;9.57;34.33;8.44;33.76;41.78;7.39;17.53;28.33
2017.12.14 00:00;19.65;26.27;20.41;27.14;20.23;21.12;10.35;17.12;23.52;NaN;36.36;41.85;11.57;16.65;14.73;20.10;5.34;16.51;16.59;14.54;35.40;6.64;44.98;10.72;10.95;23.67;16.38;18.48;16.24;12.19;23.75;12.53;24.85;11.33;NaN;5.25;13.69;NaN;24.22;31.74;36.09;9.41;7.66;23.05;8.51;15.37;14.75;29.50;8.51;6.79;10.09;21.85;14.34;NaN;15.29;14.07;22.69;84.51;11.57;19.46;27.61;30.82;17.07;17.90;16.17;11.54;9.62;34.21;8.41;33.88;41.71;7.44;17.11;28.10
2017.12.15 00:00;19.59;25.59;20.33;27.29;20.15;21.27;10.35;17.03;24.18;13.34;35.95;41.24;11.56;16.86;15.00;20.29;5.41;16.47;16.70;14.72;36.33;6.75;45.68;10.75;11.19;24.14;16.53;18.66;16.10;12.19;24.33;12.70;24.93;11.54;NaN;5.44;13.88;NaN;24.55;31.68;36.18;9.27;7.70;23.12;8.57;15.80;15.07;29.22;8.54;6.68;10.29;22.05;14.43;NaN;15.05;14.01;22.35;85.59;11.33;19.69;27.46;31.08;16.82;17.99;16.04;11.64;9.92;34.02;8.42;34.49;41.26;7.80;17.45;29.22
2017.12.18 00:00;19.60;25.79;20.39;27.65;20.31;21.33;10.30;17.59;24.45;13.38;36.00;41.77;11.71;18.17;15.06;20.05;5.43;16.71;17.23;14.55;36.10;6.52;45.96;10.83;11.34;24.23;16.64;18.77;16.12;12.24;24.33;12.48;24.90;11.47;NaN;5.26;13.89;NaN;23.82;32.23;36.18;9.26;7.66;23.11;8.75;15.92;15.25;29.13;8.46;6.66;10.44;22.17;14.67;NaN;15.32;14.27;23.53;85.33;12.01;19.87;27.41;30.71;17.08;18.05;16.01;11.76;9.81;33.95;8.30;35.38;41.38;7.74;17.40;29.92
2017.12.19 00:00;19.54;25.89;20.27;27.49;20.18;21.22;10.19;17.50;24.50;13.30;35.59;40.57;11.51;17.83;14.73;19.91;5.31;16.67;17.11;14.10;36.41;6.44;45.18;10.57;11.07;23.85;16.38;18.37;16.39;12.14;24.46;12.43;24.99;11.59;NaN;5.29;13.80;NaN;23.54;31.95;35.88;9.21;7.59;22.98;8.80;15.42;15.05;29.22;8.23;6.66;10.12;22.20;14.94;NaN;15.24;14.19;22.66;85.09;12.02;19.64;26.85;30.94;16.84;17.70;15.68;11.71;9.81;34.02;8.35;35.39;41.30;7.52;17.10;29.81
2017.12.20 00:00;19.65;26.16;20.35;27.51;20.36;21.26;10.25;17.23;25.26;13.63;35.76;40.18;11.38;17.73;14.82;19.75;5.33;16.61;17.04;14.10;37.25;6.76;45.50;10.65;10.94;24.12;16.10;18.21;16.34;11.93;24.50;12.36;25.28;11.75;NaN;5.43;13.97;NaN;23.26;32.25;35.22;9.22;7.71;23.07;8.73;15.49;15.13;29.71;8.61;6.75;10.26;22.20;15.36;NaN;15.44;14.29;23.01;86.80;12.24;19.84;26.86;31.33;17.00;18.21;15.99;11.90;9.91;34.29;8.73;36.60;41.10;7.56;17.27;30.28
2017.12.21 00:00;19.90;26.49;20.62;27.82;20.96;21.31;10.37;17.39;25.66;13.84;36.33;40.26;11.65;18.18;15.15;19.72;5.51;16.87;17.26;14.00;38.03;6.91;46.89;11.01;10.94;24.13;16.90;19.24;20.01;11.97;24.29;12.41;25.65;11.96;NaN;5.44;14.45;NaN;24.02;32.60;35.76;9.31;7.99;24.04;8.92;16.06;15.41;30.08;8.93;6.75;10.43;22.67;15.55;NaN;16.10;14.87;23.25;87.68;12.30;20.13;27.94;31.75;17.32;18.68;16.04;12.12;9.82;34.77;8.79;37.14;40.68;7.69;17.93;31.01
2017.12.22 00:00;19.96;26.49;20.84;27.91;21.02;21.28;10.31;17.14;26.01;13.92;36.36;40.29;11.48;18.60;15.11;19.74;5.50;17.00;17.25;14.14;38.19;6.99;46.57;11.20;11.34;24.01;17.63;20.47;19.73;12.01;25.00;12.37;25.55;11.91;NaN;5.43;14.65;NaN;24.41;32.78;35.74;9.45;8.00;23.93;8.92;15.98;15.58;29.81;9.01;6.82;10.50;22.63;15.56;NaN;16.05;14.76;23.36;87.85;12.32;19.95;27.53;31.35;17.44;18.35;16.22;11.99;9.78;34.74;8.69;37.54;40.36;7.73;17.99;30.92
2017.12.26 00:00;20.17;26.44;20.90;28.22;20.99;21.24;10.39;17.09;26.11;13.94;37.04;40.55;11.58;19.15;15.27;19.97;5.59;16.99;17.59;14.19;38.35;7.01;46.76;11.15;11.36;24.14;17.28;20.09;20.94;11.98;25.20;12.57;25.41;11.84;NaN;5.56;14.45;NaN;24.41;33.06;35.90;9.55;8.02;24.02;9.23;15.98;16.15;30.62;9.33;7.01;10.52;22.49;15.42;NaN;16.15;14.97;23.31;87.47;12.35;20.12;27.69;31.80;17.39;18.19;16.46;12.06;9.81;34.68;8.73;37.59;40.80;7.80;18.30;31.00
2017.12.27 00:00;20.31;26.33;21.19;28.56;21.01;21.41;10.77;17.14;26.25;13.97;37.04;40.75;11.65;20.16;15.33;20.07;5.67;17.38;17.77;14.43;38.37;7.25;47.78;11.22;11.33;24.29;17.26;19.93;20.19;12.09;25.42;12.72;25.95;11.82;NaN;5.51;14.24;NaN;24.75;33.42;36.46;9.46;7.99;23.90;9.48;15.91;16.80;31.40;9.56;7.04;10.66;22.58;16.04;NaN;16.21;15.05;23.92;88.50;12.62;20.81;27.50;31.97;17.59;18.23;16.43;12.16;9.74;34.82;8.84;37.60;40.73;7.84;18.30;30.72
2017.12.28 00:00;20.20;26.89;21.29;28.38;21.33;21.49;10.65;17.13;26.32;14.26;36.60;39.97;11.86;20.19;15.34;20.17;5.74;17.56;17.80;14.63;38.65;7.28;48.18;11.28;11.41;24.14;18.16;20.85;19.89;12.55;25.57;12.70;26.68;11.85;NaN;5.50;14.65;NaN;25.02;32.78;37.51;9.54;8.00;23.96;9.54;15.89;16.77;31.39;9.92;7.25;10.94;22.88;16.20;NaN;16.35;15.09;25.09;89.63;12.97;20.56;27.60;31.81;17.45;18.40;16.65;12.37;9.71;35.27;8.84;37.98;40.38;7.92;17.87;29.75
2018.01.02 00:00;20.59;27.14;21.41;29.37;21.80;21.65;10.89;17.05;27.14;14.37;37.27;40.90;11.55;19.70;15.73;20.65;5.81;17.51;17.87;14.86;39.63;7.54;49.55;11.37;11.56;24.29;17.64;20.06;20.41;12.73;25.23;12.71;26.76;12.42;NaN;5.75;15.24;NaN;25.16;33.46;38.24;9.46;8.16;24.70;9.82;16.43;16.32;31.27;9.80;7.23;11.00;23.31;15.82;NaN;16.76;15.51;24.90;88.31;12.99;21.22;28.33;32.06;17.60;18.50;16.74;12.46;9.79;36.20;9.32;39.36;40.70;7.70;18.54;30.71
2018.01.03 00:00;20.63;27.05;21.78;29.74;21.90;21.67;10.81;17.21;27.40;14.42;37.00;40.55;11.51;19.54;15.62;20.95;5.76;17.66;17.65;14.76;39.63;7.82;49.26;11.42;11.71;24.12;17.42;19.74;21.18;12.16;25.23;12.74;26.22;12.40;NaN;5.73;15.06;NaN;24.80;32.94;38.09;9.46;8.25;24.87;9.60;16.22;16.18;31.67;9.68;7.15;11.16;23.40;15.70;NaN;16.97;15.66;25.09;86.12;12.60;21.50;28.10;31.48;18.09;18.36;16.76;12.47;10.00;35.84;9.64;39.12;40.21;7.74;18.26;30.73
2018.01.04 00:00;20.52;27.22;21.92;30.03;22.26;21.71;10.77;17.27;28.18;14.34;37.40;41.17;11.65;20.08;15.68;20.96;5.70;17.90;17.52;14.49;39.54;8.06;49.66;11.51;11.95;23.81;17.30;20.02;21.68;12.17;24.82;12.59;25.70;13.07;NaN;5.94;15.64;NaN;24.56;33.18;38.41;9.54;8.41;25.39;9.62;16.25;15.94;31.84;9.91;7.15;11.09;23.38;16.17;NaN;17.12;15.68;25.43;86.79;12.62;21.81;28.44;30.87;18.14;18.41;16.50;12.41;9.94;36.26;10.18;39.28;41.03;7.80;18.08;30.61
2018.01.05 00:00;20.60;27.19;22.24;30.03;22.39;21.85;10.89;17.46;28.86;14.59;39.24;42.16;11.69;19.70;15.74;21.20;5.70;17.86;17.24;14.39;39.95;8.24;49.41;11.69;11.78;23.93;17.14;19.52;20.54;12.07;25.19;12.71;26.07;12.90;NaN;5.96;15.72;NaN;24.60;33.49;38.69;9.67;8.42;25.46;9.70;16.10;16.04;31.65;9.72;7.21;11.25;23.55;16.17;NaN;17.25;15.78;25.62;88.31;12.60;21.49;28.74;31.22;18.19;18.36;16.58;12.52;10.16;36.33;9.74;39.90;41.22;7.55;18.16;30.19
2018.01.08 00:00;20.56;26.90;22.34;30.10;22.38;21.98;10.52;17.67;29.36;14.51;39.70;42.24;11.65;19.54;15.52;21.43;5.72;17.07;17.51;14.01;39.60;8.64;49.20;11.75;11.92;24.07;17.26;19.56;20.59;12.26;24.78;12.88;25.39;13.35;NaN;6.03;15.76;NaN;24.75;33.15;38.85;9.83;8.41;25.37;9.72;16.39;16.33;31.49;9.72;7.08;11.03;23.26;15.97;NaN;17.52;15.96;25.34;87.19;12.76;21.39;29.17;31.86;17.93;18.80;16.50;12.35;10.15;36.59;9.85;40.78;41.53;7.68;18.30;30.30
2018.01.09 00:00;20.50;26.79;22.02;29.81;22.17;21.91;10.50;17.55;29.03;14.51;39.85;42.33;11.42;19.55;15.53;21.05;5.60;17.28;17.57;13.88;38.51;8.88;49.75;11.70;11.73;24.07;16.57;18.74;20.12;12.42;25.08;12.88;24.66;13.43;NaN;6.02;15.38;NaN;24.41;33.32;38.47;9.81;8.28;25.10;9.39;16.20;16.11;31.68;9.48;6.99;11.09;23.32;15.82;NaN;17.52;15.96;24.66;85.97;12.35;21.22;28.96;31.43;17.97;19.00;16.19;12.37;10.15;36.45;9.96;40.63;42.07;7.72;18.60;29.78
2018.01.10 00:00;20.50;26.44;21.83;29.69;21.94;21.82;10.50;17.43;28.73;14.38;39.09;41.88;11.37;18.90;15.15;20.75;5.69;17.61;18.40;13.62;37.77;8.90;49.77;11.45;11.27;23.98;15.90;17.97;20.18;12.12;24.28;12.78;25.46;13.25;NaN;6.04;15.05;NaN;24.23;33.19;38.09;9.81;8.28;25.01;9.41;15.89;15.79;30.83;9.58;6.98;11.11;23.20;15.94;NaN;17.20;15.75;24.71;83.34;12.32;21.17;28.90;30.80;18.06;19.11;15.97;12.07;10.13;36.16;9.96;40.07;40.99;7.52;18.45;29.81
2018.01.11 00:00;20.74;26.54;22.18;30.37;22.38;21.94;10.50;17.40;29.60;14.30;39.36;43.09;11.54;18.59;15.15;20.73;5.80;16.97;18.99;13.73;38.15;9.43;50.27;11.91;11.22;23.74;16.15;18.42;20.39;12.24;24.52;12.86;24.95;14.33;NaN;6.35;14.65;NaN;23.49;33.33;38.37;10.11;8.41;25.54;9.51;15.80;15.51;30.96;9.60;6.99;11.29;23.49;15.90;NaN;17.62;16.17;24.86;84.50;12.58;21.63;29.34;31.21;18.35;19.04;15.86;12.12;10.11;36.31;10.49;40.85;41.11;7.74;18.81;30.72
2018.01.12 00:00;20.50;26.39;22.07;30.44;22.38;21.99;10.30;17.44;29.80;14.23;39.56;43.48;11.38;18.28;15.26;20.66;5.75;16.24;18.56;14.03;38.84;9.13;49.79;11.99;11.49;23.87;15.78;18.16;20.14;12.33;24.60;12.96;24.79;14.33;NaN;6.51;14.66;NaN;23.84;33.98;38.16;10.38;8.44;25.51;9.55;15.58;15.52;31.23;9.59;6.81;11.27;23.39;16.18;NaN;17.76;16.22;24.79;84.45;12.63;21.23;29.19;31.39;18.25;18.97;15.86;12.16;10.10;36.39;10.70;41.08;41.82;7.74;18.95;29.92
2018.01.15 00:00;20.71;26.97;22.13;30.59;22.54;21.96;10.30;17.67;29.78;14.65;39.53;44.50;11.64;18.73;15.28;20.36;5.72;16.17;19.32;13.94;38.82;9.37;49.77;12.28;11.78;23.99;15.99;18.47;19.99;12.24;24.54;13.17;25.20;14.19;NaN;6.48;14.85;NaN;23.84;33.82;39.13;10.53;8.54;25.67;9.52;15.57;15.55;32.02;9.75;6.77;11.30;23.71;16.45;NaN;17.85;16.26;24.94;84.59;12.71;21.90;29.14;31.41;18.73;19.17;16.03;12.45;10.08;36.49;10.98;41.01;41.39;7.78;19.08;29.65
2018.01.16 00:00;20.79;27.14;22.28;30.86;22.69;22.35;10.28;17.53;29.05;14.66;39.70;45.94;11.47;18.68;15.17;20.99;5.74;16.00;19.08;13.92;37.96;9.10;50.16;12.19;11.54;24.10;16.17;18.65;19.82;12.22;24.81;13.02;25.06;13.84;NaN;6.34;15.13;NaN;23.86;33.85;38.02;10.60;8.65;25.91;9.43;15.60;15.40;32.13;9.73;6.64;11.27;23.00;16.17;NaN;18.17;16.55;25.48;83.21;12.80;22.32;29.08;31.57;19.30;19.14;15.94;12.02;10.24;36.56;10.65;39.90;41.87;7.62;19.31;29.46
2018.01.17 00:00;20.91;28.14;22.47;31.59;23.26;22.87;10.09;18.14;29.63;14.80;39.17;45.56;11.44;18.72;15.24;21.86;5.65;16.46;19.05;14.34;39.12;9.47;50.46;12.29;11.57;24.46;16.21;18.90;19.79;12.27;24.87;13.17;25.20;14.36;NaN;6.57;15.69;NaN;24.40;33.85;38.09;10.53;8.78;26.34;9.49;15.26;15.65;32.93;9.74;6.78;11.46;23.00;16.56;NaN;18.83;17.21;25.98;84.49;12.94;22.92;29.40;33.25;18.83;19.34;15.99;12.11;10.19;36.88;10.83;40.71;42.27;7.59;19.19;29.92
2018.01.18 00:00;20.80;28.86;22.73;31.37;23.23;23.10;10.00;18.33;29.41;14.92;37.74;45.22;11.53;18.45;15.11;22.59;5.54;16.40;19.18;14.11;39.59;9.16;50.66;12.16;11.29;24.55;16.10;18.47;19.46;12.24;25.57;12.87;25.14;13.92;NaN;6.48;16.14;NaN;23.73;33.53;39.03;10.53;8.83;26.27;9.37;15.80;15.98;32.60;9.58;6.63;11.27;23.69;16.24;NaN;18.80;17.08;26.27;83.77;12.89;22.70;29.19;32.69;19.33;20.67;15.87;12.08;10.17;37.10;10.62;40.43;42.11;7.44;18.93;29.78
2018.01.19 00:00;20.88;28.61;23.26;31.17;23.39;23.15;10.09;18.78;29.46;14.92;37.49;47.28;11.62;18.66;15.20;22.85;5.56;16.23;18.95;14.23;39.46;9.28;50.67;12.16;11.41;24.99;16.43;19.01;19.57;12.17;26.54;12.94;25.12;13.55;NaN;6.24;15.96;NaN;23.44;33.75;38.86;10.53;8.86;26.49;9.43;15.77;16.29;32.36;9.49;6.64;11.27;23.55;16.80;NaN;18.68;17.12;26.52;83.28;12.90;22.36;29.34;32.81;19.75;20.87;15.86;12.06;10.44;37.02;11.10;40.45;40.98;7.74;19.19;29.66
2018.01.22 00:00;20.79;28.99;23.13;31.28;23.72;23.05;10.10;19.25;29.26;14.70;36.86;48.51;11.56;19.26;14.94;23.47;5.48;16.14;18.76;14.51;39.04;9.34;50.17;12.08;11.22;24.95;17.62;19.82;19.48;12.28;26.85;12.89;24.86;13.38;NaN;6.29;16.19;NaN;23.14;33.66;38.65;10.71;9.08;27.15;9.48;16.18;16.15;32.21;9.52;6.54;11.09;23.50;17.09;NaN;18.87;17.31;26.92;83.32;12.75;21.92;30.07;32.85;19.73;20.98;15.94;12.08;10.62;37.24;10.93;40.24;41.73;7.51;18.97;29.24
2018.01.23 00:00;20.79;28.94;22.91;31.39;23.80;23.15;9.95;19.53;28.12;15.03;35.71;47.09;11.37;18.84;14.86;23.36;5.46;15.66;18.58;14.53;39.72;8.97;50.06;11.93;10.71;24.48;17.02;18.97;19.29;11.92;27.02;12.70;24.20;13.12;NaN;6.07;16.19;NaN;21.48;33.33;38.09;10.67;8.98;27.05;9.25;16.04;15.70;31.58;9.26;6.36;10.97;23.16;17.03;NaN;18.75;17.15;26.31;81.14;12.40;21.38;30.14;32.60;19.68;20.76;15.86;11.94;10.61;37.34;10.41;38.56;41.71;7.70;18.39;28.55
2018.01.24 00:00;20.78;29.49;24.18;33.88;25.09;24.00;9.80;19.91;28.68;15.93;36.41;47.42;11.67;20.08;15.15;23.15;5.64;15.82;19.01;14.89;41.17;9.43;52.01;12.37;10.93;24.95;18.35;20.80;19.69;12.26;27.73;13.13;25.55;13.54;NaN;6.38;17.06;NaN;21.30;33.96;39.90;10.72;9.55;28.35;9.61;16.18;16.29;32.95;10.01;6.80;11.11;23.42;18.17;NaN;19.95;18.13;27.12;82.49;13.23;22.53;31.56;33.25;19.96;20.57;16.05;12.22;10.78;38.10;10.98;39.41;43.43;8.39;18.45;29.46
2018.01.26 00:00;20.77;30.00;24.63;34.93;25.97;24.52;9.71;20.47;28.51;16.38;37.01;46.93;11.99;20.45;15.20;22.78;6.20;15.65;19.22;15.43;42.13;9.45;53.98;12.89;11.10;25.03;19.01;21.89;19.68;12.65;28.10;13.21;25.87;14.30;NaN;6.53;17.81;NaN;21.97;33.51;41.42;10.70;9.95;29.90;9.76;16.09;16.88;33.80;10.24;6.69;11.22;23.95;17.90;NaN;21.00;18.68;27.44;83.68;13.98;23.35;32.95;33.54;19.95;20.27;15.96;12.64;10.93;37.94;11.08;39.08;43.97;8.64;18.53;30.55
2018.01.29 00:00;20.73;30.27;24.67;34.74;25.22;23.54;9.72;20.23;28.74;16.76;37.10;47.16;12.02;20.00;14.91;22.28;6.27;15.32;19.54;15.36;42.52;9.31;53.64;12.80;10.88;24.91;18.98;21.72;19.94;12.60;28.06;13.27;25.88;13.99;NaN;6.39;18.24;NaN;21.58;33.46;41.20;10.46;9.69;29.09;9.90;16.25;16.84;33.06;10.46;6.72;11.17;23.55;17.54;NaN;21.00;18.61;26.45;82.50;13.70;23.43;32.07;33.86;19.70;20.15;15.96;12.56;10.69;37.36;11.22;39.52;43.77;8.09;17.94;30.30
2018.01.30 00:00;20.76;30.46;24.49;34.60;25.47;23.54;9.71;19.63;28.48;16.76;36.50;47.08;12.11;19.90;14.93;22.62;6.30;15.37;19.62;15.21;41.34;9.41;53.10;12.71;10.71;24.78;18.78;21.40;20.14;12.52;28.09;13.37;26.50;14.09;NaN;6.49;18.09;NaN;21.43;33.32;41.08;10.46;9.75;28.98;9.88;16.32;16.67;33.17;10.47;6.78;11.09;23.43;17.39;NaN;20.48;18.27;25.40;82.99;13.60;23.12;32.01;34.18;19.58;20.73;15.87;12.42;10.58;37.60;11.25;39.12;44.21;8.03;17.79;30.56
2018.01.31 00:00;20.83;31.04;24.38;35.39;25.69;23.47;9.63;19.67;28.67;17.51;35.35;46.07;11.97;20.93;14.89;23.05;6.26;15.51;19.73;15.44;40.65;9.55;54.77;12.78;10.56;24.44;19.09;21.76;19.91;12.29;28.57;13.56;27.14;13.78;NaN;6.54;18.18;NaN;21.82;33.83;40.95;10.54;9.80;29.42;9.77;16.08;16.68;33.49;10.45;6.74;11.02;23.40;17.11;NaN;20.60;18.47;24.76;82.43;14.27;24.03;32.18;33.71;19.30;20.34;15.72;12.74;10.56;38.35;11.52;39.10;44.72;8.09;17.56;31.78
2018.02.01 00:00;21.17;31.89;24.56;35.48;25.01;24.08;9.77;19.67;29.00;18.05;36.20;45.60;12.39;22.06;14.80;23.12;6.40;15.72;20.03;15.74;40.98;9.66;56.06;13.25;10.79;24.54;19.15;21.57;20.29;12.37;29.40;13.69;26.81;13.99;NaN;6.61;18.31;NaN;22.69;34.63;40.96;10.63;9.77;29.56;9.91;15.99;16.74;33.34;10.61;6.73;11.09;23.85;17.15;NaN;21.40;19.24;25.25;80.72;14.15;23.74;32.86;33.69;19.68;20.70;15.83;12.72;10.59;38.49;11.36;39.42;45.05;8.24;17.42;32.63
2018.02.02 00:00;20.96;31.19;24.30;35.00;24.23;23.95;9.78;19.53;28.41;17.91;35.06;45.50;12.12;21.52;14.35;22.48;6.22;15.55;19.80;15.08;40.99;9.36;54.74;13.14;10.34;24.48;18.58;21.13;21.18;12.31;28.99;13.43;26.70;13.95;NaN;6.60;17.85;NaN;21.87;34.26;40.53;10.66;9.61;29.19;9.71;15.92;16.39;32.96;10.37;6.58;11.06;23.79;16.90;NaN;20.83;18.72;24.57;79.61;13.75;23.68;32.68;32.82;19.95;20.87;15.80;12.60;10.48;38.06;11.46;38.49;44.39;7.98;16.86;32.15
2018.02.05 00:00;20.64;30.74;23.28;33.96;23.84;23.57;9.70;19.50;27.98;17.22;33.46;45.20;11.72;20.92;14.14;21.67;6.01;15.05;19.77;14.80;40.66;8.82;54.24;12.77;10.06;24.14;18.58;21.08;20.81;11.96;28.85;13.27;25.44;13.15;NaN;6.26;17.31;NaN;21.24;33.49;39.63;10.92;9.32;28.17;9.60;16.02;16.09;31.82;9.97;6.48;10.91;23.21;16.75;NaN;19.89;17.85;23.96;79.47;13.51;23.30;31.36;31.92;19.26;20.73;15.63;12.30;10.29;37.32;11.03;38.07;43.85;7.85;16.67;31.39
2018.02.06 00:00;20.59;31.39;23.36;35.45;24.41;24.08;9.50;19.26;29.00;17.33;33.20;45.46;11.60;21.13;14.29;21.54;6.30;14.97;20.05;14.83;41.40;9.16;55.28;12.74;10.57;24.44;19.61;22.24;21.88;12.25;29.06;13.45;25.31;13.95;NaN;6.41;17.81;NaN;21.06;33.32;38.91;10.87;9.68;29.18;9.66;16.02;16.09;32.16;10.09;6.64;10.95;22.68;17.10;NaN;20.89;18.74;25.01;79.02;13.68;23.01;32.50;32.27;19.87;20.59;15.71;13.16;9.95;37.62;11.36;40.07;45.54;7.84;17.18;32.05
2018.02.07 00:00;20.59;31.09;23.06;35.48;24.04;23.57;9.32;20.14;28.49;17.28;32.57;45.20;11.44;21.60;13.84;21.78;6.29;14.81;20.58;14.66;41.32;8.84;54.64;12.61;10.31;24.32;19.77;22.84;21.57;12.13;29.66;13.58;25.42;13.46;NaN;6.34;17.81;NaN;20.68;33.46;38.56;10.84;9.48;28.49;9.58;16.46;15.68;31.09;9.77;6.44;10.81;22.59;17.15;NaN;20.29;18.22;25.06;79.43;13.40;23.10;31.88;31.97;20.07;20.58;15.73;13.38;9.65;37.57;11.27;39.35;44.85;7.80;16.97;32.18
2018.02.08 00:00;20.62;30.19;22.86;34.37;23.74;22.96;9.14;20.14;28.12;17.75;31.28;43.40;11.27;21.62;13.98;20.85;6.10;14.32;20.53;14.25;40.35;8.72;54.31;12.56;10.18;23.92;20.32;23.49;21.48;11.81;29.00;13.44;25.54;13.17;NaN;6.22;17.21;NaN;21.19;32.91;37.87;10.91;9.39;28.35;9.33;15.95;15.47;30.77;9.40;6.36;10.90;22.11;16.70;NaN;19.68;17.86;24.11;78.94;13.00;22.80;31.72;31.47;19.53;19.57;15.43;12.96;9.81;36.78;11.01;39.24;43.96;7.69;16.47;31.05
2018.02.09 00:00;20.46;29.33;22.42;33.73;23.47;23.09;9.11;19.82;28.56;17.26;30.35;41.94;11.16;20.10;13.98;20.70;6.07;14.38;20.31;13.99;40.44;8.59;53.35;12.42;9.58;23.76;19.83;22.87;21.32;11.65;29.04;13.32;25.64;13.43;NaN;6.29;16.61;NaN;20.56;33.37;37.15;10.58;9.38;28.42;9.38;15.69;15.43;29.34;9.13;6.36;10.85;21.86;16.51;NaN;19.43;17.60;23.76;77.96;12.86;22.27;31.23;30.89;19.01;19.61;15.33;12.77;9.69;36.35;10.91;39.62;42.80;7.35;16.24;30.27
2018.02.14 00:00;21.18;29.78;22.84;35.28;24.33;23.42;9.35;20.79;30.53;18.05;31.12;42.99;11.47;20.60;13.76;20.62;6.28;15.00;20.40;14.21;40.10;9.34;54.98;12.69;9.63;24.09;20.21;22.96;21.63;11.82;29.60;13.55;26.70;14.32;NaN;6.52;17.31;NaN;20.90;34.39;37.84;10.88;9.68;29.65;9.58;15.76;15.85;29.99;9.23;6.21;11.22;22.49;16.40;NaN;19.71;18.05;23.99;80.37;13.18;23.29;32.33;32.80;19.77;20.00;15.90;13.55;9.81;36.86;11.63;41.99;43.68;7.98;16.97;30.95
2018.02.15 00:00;21.23;29.75;23.47;35.58;24.43;23.59;9.49;21.07;31.86;18.46;30.50;42.64;11.34;21.35;13.92;21.31;6.61;15.28;20.53;14.21;40.43;9.17;54.64;12.78;9.49;24.44;20.13;22.94;21.77;11.67;29.51;13.53;26.43;14.36;NaN;6.69;17.01;NaN;22.03;34.44;37.72;10.75;9.68;29.66;9.39;15.95;15.76;30.96;9.79;6.15;11.18;22.25;16.31;NaN;20.05;18.19;24.05;80.40;13.35;22.98;32.67;32.78;19.83;19.97;16.07;13.30;9.75;37.15;11.78;43.35;44.13;7.91;17.35;30.82
2018.02.16 00:00;21.36;29.40;23.87;35.94;24.39;23.95;9.41;21.02;32.00;18.62;29.70;41.05;11.45;21.92;13.93;20.89;6.76;15.03;20.68;14.35;39.96;9.23;54.88;12.80;9.49;24.98;20.14;22.87;22.01;11.74;29.60;13.59;26.20;15.25;NaN;7.07;17.08;NaN;22.62;34.28;38.23;10.86;9.91;29.79;9.33;15.96;15.79;30.60;9.72;6.03;11.24;22.05;16.47;NaN;20.04;18.21;23.88;80.01;13.33;23.07;32.90;33.08;19.83;21.01;16.11;13.30;9.76;37.03;11.77;43.42;44.03;7.79;16.95;30.39
2018.02.19 00:00;21.27;29.39;23.84;35.34;24.27;22.84;9.46;21.07;32.29;18.67;29.87;41.84;11.25;22.85;14.11;20.82;6.79;15.07;21.12;14.29;41.59;9.32;55.46;12.83;9.88;25.03;20.11;22.83;22.48;11.74;29.96;13.58;25.74;16.01;NaN;7.38;17.18;NaN;22.88;34.59;37.56;10.78;9.89;29.56;9.37;15.91;15.71;30.51;10.17;6.12;11.34;22.09;16.97;NaN;20.60;18.80;23.97;79.97;13.35;23.24;32.86;33.13;20.01;21.75;15.94;13.02;9.73;37.02;11.79;43.82;43.66;7.73;17.02;30.62
2018.02.20 00:00;21.62;30.39;24.16;36.39;25.01;22.93;9.27;20.98;31.77;18.73;29.80;42.93;11.18;23.49;14.15;21.00;6.64;15.59;21.06;13.87;43.38;9.06;55.73;12.91;9.51;25.68;21.48;24.80;22.35;12.01;29.98;13.85;25.68;15.46;NaN;7.25;17.14;NaN;22.88;34.43;38.07;10.86;10.29;30.28;9.52;16.08;15.94;30.66;10.26;6.00;11.26;22.30;16.93;NaN;20.97;19.16;23.52;80.30;13.36;23.66;32.54;33.73;19.88;22.47;16.21;13.22;10.17;37.00;11.75;42.93;43.55;7.60;17.01;30.74
2018.02.21 00:00;21.33;31.25;24.92;36.67;25.14;23.27;9.30;21.21;31.34;18.67;30.25;43.46;11.35;23.39;14.49;21.15;6.52;15.82;21.53;13.75;44.52;9.00;55.12;13.16;9.81;25.87;21.92;25.12;22.25;12.05;30.84;13.76;25.66;15.60;NaN;7.45;17.52;NaN;23.19;34.51;38.26;10.92;10.46;30.68;9.71;16.20;16.58;30.87;9.83;6.14;11.23;22.38;16.77;NaN;20.74;18.98;23.96;79.96;13.85;23.54;32.94;33.91;19.74;22.45;16.38;13.30;10.07;36.94;11.80;42.26;43.07;7.67;16.93;30.21
2018.02.22 00:00;21.35;32.48;24.59;37.81;25.29;23.05;9.19;21.30;31.57;18.77;30.98;43.49;11.32;23.52;13.97;20.59;6.72;15.57;21.80;13.71;43.85;8.89;55.33;13.13;9.53;25.97;22.43;25.67;22.27;11.97;30.87;13.91;25.75;15.42;NaN;7.43;18.13;NaN;23.01;34.44;37.96;10.95;10.63;30.85;9.95;16.24;16.74;32.05;10.07;6.04;11.13;22.47;17.12;NaN;21.35;19.44;23.35;80.06;13.75;24.03;33.45;34.21;19.27;21.81;16.34;13.19;10.34;36.98;11.67;43.08;42.30;8.09;17.04;30.63
2018.02.23 00:00;20.92;32.89;25.25;37.81;25.52;23.17;9.36;21.49;31.91;18.65;28.40;44.48;11.49;23.73;13.10;21.13;6.89;15.29;22.15;14.19;42.83;8.91;56.43;13.35;9.49;26.52;23.38;26.85;22.48;12.43;31.38;13.69;25.96;15.91;NaN;7.52;19.14;NaN;22.81;34.40;38.61;10.93;10.63;31.06;10.01;16.57;16.77;32.18;10.75;6.02;11.16;23.10;17.54;NaN;21.91;19.80;23.78;78.93;14.26;24.41;34.18;34.81;19.78;21.81;16.39;13.43;10.35;37.28;11.85;43.47;43.43;7.97;17.67;31.10
2018.02.26 00:00;21.09;33.75;25.43;38.37;25.52;23.05;9.21;21.52;32.72;18.82;28.60;44.01;11.57;23.43;11.79;20.82;7.06;15.08;22.26;13.94;42.94;9.45;56.11;13.51;9.08;26.93;22.96;26.17;22.50;12.19;30.43;13.62;25.39;16.30;NaN;7.78;19.67;NaN;22.95;32.83;38.24;10.92;10.65;31.03;9.65;16.43;16.59;31.73;11.66;6.06;11.27;23.13;17.02;NaN;22.42;20.17;23.61;77.66;14.36;24.33;34.35;34.70;19.72;21.25;16.69;13.55;10.28;36.48;12.38;44.72;43.53;7.98;17.90;31.62
2018.02.27 00:00;21.16;33.66;24.77;37.99;25.25;22.82;9.21;21.63;32.54;19.21;28.65;43.41;11.24;23.75;12.18;20.74;7.01;14.89;22.30;13.92;41.47;9.24;55.78;13.43;9.33;26.86;23.38;26.48;22.71;12.26;31.18;13.79;24.70;15.94;NaN;7.60;19.68;NaN;22.59;32.49;37.80;10.98;10.51;30.56;9.60;16.35;16.51;30.66;11.31;5.98;11.13;22.86;17.15;NaN;22.36;20.15;23.11;75.53;14.04;24.22;34.01;35.49;19.72;21.13;16.52;13.32;10.23;35.94;12.29;44.65;42.80;7.80;17.64;30.37
2018.02.28 00:00;20.95;33.62;23.95;37.28;24.45;22.66;9.08;21.43;31.31;18.84;29.92;43.30;11.11;23.43;12.07;20.74;6.86;14.80;22.14;14.24;40.40;8.82;55.77;13.09;9.32;26.62;23.26;25.63;21.64;11.92;30.91;13.87;24.54;15.91;NaN;7.49;19.27;NaN;22.46;32.13;37.60;10.86;10.24;29.53;9.63;16.31;16.66;30.54;11.26;5.91;11.04;22.65;16.82;NaN;22.39;20.12;23.27;75.90;14.24;24.18;33.02;34.88;20.29;21.41;15.99;13.31;9.92;35.43;11.97;42.50;42.06;7.87;17.35;30.73
2018.03.01 00:00;21.27;33.32;23.92;37.54;24.59;22.75;9.10;21.40;30.66;19.27;30.15;42.86;10.93;23.17;11.95;20.75;6.71;14.81;21.94;14.29;41.25;8.43;56.06;12.97;8.56;26.73;22.69;25.63;21.48;12.15;32.03;13.80;24.70;16.42;NaN;7.58;19.17;NaN;22.70;32.57;37.16;10.81;10.41;29.96;9.67;16.26;16.90;30.70;11.40;6.04;11.11;22.34;17.09;NaN;22.02;19.71;23.23;77.34;13.70;23.96;32.84;35.40;20.48;20.93;15.95;13.24;9.91;34.89;11.46;41.93;43.09;7.96;17.25;30.51
2018.03.02 00:00;21.50;32.89;24.19;37.82;24.74;22.74;9.34;21.02;30.22;18.97;30.84;43.22;10.97;23.54;11.97;20.48;6.89;14.62;22.21;14.38;41.26;8.00;55.08;13.07;8.50;26.62;23.20;26.21;21.38;12.40;32.10;13.99;25.78;16.18;NaN;7.40;19.09;NaN;22.07;32.96;38.09;10.92;10.50;30.12;9.72;16.26;17.12;31.23;11.48;6.26;11.11;22.63;16.97;NaN;22.42;20.16;23.16;77.23;13.80;24.11;32.87;34.94;20.77;21.46;16.22;13.23;9.85;34.87;11.01;41.27;42.88;7.94;17.16;30.05
2018.03.05 00:00;21.44;33.17;24.49;38.13;24.91;22.91;9.30;20.88;29.85;19.19;24.75;42.95;11.01;23.76;11.87;20.62;6.87;14.99;22.26;14.76;40.88;7.89;54.33;13.26;8.43;26.69;23.16;26.44;21.50;12.39;32.22;14.11;26.14;16.34;NaN;7.51;18.97;NaN;21.82;33.77;37.75;10.81;10.78;30.55;9.24;16.26;17.27;30.88;11.18;6.20;11.11;22.68;16.58;NaN;23.06;20.74;23.15;76.45;13.60;24.26;33.05;35.13;21.20;21.09;16.05;13.32;9.79;34.51;10.82;41.23;43.56;7.94;16.93;30.10
2018.03.06 00:00;21.68;33.69;24.54;38.98;24.95;22.97;8.70;20.77;29.78;19.17;24.14;43.63;10.91;24.30;11.50;20.25;6.77;14.67;22.29;14.72;41.27;7.89;53.85;13.23;8.26;26.29;22.91;26.06;20.91;12.23;32.25;14.03;25.82;15.62;NaN;7.27;19.11;NaN;21.85;33.14;37.45;10.99;10.73;30.44;9.20;16.25;16.64;30.52;11.02;5.93;11.00;22.17;16.29;NaN;22.90;20.53;23.22;75.36;13.25;24.65;32.77;34.70;20.71;21.31;15.95;13.27;9.86;34.55;11.27;41.03;43.14;7.69;16.90;29.54
2018.03.07 00:00;21.97;33.39;24.44;38.71;24.51;22.62;8.58;21.02;29.53;19.02;25.16;43.51;10.92;24.61;11.66;20.49;6.90;14.43;22.23;14.60;41.11;7.86;54.04;13.15;8.08;26.56;22.20;24.88;21.31;12.18;32.34;14.08;26.63;16.01;NaN;7.42;18.67;NaN;21.68;33.98;37.74;11.18;10.70;30.40;9.15;16.56;16.37;30.61;11.13;5.72;10.86;22.16;16.37;NaN;22.59;20.31;23.23;77.80;13.50;24.47;32.86;34.98;20.39;21.62;15.95;13.71;9.79;34.71;10.95;40.81;43.42;7.59;16.78;28.49
2018.03.08 00:00;22.18;34.99;24.39;38.91;24.19;22.43;8.66;21.29;28.54;18.54;25.03;43.49;10.92;22.26;11.73;20.45;7.09;13.96;22.26;14.32;40.56;7.46;55.21;12.85;8.13;26.59;21.81;24.17;20.64;12.17;32.82;14.14;26.80;15.34;NaN;7.23;19.42;NaN;21.63;34.57;37.67;11.37;10.63;30.19;9.09;16.69;16.63;30.65;10.91;5.70;10.87;22.15;16.29;NaN;22.62;20.34;22.12;76.94;13.33;25.77;32.75;34.87;20.72;22.41;15.95;13.64;9.71;34.62;10.71;39.49;43.44;7.49;16.70;28.74
2018.03.09 00:00;22.32;36.49;25.24;39.17;24.71;22.95;8.82;21.36;28.93;18.72;26.56;44.57;11.06;23.10;11.87;19.70;6.99;13.89;22.50;14.49;42.04;7.76;56.61;13.03;8.43;26.62;22.44;24.75;22.08;12.33;32.55;13.89;26.60;15.44;NaN;7.19;20.79;NaN;22.30;34.44;37.95;11.86;10.72;30.60;9.50;16.69;16.92;31.69;11.21;5.93;11.22;22.39;16.37;NaN;23.21;20.99;21.70;77.91;13.40;27.40;33.08;35.30;21.13;22.78;16.15;13.82;9.63;35.36;10.86;40.10;43.19;7.65;17.10;28.66
2018.03.12 00:00;22.83;37.16;25.21;38.97;24.90;22.92;8.52;21.35;29.33;18.93;26.92;44.94;11.01;23.69;11.88;19.59;7.06;14.01;22.60;14.74;41.71;7.84;56.72;13.23;8.29;26.77;23.36;25.86;21.85;12.48;32.91;14.04;26.48;15.73;NaN;7.28;21.68;NaN;22.49;34.72;38.09;12.12;10.82;30.95;9.90;16.90;16.75;31.77;11.44;6.01;11.48;22.36;16.32;NaN;23.12;20.93;21.59;76.80;13.56;27.68;33.45;35.09;21.42;21.77;16.29;13.87;9.75;34.98;11.02;40.44;42.65;7.70;17.03;29.02
2018.03.13 00:00;22.81;37.17;25.15;38.46;24.54;22.61;8.74;21.02;29.23;19.14;26.97;44.68;10.96;23.48;12.10;19.98;6.84;14.23;22.54;14.29;40.33;7.71;56.82;13.12;8.28;26.18;22.98;25.35;21.60;12.34;32.89;13.78;25.88;15.62;NaN;7.24;21.70;NaN;22.37;34.86;37.89;12.24;10.75;30.70;10.11;17.30;16.83;31.38;11.32;6.04;11.80;22.27;16.31;NaN;22.89;20.73;21.71;77.74;13.45;26.85;32.98;35.54;21.57;22.40;16.15;13.88;9.68;34.72;10.92;40.13;41.91;7.76;16.88;30.01
2018.03.14 00:00;23.11;36.99;24.71;38.13;24.41;22.40;8.55;20.47;29.23;19.30;26.41;44.02;11.00;23.64;12.02;19.68;6.68;14.40;22.35;14.21;40.30;7.65;56.64;13.01;8.21;26.04;21.41;23.49;21.00;12.19;32.34;13.56;25.14;15.39;NaN;7.26;20.99;NaN;22.09;35.06;37.95;12.02;10.65;30.01;9.85;17.31;16.95;31.29;11.09;5.95;12.11;22.10;15.98;NaN;22.83;20.98;21.01;77.14;13.58;26.43;33.38;35.33;21.07;23.63;16.07;13.91;9.56;34.69;11.01;40.57;41.88;7.51;17.14;30.55
2018.03.15 00:00;22.74;36.81;24.30;38.05;24.06;21.76;8.40;20.28;29.30;19.53;25.27;44.07;10.76;25.02;11.52;19.12;6.85;14.23;22.14;14.33;39.83;7.41;56.52;12.93;8.12;25.83;21.31;23.38;20.71;12.26;31.87;13.39;25.25;14.90;NaN;7.06;21.18;NaN;21.85;34.40;37.68;11.66;10.60;30.15;9.53;17.01;16.99;31.36;11.25;5.60;11.93;21.71;15.96;NaN;22.36;19.98;20.16;76.06;13.35;26.18;33.31;35.12;21.27;23.04;16.07;13.87;9.63;34.20;10.82;40.38;41.03;7.88;17.18;30.28
2018.03.16 00:00;22.48;36.40;24.07;38.06;24.12;21.92;8.40;20.65;29.53;19.26;25.00;45.22;10.46;25.81;11.59;19.34;6.92;13.87;22.08;14.42;40.71;7.39;57.66;12.86;8.01;26.10;20.95;23.33;20.68;12.10;31.20;13.34;25.43;14.82;NaN;7.02;21.65;NaN;21.61;35.00;37.33;11.38;10.50;30.03;9.35;17.07;17.49;31.18;11.46;5.60;12.04;21.39;16.00;NaN;22.60;20.09;17.81;74.67;13.42;25.82;33.81;35.55;21.39;28.06;16.22;13.81;9.70;33.80;10.83;40.29;41.01;7.96;17.25;33.00
2018.03.19 00:00;22.65;36.37;23.89;37.16;23.87;21.84;8.32;20.93;28.50;19.21;25.00;44.32;10.39;26.46;11.53;19.67;7.10;13.84;22.03;14.53;39.66;7.18;56.03;12.76;8.00;26.25;20.88;23.07;20.49;12.09;31.55;13.29;25.42;14.41;NaN;6.81;21.00;NaN;21.19;34.39;36.94;11.76;10.39;29.38;9.50;17.15;17.66;30.52;11.21;5.53;11.77;21.62;15.97;NaN;21.85;19.62;18.46;75.57;13.07;25.62;33.55;35.60;21.39;30.12;16.16;13.58;9.67;33.79;10.30;39.14;41.33;7.90;17.26;32.63
2018.03.20 00:00;22.56;36.67;24.36;37.31;23.85;21.92;8.20;20.84;28.91;19.12;24.50;44.22;10.43;27.32;11.40;20.04;7.10;13.92;21.85;14.31;39.21;7.31;57.42;12.72;7.76;26.38;20.80;23.42;20.34;12.15;31.82;13.25;24.93;15.10;NaN;7.05;20.91;NaN;20.77;33.65;36.90;11.93;10.39;29.48;9.44;17.31;17.59;30.16;11.13;5.48;11.62;21.50;15.72;NaN;22.14;19.84;19.35;75.55;13.09;25.31;33.83;35.32;21.39;29.98;15.90;13.74;9.63;33.54;10.64;39.62;40.94;7.65;17.13;33.09
2018.03.21 00:00;22.75;37.48;24.51;37.92;23.97;22.11;8.05;20.79;29.50;19.74;24.28;44.63;10.50;27.58;11.59;19.45;7.18;13.82;22.07;14.11;39.84;7.71;57.58;12.80;7.87;26.59;20.14;22.95;21.40;12.14;31.96;13.46;25.17;15.33;NaN;7.12;20.98;NaN;20.60;33.58;36.82;12.00;10.40;29.36;9.36;17.31;17.47;30.20;11.50;5.60;11.38;21.40;15.88;NaN;22.98;20.67;19.16;74.79;13.12;26.02;33.59;35.90;21.06;31.28;15.76;13.49;9.57;33.70;10.90;40.48;40.69;7.77;17.22;34.31
2018.03.22 00:00;22.86;37.54;24.28;37.24;24.11;22.31;8.22;20.65;28.96;19.95;24.52;44.02;10.96;27.34;11.64;19.11;7.17;13.70;22.01;14.32;39.17;7.56;57.96;12.92;8.11;26.29;20.05;22.94;21.15;12.15;32.29;13.79;25.75;14.73;NaN;6.87;20.57;NaN;20.99;33.42;37.99;12.35;10.36;29.27;9.34;17.37;18.11;31.06;11.79;5.64;11.58;21.97;15.89;NaN;22.85;20.36;18.58;74.89;13.06;26.29;33.49;35.73;20.87;31.99;15.84;13.38;9.44;33.33;10.77;39.94;40.74;7.84;17.25;33.97
2018.03.23 00:00;22.78;37.16;23.77;36.98;24.28;22.98;8.05;20.73;28.54;19.78;23.87;43.39;10.79;26.59;11.46;18.59;7.14;13.16;22.05;14.42;39.09;7.45;57.82;12.61;7.96;26.14;19.89;22.76;21.11;12.18;32.50;13.81;25.37;14.47;NaN;6.75;21.33;NaN;20.69;32.91;37.71;12.26;10.40;29.41;9.17;17.22;18.07;30.26;11.72;5.64;11.40;21.84;15.90;NaN;22.93;20.39;18.44;73.52;13.06;25.91;33.29;35.22;20.91;32.67;16.29;13.26;9.43;32.97;10.64;39.62;40.42;7.83;17.11;32.78
2018.03.26 00:00;22.85;37.97;23.99;37.23;24.42;22.64;8.06;21.10;28.64;20.64;23.23;44.23;10.86;25.68;11.26;18.32;7.29;12.93;22.19;14.55;39.58;7.45;58.37;13.07;8.09;26.18;21.36;24.34;21.30;12.13;32.71;14.02;25.50;14.68;NaN;6.69;21.76;NaN;20.49;33.28;38.20;12.37;10.57;29.77;9.15;17.43;18.27;30.39;12.36;5.84;11.64;21.62;15.70;NaN;23.12;20.65;18.33;74.50;13.23;26.47;33.76;35.88;21.38;33.68;16.38;13.57;9.40;33.03;10.70;40.00;41.27;7.98;16.85;32.64
2018.03.27 00:00;22.70;37.99;23.92;36.31;24.12;22.62;8.00;21.02;27.95;20.22;23.21;42.74;10.84;24.24;11.43;18.14;7.15;12.58;22.44;14.09;38.74;7.30;58.21;13.13;8.23;26.23;20.81;23.39;21.36;12.01;32.86;13.95;25.08;14.49;NaN;6.54;21.48;NaN;20.03;32.87;38.11;12.24;10.46;29.41;8.89;17.59;18.11;29.69;11.95;5.58;11.63;21.85;15.29;NaN;22.55;20.10;17.91;72.66;13.06;26.10;33.76;32.79;21.24;32.52;16.60;13.36;9.41;33.11;10.50;38.92;41.61;8.15;16.55;31.64
2018.03.28 00:00;22.68;37.68;24.40;36.19;24.28;22.77;7.70;21.19;28.35;19.52;22.16;41.90;10.75;24.23;11.51;18.12;6.92;12.67;22.75;14.17;38.00;7.23;58.61;13.05;7.98;26.28;19.82;22.32;21.30;11.81;32.39;13.92;24.62;14.34;NaN;6.55;20.95;NaN;19.94;33.26;37.12;12.20;10.58;29.68;8.65;18.20;17.91;29.58;11.99;5.77;11.55;21.78;15.63;NaN;22.27;19.87;18.21;71.23;12.73;26.20;34.31;31.60;21.25;32.93;16.64;13.20;9.34;33.56;10.38;39.56;41.11;8.26;16.69;31.01
2018.03.29 00:00;22.92;38.18;24.95;36.83;24.92;22.79;7.57;21.40;28.86;19.69;22.83;44.76;10.85;25.26;11.88;18.05;7.15;13.06;22.91;14.39;38.66;7.65;60.25;13.05;8.12;26.63;19.72;22.14;21.45;11.93;33.01;13.85;25.12;14.87;NaN;6.78;21.73;NaN;20.16;33.66;37.38;12.21;10.77;30.08;9.09;18.86;18.60;30.44;12.10;5.88;11.82;22.16;15.83;NaN;22.59;20.07;18.04;73.16;13.15;26.82;35.84;32.43;20.87;32.84;16.95;13.59;9.36;33.76;10.61;40.20;41.86;8.14;16.85;31.70
2018.04.02 00:00;22.71;37.35;24.76;36.13;24.69;22.38;7.45;21.22;29.30;19.06;22.92;43.44;10.66;24.56;11.53;17.84;6.94;12.96;22.62;14.12;37.85;7.77;58.60;13.07;7.70;26.17;19.65;21.69;21.20;11.91;33.01;13.82;24.67;15.00;NaN;6.80;21.43;NaN;19.54;32.99;36.70;12.13;10.71;29.94;9.14;18.57;18.44;30.24;12.10;5.77;11.67;22.04;15.63;NaN;21.99;19.59;17.91;72.79;12.80;26.43;35.48;31.87;20.48;33.01;16.78;13.32;9.23;33.47;10.62;40.95;42.06;8.29;16.63;31.37
2018.04.03 00:00;23.04;37.98;24.72;35.65;24.97;22.09;8.06;21.40;29.21;19.15;23.15;43.10;10.62;25.12;11.52;17.87;7.01;12.70;22.70;14.17;37.82;7.64;56.83;12.77;7.87;25.81;20.00;22.13;21.50;11.79;32.34;13.75;24.42;15.09;NaN;6.80;21.42;NaN;19.58;32.91;36.60;12.12;10.65;29.66;8.85;19.00;18.41;29.94;11.99;5.89;11.42;21.75;16.09;NaN;22.05;19.41;18.14;72.57;12.83;26.90;35.84;32.17;20.74;33.87;16.86;13.91;9.47;32.70;10.41;40.83;42.24;8.41;16.63;30.82
2018.04.04 00:00;23.03;36.69;24.46;35.95;24.75;22.04;7.97;21.40;28.90;19.01;23.06;43.19;10.57;24.38;11.41;17.49;6.92;12.31;22.55;14.09;37.54;7.47;56.97;12.51;8.04;25.95;20.30;22.87;21.18;11.88;31.99;13.90;24.16;14.72;NaN;6.70;20.63;NaN;19.53;33.57;35.45;12.19;10.66;29.85;8.85;19.54;18.35;30.07;11.93;6.00;11.36;21.48;16.08;NaN;21.97;19.10;17.81;70.57;12.44;27.46;35.50;31.73;20.64;35.33;17.10;13.54;9.62;32.89;10.20;40.53;42.60;8.18;16.64;31.20
2018.04.05 00:00;22.88;37.14;25.02;37.00;24.83;22.42;8.43;21.40;29.45;19.33;22.05;43.79;10.62;24.97;11.63;17.51;6.94;12.64;22.66;13.95;37.14;7.71;57.62;12.97;8.32;26.27;20.98;23.61;21.67;11.95;31.67;14.04;24.17;15.71;NaN;7.14;21.07;NaN;19.38;34.15;34.90;12.52;10.63;29.91;8.68;19.38;18.46;30.27;12.20;6.19;11.21;21.60;16.16;NaN;22.57;19.83;17.72;68.46;13.09;27.13;35.65;31.84;20.66;35.93;16.94;13.78;9.78;32.89;10.28;41.19;42.35;8.13;16.57;32.18
2018.04.06 00:00;22.14;38.67;25.06;36.52;24.75;22.23;8.01;21.27;29.45;19.80;22.36;43.28;10.71;24.22;11.50;17.64;6.87;12.81;22.70;13.86;36.87;7.49;58.31;13.13;8.38;25.98;19.06;21.68;21.55;11.85;31.20;13.83;24.10;15.47;NaN;7.08;23.98;NaN;19.37;33.86;35.21;12.39;10.54;30.05;8.85;19.33;18.33;30.03;12.13;6.16;11.43;21.42;15.76;NaN;22.81;19.95;17.48;66.41;13.60;27.09;34.98;31.60;20.45;37.40;16.57;13.73;9.65;32.85;10.13;40.71;42.01;8.13;16.21;32.04
2018.04.09 00:00;22.18;38.67;24.49;35.19;23.82;22.15;8.36;21.21;29.51;19.95;21.36;43.73;10.66;24.50;11.43;17.84;6.71;12.72;22.43;13.75;36.14;7.29;57.31;12.60;8.16;25.70;17.24;20.22;20.89;12.06;31.39;13.75;23.95;15.16;NaN;6.89;22.99;NaN;18.86;33.86;34.66;12.50;10.33;29.39;8.74;19.24;17.72;29.33;11.95;7.32;11.25;20.90;15.33;NaN;22.15;19.25;17.32;65.53;13.54;26.90;34.44;31.04;20.40;36.40;15.99;13.67;9.44;32.56;9.77;40.91;41.81;7.87;15.87;31.41
2018.04.10 00:00;22.66;37.37;24.56;34.77;24.02;22.31;8.47;21.40;30.97;20.04;21.41;44.94;10.67;24.22;11.60;17.25;6.72;12.66;22.53;13.81;36.24;7.43;57.66;12.61;8.21;26.18;17.86;21.19;22.29;12.81;32.33;13.95;24.30;15.48;NaN;7.05;22.53;NaN;19.18;32.76;34.86;12.52;10.38;29.53;8.71;19.13;17.69;28.90;11.73;8.62;11.16;21.41;15.58;NaN;23.02;20.06;17.36;67.48;13.75;27.63;34.46;30.91;20.45;36.20;16.11;13.87;9.57;32.37;9.82;42.71;42.41;7.74;16.02;30.60
2018.04.11 00:00;22.71;36.39;24.82;35.05;24.58;21.97;8.27;21.35;30.90;19.97;22.54;44.56;10.64;24.14;11.64;17.18;6.86;13.16;22.46;13.65;37.69;7.64;57.86;12.43;8.43;25.84;17.55;21.26;23.18;12.56;32.10;13.85;25.00;15.36;NaN;7.05;21.89;NaN;19.25;33.10;35.23;12.64;10.37;30.02;8.92;18.96;17.99;28.58;11.97;8.12;10.68;21.00;15.69;NaN;23.55;20.44;17.82;68.17;14.05;27.48;35.14;31.48;20.63;35.14;16.22;13.94;9.44;31.89;9.92;42.52;42.26;7.88;16.10;30.67
2018.04.12 00:00;22.18;37.19;25.14;34.96;24.14;21.80;8.25;21.15;31.02;19.87;22.71;44.88;10.84;25.76;12.06;17.01;7.01;13.54;22.53;13.49;37.67;7.70;58.29;12.54;8.80;26.01;18.10;21.49;22.91;12.57;32.19;13.83;25.27;15.78;NaN;7.32;22.08;NaN;19.73;33.81;35.22;12.37;10.54;30.28;9.07;18.77;18.61;29.38;12.30;8.24;11.02;20.80;16.28;NaN;23.59;20.32;18.51;69.54;14.09;27.58;35.50;31.59;20.64;35.78;16.20;14.03;9.68;31.56;10.24;42.68;40.98;7.99;16.29;30.75
2018.04.13 00:00;22.15;36.64;24.70;33.79;23.61;21.76;8.22;20.93;31.16;19.78;21.67;44.25;10.77;25.70;11.92;16.34;6.83;13.68;22.49;13.76;36.74;7.61;57.92;12.12;8.58;26.08;18.05;21.18;22.96;12.51;31.87;13.77;24.88;15.74;NaN;7.36;21.28;NaN;19.47;33.78;35.08;12.37;10.31;29.58;8.87;18.57;18.05;29.54;12.15;8.22;10.79;20.78;15.76;NaN;22.95;19.87;18.33;68.22;13.97;27.54;34.96;31.64;20.64;35.69;15.99;13.93;9.72;31.40;10.22;42.84;41.06;7.93;16.43;30.73
2018.04.16 00:00;21.88;35.88;23.72;32.58;23.09;21.57;8.12;20.88;30.93;19.02;21.02;44.22;10.42;26.20;11.60;16.44;6.62;13.43;22.32;13.53;35.78;7.40;57.07;11.95;8.59;25.49;17.40;20.27;22.59;12.57;31.47;13.52;24.26;15.69;NaN;7.23;20.59;NaN;19.20;33.65;34.42;12.43;10.12;29.14;8.72;18.75;17.96;29.41;11.89;8.12;10.69;20.49;15.48;NaN;22.14;19.33;18.18;67.97;13.85;27.08;33.87;30.83;19.73;36.29;15.99;13.86;9.64;30.59;9.74;42.42;40.97;7.87;16.50;30.35
2018.04.17 00:00;22.00;36.75;23.99;33.36;23.39;21.62;8.00;20.98;31.89;18.79;21.04;44.51;10.45;27.09;11.73;16.60;6.76;13.48;22.39;13.54;36.60;7.55;57.67;12.06;8.74;25.80;17.35;19.84;22.89;13.06;32.15;13.64;24.35;16.11;NaN;7.44;22.11;NaN;19.13;34.02;35.37;12.88;10.31;29.63;8.77;19.23;18.24;29.55;12.02;8.05;10.64;20.78;15.88;NaN;22.54;19.71;18.12;68.99;13.94;27.11;34.11;31.18;19.49;37.30;16.25;14.16;9.96;29.75;9.95;43.74;42.12;7.85;16.58;31.19
2018.04.18 00:00;22.23;37.00;24.54;34.13;24.17;22.11;7.95;20.88;32.99;19.17;23.04;44.80;10.50;27.73;11.60;16.60;6.88;13.40;22.48;13.57;36.03;8.02;58.61;12.05;8.76;25.95;17.60;20.38;22.69;12.70;32.34;13.79;24.67;16.63;NaN;7.76;22.82;NaN;19.76;33.86;35.25;13.30;10.51;30.19;8.94;19.37;18.52;29.83;11.86;8.00;10.62;21.13;15.87;NaN;23.28;20.44;17.96;67.83;14.15;27.73;35.26;31.50;20.39;36.77;16.26;14.47;10.26;30.30;10.74;45.22;42.15;7.98;16.53;32.18
2018.04.19 00:00;22.38;36.59;24.36;34.15;24.13;21.80;7.97;21.04;33.20;19.61;24.17;44.81;10.55;29.30;11.63;16.40;7.05;13.10;22.35;13.80;35.39;8.05;58.05;11.76;8.83;25.62;17.70;20.58;22.66;12.79;32.48;13.51;25.26;16.47;NaN;7.70;21.29;NaN;19.68;33.58;34.96;13.77;10.35;29.91;8.85;19.21;18.56;29.62;11.70;7.89;10.65;21.04;15.97;NaN;23.57;20.81;18.06;67.72;14.05;27.76;35.41;31.86;20.77;36.75;16.12;14.71;10.41;29.80;11.12;45.55;42.09;8.11;16.72;32.44
2018.04.20 00:00;22.31;36.79;24.02;33.77;23.79;21.40;8.13;20.74;32.80;19.38;25.37;43.92;10.42;30.93;11.50;16.53;7.03;12.97;22.26;13.89;35.44;7.90;57.39;11.61;9.04;25.55;16.97;19.70;23.39;12.60;32.34;13.37;25.27;16.26;NaN;7.68;20.62;NaN;20.31;31.43;34.68;13.78;10.26;29.84;8.91;19.23;18.80;29.42;12.01;8.08;10.87;20.92;16.37;NaN;23.63;20.96;17.97;66.72;14.29;27.34;35.01;31.77;21.07;37.04;16.49;14.76;10.39;30.16;10.93;45.36;41.74;8.59;17.07;32.32
2018.04.23 00:00;22.33;36.95;24.06;33.16;23.78;21.65;8.09;20.57;32.85;19.40;25.33;44.14;10.36;31.51;11.70;16.31;7.01;13.65;22.17;14.10;35.21;7.93;57.41;11.44;8.92;25.36;16.89;19.61;23.59;12.56;32.35;13.37;24.71;16.04;20.09;7.59;21.12;NaN;20.36;29.67;34.34;13.46;10.30;29.90;8.94;18.96;19.43;29.71;12.38;8.10;10.87;21.05;15.94;NaN;23.55;21.07;17.88;66.02;14.36;27.08;35.33;32.20;20.74;37.66;16.36;14.83;10.39;29.99;10.67;45.24;41.78;8.30;17.00;32.53
2018.04.24 00:00;22.19;35.84;23.72;32.84;23.82;21.42;8.30;20.47;33.58;19.02;25.85;43.82;10.08;30.34;11.51;16.83;6.86;13.93;22.18;14.53;36.84;7.93;57.71;11.57;8.75;25.48;16.66;19.60;23.42;12.44;31.71;13.25;24.48;16.07;20.46;7.56;20.57;NaN;20.21;29.93;33.81;13.53;10.28;29.75;8.87;18.35;19.43;29.36;12.53;8.00;10.95;20.94;16.06;NaN;23.47;21.00;18.80;66.60;14.18;26.85;35.38;32.18;20.45;37.11;16.37;14.80;10.39;28.87;10.44;46.01;42.04;8.63;16.92;32.03
2018.04.25 00:00;22.06;34.23;23.50;33.27;24.12;21.43;8.27;20.98;32.95;18.67;25.82;42.17;10.19;30.08;11.24;16.75;6.82;13.46;22.01;14.63;36.65;7.94;56.75;11.50;8.86;25.55;16.95;20.24;23.06;12.34;31.58;13.35;24.67;16.08;19.84;7.51;19.22;28.41;20.06;30.67;33.96;13.76;10.34;29.57;8.72;18.41;19.20;28.50;12.57;7.79;10.76;20.89;16.09;NaN;22.73;20.37;19.82;66.92;13.76;27.74;34.30;32.57;20.90;38.59;16.51;14.65;10.31;29.05;10.58;45.67;41.82;8.49;16.56;32.86
2018.04.26 00:00;22.19;34.34;24.07;33.53;24.12;21.70;8.15;20.98;33.66;19.17;25.97;42.38;10.39;29.81;11.42;16.92;6.96;13.16;22.34;14.34;37.55;8.01;57.12;11.52;8.90;26.32;17.34;20.29;23.14;12.80;31.67;13.63;25.17;16.32;20.04;7.66;19.35;27.42;20.46;29.45;34.64;14.07;10.68;30.26;8.96;18.91;19.40;28.71;12.95;7.92;10.93;21.65;16.07;NaN;23.65;21.21;19.61;68.47;14.12;27.56;34.26;32.97;21.13;39.38;16.32;15.06;10.41;29.30;10.74;46.38;42.19;8.07;17.36;30.97
2018.04.27 00:00;22.07;35.40;24.22;33.53;24.38;21.82;8.20;21.00;33.41;19.68;25.72;42.88;10.27;29.43;11.58;16.53;7.06;13.64;22.56;14.39;37.54;7.73;57.33;11.73;9.05;26.28;18.07;21.43;22.54;13.08;31.69;13.77;24.58;16.00;20.47;7.56;19.57;27.57;19.37;29.60;34.87;13.95;10.69;30.20;8.70;19.32;19.57;29.23;13.05;7.90;11.17;21.62;16.50;NaN;23.71;21.29;19.68;67.97;14.36;26.24;34.44;33.08;21.02;39.82;16.61;15.10;10.43;29.50;10.46;46.05;42.42;8.30;17.37;29.39
2018.04.30 00:00;22.21;36.39;23.72;32.94;24.00;21.40;8.20;20.82;33.77;19.92;24.80;42.57;10.17;28.47;11.55;16.75;7.06;13.46;22.50;14.48;37.05;7.63;57.69;11.86;9.23;25.83;17.90;20.94;22.10;12.92;31.51;14.00;24.17;15.97;20.24;7.43;19.49;27.23;18.83;29.47;34.64;13.80;10.63;29.91;8.51;19.34;19.69;29.01;13.23;7.84;11.17;21.46;15.93;NaN;23.82;21.53;20.01;67.27;14.85;26.05;34.34;33.39;20.71;40.62;16.61;15.10;10.41;28.78;10.63;46.35;41.95;8.11;17.22;29.19
2018.05.02 00:00;21.58;35.50;23.08;32.33;23.39;21.40;8.00;20.28;33.64;20.04;24.60;42.49;9.92;27.35;11.45;16.73;6.86;13.06;22.32;14.19;37.00;7.74;56.23;11.48;9.21;25.73;18.70;21.40;22.00;12.63;31.48;13.97;23.86;15.57;20.49;7.34;18.37;26.89;18.82;29.00;33.96;13.85;10.00;28.57;8.46;19.23;18.87;28.60;12.71;7.72;11.08;20.75;16.36;NaN;23.76;21.19;19.56;64.55;14.79;25.20;33.25;32.77;20.58;41.99;16.56;14.65;10.13;28.62;10.57;46.39;41.98;8.10;17.45;28.37
2018.05.03 00:00;21.52;33.77;22.66;31.42;22.90;21.37;7.73;19.82;33.91;19.41;24.30;41.39;9.78;27.21;11.23;15.69;6.79;12.73;21.76;14.10;35.92;7.45;53.42;11.35;8.99;25.61;18.40;20.67;22.08;12.42;31.10;13.68;23.68;15.81;20.24;7.30;17.50;27.07;18.87;28.65;33.18;14.06;9.72;28.00;8.22;19.18;18.27;28.69;12.05;7.52;10.73;20.39;15.91;NaN;23.51;21.05;19.28;63.94;14.71;24.82;32.58;32.29;20.65;40.38;16.39;14.58;10.13;25.71;10.33;46.75;41.10;7.61;17.05;28.37
2018.05.04 00:00;21.42;33.47;22.54;31.35;22.93;21.07;7.74;19.72;34.39;18.97;24.40;42.53;10.13;28.41;11.38;15.18;7.00;12.76;21.39;14.04;35.25;7.56;54.37;11.34;9.13;25.37;18.88;21.27;21.94;12.24;30.63;13.52;24.61;16.15;20.24;7.41;18.32;26.34;18.72;28.53;32.79;14.67;9.57;27.68;8.06;19.24;18.19;30.25;12.11;7.88;10.43;20.20;15.87;NaN;23.11;20.88;19.45;61.61;14.39;24.78;32.72;32.15;18.87;39.42;16.11;14.67;10.13;25.71;10.71;47.34;40.64;7.56;16.66;28.55
2018.05.07 00:00;21.27;32.99;22.49;31.32;22.72;20.52;7.95;19.72;32.66;18.91;24.10;42.31;9.85;28.43;11.22;15.46;6.98;12.72;21.55;14.11;35.01;7.36;53.35;11.47;9.15;25.22;17.15;19.56;21.98;12.40;31.10;13.45;24.31;15.69;20.24;7.16;17.30;26.59;18.09;28.40;32.44;14.45;9.58;27.72;8.02;19.07;18.12;30.14;12.00;7.66;10.85;20.02;15.52;NaN;23.93;21.23;19.27;60.01;14.62;24.18;32.44;30.80;18.68;39.00;16.35;14.66;9.73;25.23;10.50;46.90;40.46;7.60;16.39;27.43
2018.05.08 00:00;21.37;33.08;22.40;32.17;22.60;20.95;7.80;19.63;30.85;18.18;23.88;42.44;9.61;27.83;11.32;15.83;6.95;12.82;21.32;14.35;35.40;7.36;53.22;11.47;9.16;25.09;17.19;19.54;22.25;12.32;30.72;13.42;24.53;15.66;20.34;7.09;16.92;26.59;17.94;28.20;32.16;14.19;9.61;27.80;7.96;19.07;18.36;29.90;13.76;7.59;10.95;19.75;15.36;NaN;23.93;21.48;18.88;60.95;14.70;24.60;32.09;31.13;18.90;39.55;16.19;15.00;9.91;25.02;10.59;46.85;40.34;7.65;16.33;28.17
2018.05.09 00:00;20.86;30.99;22.56;33.53;22.78;21.06;7.86;19.76;30.94;18.48;24.36;43.02;9.60;26.81;11.27;15.57;6.91;12.34;21.09;15.19;36.31;7.56;53.08;11.53;9.12;25.12;17.51;19.97;23.04;12.10;30.58;13.36;24.99;16.65;20.34;7.54;15.25;26.49;17.85;28.01;32.50;14.12;9.63;27.89;8.27;19.33;18.46;29.30;13.96;8.09;11.10;19.91;15.46;NaN;26.33;23.23;19.14;61.81;14.70;25.08;32.16;31.08;19.66;42.39;16.03;14.08;9.92;24.81;10.81;47.86;40.03;7.90;16.41;28.43
2018.05.10 00:00;20.76;31.99;23.14;32.30;23.24;21.61;7.45;19.86;32.04;18.50;24.00;44.99;9.89;27.73;11.53;15.79;7.04;12.63;21.51;15.57;36.03;7.81;53.49;11.79;9.15;25.96;18.08;20.69;22.43;12.56;30.63;13.38;25.14;17.12;20.34;7.71;16.35;26.79;17.75;28.28;34.04;13.83;9.95;28.66;8.72;19.52;18.84;29.45;13.57;7.99;11.30;20.64;15.53;NaN;27.89;24.14;19.73;65.92;14.59;25.16;33.43;29.19;19.81;41.57;16.42;13.83;10.28;25.47;10.86;48.95;40.22;7.63;17.19;28.37
2018.05.11 00:00;20.80;30.55;22.13;32.14;22.82;21.76;7.20;19.76;32.22;18.39;23.90;44.07;9.60;29.96;11.69;15.77;7.02;10.71;21.07;15.53;37.45;8.06;51.57;11.15;8.82;25.79;17.74;19.99;22.32;14.51;30.34;12.81;24.57;17.02;20.49;7.60;15.84;27.18;17.33;27.80;32.62;14.06;9.79;28.20;8.68;19.43;19.38;28.49;13.47;7.81;11.15;20.11;17.81;NaN;28.00;23.85;19.63;68.07;14.54;24.27;32.90;27.43;19.59;42.63;16.27;13.38;9.93;25.72;10.75;50.13;40.13;7.50;17.23;25.56
2018.05.14 00:00;20.67;29.41;21.84;31.35;22.49;21.28;7.10;19.90;33.24;18.13;24.67;44.39;9.37;29.35;11.73;15.83;7.00;10.66;20.80;15.67;37.94;8.27;50.39;11.20;8.56;25.83;17.26;19.29;22.12;12.93;29.59;12.53;23.42;16.98;20.58;7.64;15.10;26.90;17.21;27.03;31.95;14.00;9.65;27.78;8.83;19.38;18.80;28.20;13.41;7.78;10.80;19.68;17.77;NaN;29.16;24.60;18.39;68.70;14.28;23.52;32.73;26.59;18.64;44.76;16.28;13.01;9.71;26.23;10.59;51.69;39.52;7.15;17.33;23.65
2018.05.15 00:00;20.43;27.89;21.38;30.49;22.36;20.97;7.04;19.55;33.24;18.44;23.95;46.20;9.75;27.79;11.45;15.46;6.93;10.79;20.37;15.00;38.66;8.17;49.74;11.14;8.57;25.81;17.66;19.99;23.06;12.55;29.61;12.46;23.32;17.05;19.99;7.55;14.95;28.51;16.66;26.67;31.32;14.70;9.52;27.67;8.99;20.14;18.35;27.23;13.20;7.85;10.48;19.68;18.69;NaN;29.89;25.11;17.27;68.36;14.06;24.05;32.31;26.33;18.14;45.49;15.70;13.13;9.56;25.70;10.13;52.05;40.09;7.20;18.02;23.87
2018.05.16 00:00;20.48;27.29;21.64;30.94;22.72;21.30;7.10;19.70;34.57;18.48;23.36;48.63;9.73;28.15;11.58;15.28;7.14;11.12;20.55;15.53;38.29;8.32;51.66;11.29;8.64;27.02;17.60;19.56;23.26;12.60;29.92;12.59;23.58;17.50;20.04;7.75;14.92;29.36;16.86;26.89;32.31;14.91;9.61;28.15;9.21;20.55;18.66;27.63;13.91;7.99;10.78;19.70;18.05;NaN;30.59;25.68;18.11;69.61;14.22;24.41;33.32;26.58;18.68;44.01;15.82;13.62;9.78;25.92;10.62;53.24;40.92;7.30;18.48;26.26
2018.05.17 00:00;20.08;25.53;20.73;29.50;21.78;20.63;7.06;19.39;33.74;17.52;22.00;47.09;9.32;26.42;11.00;14.83;6.93;10.51;20.30;15.08;38.61;8.09;49.64;10.98;8.30;26.45;17.83;19.34;22.71;12.72;29.64;12.30;22.86;17.22;20.55;7.69;14.20;29.84;16.47;25.68;31.27;14.71;9.19;26.68;9.08;20.32;17.80;27.04;13.55;7.75;10.36;19.06;17.43;NaN;29.22;24.33;17.27;67.73;13.97;23.17;31.93;26.21;18.05;43.94;15.68;12.76;9.57;25.29;10.53;52.75;39.83;7.19;18.10;24.75
2018.05.18 00:00;19.64;26.14;20.89;29.34;21.88;20.77;6.96;19.02;32.83;17.03;21.65;46.94;9.30;26.21;11.02;14.78;6.80;10.32;20.27;14.63;38.33;8.05;49.29;11.36;8.00;27.01;17.32;18.58;22.82;12.41;29.65;12.15;22.85;17.03;20.58;7.65;14.26;29.15;16.18;25.72;30.95;14.22;9.06;26.49;9.24;20.18;17.77;26.80;13.03;7.80;10.51;18.99;17.40;NaN;29.16;24.05;17.11;64.80;13.66;23.48;31.99;25.05;17.91;45.69;15.53;12.66;9.46;25.98;10.42;52.16;38.92;7.20;17.73;24.11
2018.05.21 00:00;19.33;27.39;20.77;28.64;21.56;20.75;6.95;19.07;32.19;16.95;21.63;45.37;9.47;26.44;11.01;14.57;6.88;10.48;20.12;14.61;38.31;7.86;50.24;11.21;8.00;26.95;16.63;18.32;22.58;12.49;29.00;11.96;22.82;16.47;20.83;7.46;14.79;30.33;16.31;25.72;31.43;14.06;9.01;26.13;9.35;20.16;17.88;26.90;13.58;7.60;10.46;19.04;17.37;NaN;28.18;23.48;16.72;63.67;13.92;23.46;31.76;24.53;18.03;45.23;15.51;12.71;9.44;24.44;10.14;50.48;38.42;7.00;17.37;24.16
2018.05.22 00:00;19.19;28.64;21.90;29.25;22.18;21.57;7.30;19.30;31.86;17.20;22.13;44.87;9.74;27.34;10.99;14.62;7.23;11.07;20.84;14.77;38.65;7.98;53.06;11.88;8.02;26.69;16.94;19.01;22.58;12.79;29.96;12.20;23.60;16.27;21.31;7.41;15.05;32.25;18.29;26.43;32.22;14.32;9.40;26.76;9.31;19.86;18.56;28.21;14.13;7.82;10.80;19.65;17.51;NaN;27.53;23.20;17.61;65.15;14.90;24.79;31.85;24.94;18.71;42.52;16.07;13.01;9.43;24.92;9.98;49.85;38.62;7.16;17.47;24.29
2018.05.23 00:00;19.09;27.63;20.72;28.62;21.60;21.41;7.11;18.98;31.37;17.05;21.42;44.66;9.63;26.60;10.63;14.66;7.22;11.11;20.69;14.64;39.22;7.56;50.72;11.53;7.77;26.70;14.99;17.22;22.91;12.50;29.03;12.01;22.91;15.91;21.87;7.33;14.25;32.19;17.46;26.19;30.95;14.07;9.18;26.26;9.28;19.72;18.25;27.49;13.87;8.42;10.75;19.12;16.97;NaN;26.30;21.85;16.20;62.45;14.32;24.29;31.65;24.63;18.58;42.25;15.61;12.81;9.34;23.86;9.61;49.47;38.18;6.84;17.46;24.51
2018.05.24 00:00;19.36;27.39;20.26;27.74;21.63;21.80;7.25;18.88;31.66;16.41;22.79;47.15;9.88;25.94;10.42;15.12;7.24;11.46;21.27;14.88;38.49;7.47;51.50;11.27;7.92;26.32;14.32;16.10;23.16;12.60;29.49;12.14;23.32;15.93;21.82;7.20;14.20;30.04;17.90;26.10;31.73;14.14;9.33;26.60;9.27;19.49;18.65;28.38;14.01;8.27;10.80;19.47;17.31;NaN;22.47;18.86;16.02;61.61;14.45;23.91;31.64;24.79;18.29;44.79;15.48;12.96;9.42;23.99;9.37;49.96;38.75;6.62;18.23;24.71
2018.05.25 00:00;19.20;28.04;19.71;27.16;21.20;21.30;7.72;18.70;30.77;16.18;22.29;46.20;9.78;24.92;10.24;14.96;6.90;11.10;21.16;14.89;37.96;7.10;50.98;11.05;7.65;26.26;14.14;16.60;23.36;12.87;29.47;11.94;23.21;15.26;21.58;6.87;14.44;30.52;17.25;26.19;31.43;13.97;9.19;26.37;9.39;19.49;18.07;27.58;13.88;8.17;10.76;19.39;16.99;NaN;22.31;18.59;15.70;60.56;14.22;23.14;31.23;24.88;18.55;43.84;15.47;12.86;9.49;23.16;8.79;49.03;39.05;6.75;18.11;24.24
2018.05.28 00:00;18.81;26.99;19.25;25.17;20.31;20.92;7.51;17.86;30.16;14.31;22.00;44.55;9.32;23.25;9.77;14.73;6.47;10.43;20.83;14.42;35.91;6.39;47.25;10.24;7.18;25.82;13.14;15.02;22.31;12.31;28.23;11.70;22.08;14.31;21.13;6.35;13.30;29.05;16.56;25.25;30.63;13.91;8.81;25.25;9.25;18.90;17.11;26.68;13.02;7.99;10.12;18.64;16.57;NaN;19.17;15.88;14.94;60.37;13.52;22.27;30.08;24.38;17.96;44.51;14.94;12.25;8.86;22.45;8.15;48.64;37.92;6.00;17.13;22.34
2018.05.29 00:00;18.65;27.07;19.44;25.74;20.39;20.28;7.29;18.05;29.22;15.32;21.20;43.72;9.31;23.37;9.73;14.39;6.62;10.09;20.68;14.78;36.74;6.65;49.67;10.65;7.39;25.35;13.43;15.25;22.03;12.15;28.41;11.87;21.91;14.52;21.34;6.50;13.96;29.31;16.40;25.98;30.08;13.88;8.75;25.16;8.93;18.88;17.20;26.07;12.95;8.01;10.28;18.55;16.32;NaN;21.54;18.12;15.30;60.15;13.74;22.80;30.14;24.60;18.29;42.68;15.30;12.50;9.02;23.80;8.35;47.77;37.90;6.27;16.83;21.87
2018.05.30 00:00;18.75;26.50;20.41;27.42;20.26;20.29;7.08;18.09;29.59;15.79;21.42;44.16;9.60;24.97;9.95;14.78;6.81;10.49;21.30;15.39;37.18;6.69;50.73;10.38;7.61;25.83;13.74;15.39;22.45;12.30;28.66;11.96;22.75;14.25;21.33;6.50;13.54;29.54;16.74;26.38;30.48;14.06;8.77;25.21;8.73;19.26;17.54;26.40;13.44;7.83;10.30;18.93;16.68;NaN;21.49;17.82;15.65;60.90;13.81;23.10;30.44;24.84;18.75;42.63;15.89;12.77;9.12;23.80;8.05;48.22;38.84;6.50;16.64;23.01
2018.06.01 00:00;18.99;26.49;20.86;27.68;20.76;20.59;7.25;18.33;31.14;14.75;23.39;43.51;9.64;25.46;9.95;15.08;6.75;10.99;21.96;15.45;36.84;6.75;51.02;10.66;7.65;26.25;14.22;15.95;22.75;12.85;29.95;12.20;23.56;14.89;21.81;6.76;13.34;29.44;17.19;26.87;31.72;14.29;8.90;25.71;8.83;19.36;17.93;26.77;14.31;7.90;10.37;19.08;17.26;NaN;18.29;15.17;16.00;63.40;13.94;24.27;31.56;24.22;18.38;44.00;16.35;13.26;9.28;24.47;8.62;50.25;38.81;6.75;16.52;24.71
2018.06.04 00:00;19.08;26.99;21.40;28.08;20.97;20.64;7.65;18.37;30.94;15.80;24.39;43.48;9.74;27.49;9.95;14.78;6.81;10.83;22.04;15.77;36.89;7.76;53.80;10.70;7.93;26.03;15.27;17.36;22.42;12.69;31.17;12.22;23.65;15.28;22.02;6.87;14.35;29.84;18.58;27.03;32.55;14.86;9.19;26.27;8.77;19.32;17.91;26.83;15.41;8.02;10.41;19.40;18.39;NaN;19.35;16.46;15.76;66.73;14.49;24.71;32.22;24.45;18.34;46.52;16.29;12.95;9.43;24.39;9.20;50.02;38.50;6.95;16.27;24.87
2018.06.05 00:00;18.81;25.39;20.74;26.29;19.96;19.86;8.00;18.21;30.96;15.54;24.57;42.99;9.44;26.35;9.44;14.35;6.50;10.72;21.67;15.51;36.69;7.77;50.94;10.12;7.56;25.28;14.07;15.95;22.01;12.39;30.91;12.02;23.23;15.55;21.73;6.79;13.58;28.82;17.63;25.98;31.77;14.63;8.73;25.45;8.41;19.43;16.78;25.92;15.00;7.92;9.82;18.55;17.33;NaN;18.77;15.58;14.87;65.53;13.86;23.22;31.59;23.65;18.25;47.78;16.17;12.70;9.18;23.61;8.95;51.17;37.71;6.89;15.89;23.46
2018.06.06 00:00;18.60;24.41;20.08;24.99;19.63;20.13;7.99;17.77;32.84;16.34;23.84;43.72;9.33;24.52;9.61;14.13;6.23;10.19;21.48;14.94;36.58;7.57;48.35;9.94;7.51;24.82;13.44;14.94;23.16;12.25;30.75;11.78;22.44;15.32;21.63;6.73;12.85;28.05;16.65;25.26;30.53;14.92;8.61;24.81;8.48;19.86;15.78;25.79;14.17;8.02;9.86;17.94;17.46;NaN;18.67;15.33;14.46;63.57;13.43;22.41;30.63;23.74;17.81;51.40;16.01;12.64;9.11;23.42;8.68;53.40;38.41;6.49;16.47;22.34
2018.06.07 00:00;18.17;23.50;18.75;23.99;19.28;19.67;7.60;17.12;30.95;15.58;23.24;42.65;9.12;22.66;9.27;13.96;6.04;9.82;20.83;15.24;35.15;7.44;46.60;9.19;7.13;24.47;12.59;14.13;23.61;11.83;29.34;11.48;22.21;14.29;20.74;6.36;12.01;27.18;15.93;24.18;28.96;14.97;8.09;24.09;8.26;19.36;15.40;25.68;13.19;7.96;9.53;17.45;16.72;NaN;18.33;14.80;14.71;62.83;12.80;21.76;28.98;23.63;17.73;48.92;15.79;12.56;8.86;23.00;8.10;51.78;38.78;6.00;15.92;21.39
2018.06.08 00:00;18.05;23.19;19.54;24.33;19.11;19.83;7.80;17.10;28.85;15.08;21.50;41.79;9.32;23.98;9.57;14.32;6.04;10.48;20.84;14.83;34.30;7.06;48.74;9.36;7.47;24.26;12.11;13.45;22.59;11.97;29.46;11.50;22.25;13.79;21.08;6.20;12.29;27.23;16.18;24.56;30.32;14.99;8.10;24.15;8.60;18.86;15.98;26.02;13.08;8.26;9.37;17.89;17.16;NaN;17.43;14.32;14.77;63.86;13.64;22.41;28.83;22.89;17.86;44.25;15.65;12.28;8.98;23.22;8.29;48.47;38.64;5.67;15.98;21.77
2018.06.11 00:00;18.08;24.29;19.15;23.53;18.75;19.86;7.58;17.06;28.58;14.87;21.51;41.55;9.15;24.72;10.03;13.78;5.98;10.00;20.75;14.85;34.78;7.00;45.76;9.44;7.42;24.06;12.66;13.73;23.31;12.23;28.87;11.30;22.60;13.67;21.53;6.08;12.28;27.38;15.68;24.59;29.59;14.66;7.92;23.45;8.54;18.78;15.58;25.81;13.17;8.11;9.37;17.50;16.62;NaN;17.81;14.47;14.54;63.25;13.32;21.58;27.93;22.67;17.24;43.61;15.77;12.03;8.92;23.63;7.87;48.43;38.69;5.87;15.57;21.70
2018.06.12 00:00;17.98;23.80;19.69;24.43;18.70;19.78;7.40;16.88;29.17;14.97;20.89;41.09;9.11;24.38;10.13;13.44;5.88;10.06;20.62;15.05;34.13;7.35;43.67;9.36;7.68;23.88;12.96;14.55;24.74;12.17;28.57;11.44;22.93;13.98;21.54;6.18;12.39;27.65;15.49;25.10;28.82;14.29;7.91;23.40;8.52;19.00;15.24;26.29;13.63;8.37;9.50;17.55;16.42;NaN;17.67;14.52;14.66;63.67;13.20;21.89;27.64;22.80;17.48;45.44;15.56;12.14;8.90;24.27;8.10;49.24;38.63;6.25;15.39;21.94
2018.06.13 00:00;17.81;23.83;19.38;23.98;18.32;19.47;6.99;16.78;29.02;14.65;20.20;40.56;8.97;25.12;10.43;12.72;5.96;9.86;20.56;15.42;34.17;7.30;42.53;9.32;7.78;23.75;13.39;15.29;24.74;12.09;29.11;11.71;23.01;13.93;22.01;6.14;12.55;26.33;15.05;25.42;28.68;14.43;7.85;23.17;8.60;18.99;15.19;25.59;13.93;8.42;9.52;17.35;16.18;NaN;17.43;14.25;14.87;64.87;13.35;22.32;27.48;22.14;17.28;45.51;15.73;12.18;8.98;23.25;8.03;49.10;38.94;6.20;15.12;21.50
2018.06.14 00:00;18.02;23.84;18.90;22.90;17.58;19.34;6.99;16.73;28.65;14.49;20.87;39.99;8.71;26.35;10.14;13.37;5.94;9.86;20.33;15.52;33.44;7.12;42.30;9.17;7.47;23.43;13.32;15.02;24.76;12.09;29.25;11.53;22.75;13.74;22.83;6.05;12.14;26.61;15.19;24.99;28.26;14.53;7.59;22.35;8.59;18.80;15.40;25.18;14.80;8.33;9.17;16.98;16.03;NaN;17.42;14.18;14.72;66.36;13.21;21.74;26.49;22.30;17.18;47.48;15.74;12.41;8.88;23.07;7.78;49.25;39.60;6.20;14.77;21.57
2018.06.15 00:00;17.82;22.82;18.56;22.63;17.89;19.20;6.67;16.47;27.06;14.37;20.29;48.55;8.79;25.29;10.09;13.26;6.04;10.01;20.02;14.84;33.16;6.83;41.93;8.92;7.24;23.89;12.21;13.79;24.02;12.09;29.30;11.64;22.15;13.52;23.01;5.88;11.49;26.59;14.74;24.75;28.71;14.64;7.67;22.57;8.52;18.92;15.08;24.97;14.85;8.15;9.01;16.93;15.73;NaN;17.24;14.06;14.40;67.65;13.03;21.14;26.66;21.86;17.20;46.79;15.70;12.21;9.02;22.37;7.27;46.79;39.48;5.81;15.29;21.46
2018.06.18 00:00;17.80;22.50;18.01;22.19;17.31;19.12;6.48;16.28;27.07;14.58;20.00;48.19;8.47;24.41;10.23;13.13;5.82;9.80;20.32;14.34;33.51;6.83;42.76;8.90;7.11;23.47;12.20;13.78;24.31;12.06;29.16;11.61;21.97;13.58;23.21;5.87;11.14;25.98;15.05;24.72;28.39;14.50;7.41;22.11;8.73;18.62;14.78;24.81;14.60;8.12;8.88;16.73;15.33;NaN;16.67;13.62;14.19;69.34;12.56;20.99;26.04;21.74;16.87;45.79;15.70;12.02;8.64;22.61;7.21;46.87;39.24;5.92;14.79;21.59
2018.06.19 00:00;18.05;23.09;18.69;23.75;18.21;19.24;6.41;16.60;27.10;15.48;20.08;47.99;8.74;25.85;10.14;13.91;6.01;9.74;20.51;14.34;33.67;6.93;44.18;9.21;7.18;23.43;12.58;14.36;23.81;12.28;29.49;11.81;23.13;13.52;23.41;6.01;11.78;27.43;14.93;25.33;29.01;14.26;7.73;23.11;8.91;18.26;15.65;25.37;15.33;8.06;9.22;17.24;15.26;NaN;17.29;14.48;14.86;69.74;13.50;22.35;27.44;22.34;17.53;43.38;15.61;12.33;8.62;23.18;7.34;46.00;39.27;6.09;14.73;21.77
2018.06.20 00:00;17.80;23.35;18.55;24.44;18.60;19.12;6.61;16.72;27.34;15.07;19.60;47.85;8.66;27.37;9.85;14.22;6.11;9.48;20.60;14.81;33.55;6.96;44.98;9.59;7.28;23.39;12.67;14.55;24.39;12.49;29.20;11.68;22.58;14.19;24.06;6.31;11.84;28.36;15.14;26.65;28.83;14.09;7.90;23.54;8.90;18.03;15.87;26.07;15.08;7.92;9.49;17.36;15.29;NaN;18.00;15.22;15.19;69.10;13.21;21.67;27.83;22.89;17.46;42.64;15.84;12.44;8.81;22.20;7.48;46.49;39.65;6.24;14.92;21.90
2018.06.21 00:00;17.41;22.15;18.35;23.54;17.83;18.79;6.47;16.51;26.24;14.72;19.11;49.82;8.38;25.27;9.46;13.85;5.87;9.36;20.38;14.58;33.54;6.56;43.27;9.41;7.00;23.33;11.62;13.52;24.08;12.51;28.20;11.28;21.98;13.47;23.76;5.97;11.59;27.78;14.87;26.23;28.66;13.83;7.67;22.91;9.11;18.03;15.50;25.42;15.07;7.72;9.19;17.08;15.04;NaN;17.10;14.18;14.85;66.73;13.00;20.73;26.44;21.93;17.24;43.11;15.42;12.23;8.83;21.52;7.08;44.96;38.21;5.92;14.99;22.04
2018.06.22 00:00;17.44;22.16;18.73;23.62;18.17;18.94;6.87;16.84;26.69;15.22;19.45;49.35;8.51;25.65;9.50;13.37;5.85;9.36;20.37;14.72;33.91;6.71;43.12;9.26;6.86;23.59;12.08;13.98;24.26;13.07;28.92;11.21;22.45;13.73;22.87;6.10;11.13;28.56;15.04;26.00;28.89;13.71;7.73;23.08;9.12;17.77;15.71;25.25;15.22;7.90;9.21;17.35;14.98;NaN;17.20;14.19;14.68;66.38;13.08;21.31;27.17;21.66;17.50;43.41;15.41;12.26;8.78;21.86;6.99;45.73;38.84;6.12;14.96;22.04
2018.06.25 00:00;17.50;21.86;19.40;24.31;18.14;19.08;6.70;16.98;26.51;15.51;18.77;49.80;8.71;25.26;9.58;13.43;6.09;9.20;20.29;14.46;34.14;6.61;43.77;9.50;7.01;23.74;12.06;13.84;23.95;13.19;29.11;11.61;22.72;13.36;22.90;5.94;10.65;29.05;14.87;26.00;29.18;13.82;7.69;23.13;9.26;17.99;15.88;25.41;15.22;8.01;9.33;17.54;15.19;NaN;17.52;14.74;14.68;66.77;13.47;21.58;26.23;22.04;17.53;43.49;15.57;12.49;8.69;22.10;6.98;44.92;39.10;5.90;15.32;22.10
2018.06.26 00:00;17.37;21.99;19.35;24.60;18.04;19.19;6.60;16.74;27.15;15.89;18.50;49.14;9.38;25.23;9.69;13.71;6.51;9.16;20.17;14.52;34.35;6.55;44.96;9.49;7.00;23.96;11.74;13.27;23.89;12.92;29.15;11.33;24.15;12.96;22.21;5.80;10.51;29.17;14.99;26.46;30.69;13.96;7.82;23.05;9.12;17.89;15.78;26.04;15.34;7.87;9.20;18.40;15.09;NaN;17.94;15.06;15.13;66.61;13.73;22.61;26.13;21.66;17.80;44.02;15.56;12.13;9.03;22.06;6.94;46.04;38.42;6.03;15.46;21.83
2018.06.27 00:00;17.24;21.39;18.94;24.09;17.75;18.84;6.50;17.21;27.11;15.79;18.17;48.22;9.17;24.92;9.42;14.00;6.25;8.89;20.13;14.42;33.69;6.53;43.36;9.25;6.88;23.96;11.26;12.60;23.78;12.70;28.54;11.07;23.72;13.06;21.98;5.75;10.22;29.54;14.83;25.82;29.70;13.90;7.59;22.64;8.92;18.06;15.20;24.72;15.06;7.93;9.04;17.89;14.64;NaN;18.42;15.54;15.08;64.52;13.16;21.65;25.67;21.39;17.52;44.51;15.36;12.22;9.01;21.04;6.98;45.86;38.40;5.84;15.23;21.96
2018.06.28 00:00;17.30;21.49;19.42;25.48;18.36;18.80;6.33;17.21;27.45;15.86;17.91;48.93;9.13;25.61;9.63;14.30;6.39;9.12;19.97;14.48;33.71;6.59;43.41;9.50;6.82;24.04;11.58;12.83;24.62;12.80;28.39;11.37;24.25;13.41;21.53;5.84;10.69;29.82;14.34;26.25;29.55;13.76;7.78;23.27;8.72;17.87;15.71;25.41;15.31;8.03;9.14;17.98;15.26;NaN;18.32;15.59;15.52;63.68;13.55;22.12;25.97;21.37;17.24;43.69;15.34;12.24;8.98;21.52;7.25;46.74;38.43;5.86;15.61;21.93
2018.06.29 00:00;17.27;21.32;19.36;25.93;18.70;19.05;6.27;17.21;27.76;15.87;18.00;49.37;9.04;26.50;9.77;14.41;6.48;9.04;20.16;14.60;33.71;6.83;44.96;9.77;7.13;23.90;11.44;12.45;24.24;12.90;27.82;11.17;24.48;13.39;21.43;5.90;10.46;29.44;14.24;25.83;29.92;14.10;7.90;23.67;9.09;17.98;16.46;26.19;15.86;8.06;9.20;18.54;14.97;NaN;18.81;16.14;15.49;65.06;14.10;22.21;26.40;22.12;17.51;44.48;15.45;12.55;8.85;21.87;7.14;47.23;39.04;5.89;15.74;22.31
2018.07.02 00:00;17.42;20.70;19.54;26.60;18.57;19.00;6.44;16.98;27.17;15.75;20.21;49.64;9.08;26.44;9.42;14.21;6.60;9.44;20.03;14.39;33.33;6.76;44.42;9.62;6.98;23.92;12.26;13.48;24.70;12.69;27.77;11.51;23.80;13.40;21.33;5.94;10.16;28.95;14.24;26.36;30.36;14.08;7.98;23.69;9.08;17.96;16.10;25.86;15.55;8.09;9.13;17.99;15.14;NaN;19.06;16.40;15.21;66.40;13.86;21.64;26.21;22.08;17.72;44.11;15.56;12.42;8.78;21.91;7.05;46.44;38.62;5.84;15.20;22.74
2018.07.03 00:00;17.37;20.72;19.77;26.83;19.42;19.17;6.94;17.30;26.87;15.88;20.42;49.02;9.18;27.29;9.57;14.06;6.61;10.34;20.03;14.07;33.77;6.79;44.19;9.88;7.18;24.09;12.58;14.10;25.95;12.93;27.73;11.43;24.53;13.76;21.33;6.18;10.24;28.76;14.24;26.19;30.48;13.94;8.25;24.24;9.09;17.90;16.28;26.75;15.44;8.13;9.52;18.11;14.96;NaN;19.13;16.43;15.65;68.58;13.69;21.95;26.49;22.16;18.34;44.51;15.71;12.38;8.89;21.90;7.56;45.68;38.79;5.74;15.53;23.33
2018.07.04 00:00;17.38;20.99;20.01;27.60;19.70;19.16;6.95;17.30;26.97;15.83;20.70;48.24;9.33;28.57;9.67;14.04;6.75;10.12;20.42;14.29;34.08;6.98;43.82;10.18;7.23;24.33;14.84;16.44;26.92;13.03;28.49;11.78;24.75;14.04;22.30;6.27;10.54;28.84;14.44;26.36;31.37;13.76;8.33;24.64;9.42;17.93;16.43;26.62;15.41;8.56;9.63;18.52;14.93;NaN;20.06;17.33;15.94;68.39;13.70;22.04;27.08;22.50;18.49;45.22;16.30;12.53;8.94;21.80;8.02;45.74;38.84;5.72;15.43;23.64
2018.07.05 00:00;17.67;20.42;19.89;26.96;19.65;19.09;7.20;17.02;27.80;15.62;21.45;48.11;9.33;27.92;9.70;14.04;6.81;10.19;20.34;14.49;33.94;6.80;43.14;10.14;7.66;24.13;13.57;15.43;23.08;12.76;28.20;11.68;24.59;14.60;21.89;6.53;10.65;28.76;14.42;26.21;31.16;14.04;8.35;24.48;9.33;17.94;16.50;26.66;14.87;8.50;9.66;18.43;14.72;NaN;19.46;16.77;15.89;66.93;13.58;21.72;26.68;22.51;18.68;46.28;16.26;12.47;9.04;21.79;7.89;47.34;38.63;5.58;15.51;23.42
2018.07.06 00:00;17.37;20.79;20.59;26.66;19.71;19.16;7.12;17.49;28.18;16.15;22.80;48.03;9.47;27.91;9.70;14.00;6.86;10.88;20.41;14.51;34.69;6.92;41.27;10.29;7.56;23.93;13.64;15.47;22.65;12.84;28.14;11.66;25.10;14.94;21.66;6.69;11.16;28.12;14.40;26.86;31.09;14.01;8.36;24.70;9.13;18.09;16.63;26.66;15.09;8.25;9.67;18.22;14.87;NaN;19.59;16.85;16.60;66.01;13.69;21.36;26.98;23.08;18.93;45.15;16.31;12.59;8.99;22.21;7.84;47.95;38.35;5.48;15.86;24.23
2018.07.10 00:00;17.47;20.68;21.17;26.44;19.45;19.31;7.18;17.39;27.78;16.79;23.07;51.19;9.47;27.37;9.87;14.75;6.92;10.86;20.15;14.14;35.49;6.92;39.94;10.21;7.81;24.02;13.27;15.21;22.54;12.95;27.91;11.61;25.35;14.68;21.82;6.62;11.07;28.32;14.43;26.36;31.27;14.41;8.38;24.77;9.62;17.82;16.73;27.20;14.63;8.26;9.66;18.06;15.00;NaN;19.56;16.67;16.69;66.58;14.00;21.90;26.88;22.54;18.68;42.84;16.36;12.50;9.17;21.70;7.69;47.17;38.48;5.35;16.50;23.93
2018.07.11 00:00;17.20;20.89;21.18;26.96;19.37;19.25;7.15;17.94;27.26;16.88;22.82;52.21;9.54;26.32;9.87;14.47;6.75;10.78;20.20;14.17;35.03;6.58;39.99;10.17;7.76;24.32;13.56;15.54;21.56;12.76;28.06;11.61;25.59;14.34;22.20;6.47;10.71;28.27;14.30;26.30;30.78;14.52;8.41;24.87;9.27;17.91;16.49;26.66;14.19;8.14;9.61;18.07;14.72;NaN;19.39;16.35;16.74;68.48;14.06;21.03;26.98;22.46;18.82;44.40;16.08;12.47;9.11;21.66;7.35;46.54;38.34;5.65;16.32;23.91
2018.07.12 00:00;17.52;21.72;21.83;27.48;19.94;19.47;7.00;18.44;28.16;17.38;23.15;51.09;9.69;27.63;10.08;14.39;6.83;10.80;20.37;13.96;36.45;6.96;41.22;10.60;8.01;24.69;13.71;15.39;21.64;12.90;27.97;11.41;25.54;15.12;22.88;6.85;11.13;29.28;14.31;25.60;31.34;15.02;8.53;25.34;9.30;17.93;16.88;26.72;15.29;8.10;9.82;18.44;14.86;NaN;19.95;16.86;16.50;69.67;14.68;21.42;28.51;22.62;19.16;43.68;15.99;12.73;9.13;21.58;8.03;48.05;38.15;5.59;16.55;23.93
2018.07.13 00:00;17.71;21.84;22.55;28.17;20.34;19.61;6.77;18.48;28.06;17.52;22.78;51.26;9.80;28.29;10.04;14.83;6.99;10.89;20.51;14.03;36.66;6.97;43.02;10.55;7.90;25.33;13.75;15.28;20.64;12.92;28.13;11.21;25.64;14.93;23.66;6.83;11.25;28.38;14.27;25.42;32.52;15.31;8.72;25.98;9.19;18.09;17.38;27.35;15.57;7.97;10.04;19.24;14.88;NaN;19.93;17.01;16.35;73.25;14.69;22.21;28.53;22.73;19.59;43.76;16.17;12.82;9.19;20.44;8.12;47.92;37.99;5.80;16.65;24.70
2018.07.16 00:00;18.20;22.78;22.24;27.87;20.43;19.93;6.80;18.51;28.11;17.81;22.60;51.35;9.60;27.93;10.05;15.53;6.97;10.97;20.55;14.04;35.60;6.91;44.66;10.32;8.02;25.28;13.95;15.66;20.98;12.84;28.81;11.24;25.92;15.15;23.81;6.88;12.56;28.07;14.23;26.02;32.02;15.21;8.77;25.89;9.43;18.32;17.28;26.83;15.83;7.83;10.18;18.80;14.66;NaN;19.74;16.79;16.17;73.69;15.00;21.89;28.52;23.02;19.80;43.83;16.51;12.70;9.19;20.06;8.13;47.62;38.16;5.64;16.93;24.52
2018.07.17 00:00;18.41;23.67;22.66;28.80;21.02;20.40;6.85;18.70;28.44;17.18;23.30;51.26;9.78;28.62;10.09;15.53;6.98;11.23;20.75;14.21;36.11;7.14;45.06;10.37;8.08;24.79;14.27;15.74;21.55;13.01;29.01;11.51;26.39;15.56;23.91;7.28;12.94;27.94;14.44;26.64;32.42;15.32;8.94;26.37;9.74;18.58;17.99;27.31;16.36;8.16;10.19;19.13;15.08;NaN;20.40;17.17;16.15;76.72;14.91;22.88;29.63;23.86;20.88;43.22;16.57;12.85;9.47;20.33;8.49;48.29;38.77;5.82;17.66;23.52
2018.07.18 00:00;18.02;23.90;21.98;28.62;20.50;20.12;6.70;18.51;28.67;16.87;23.20;51.45;9.81;28.15;9.91;14.92;6.85;10.97;20.68;14.44;36.89;7.03;44.77;10.27;8.03;24.73;15.04;16.39;21.28;13.02;28.83;11.37;26.45;15.67;24.12;7.32;13.27;28.88;14.88;26.19;32.11;15.37;8.93;26.04;9.60;18.49;18.00;26.88;15.74;7.97;10.01;18.89;15.46;NaN;20.00;16.95;16.04;74.18;14.72;23.12;29.52;23.17;20.63;41.80;16.55;12.71;9.56;20.55;8.20;49.00;37.92;5.89;17.93;21.91
2018.07.19 00:00;18.13;23.75;21.87;28.36;20.76;19.92;6.85;18.23;27.55;16.48;23.38;51.16;9.75;29.24;9.96;14.88;7.02;11.65;20.69;14.25;36.33;6.91;44.20;10.67;7.85;24.82;15.35;16.81;21.01;12.79;28.30;11.51;26.25;15.38;24.45;7.20;12.95;28.65;15.57;27.16;32.27;15.65;9.06;26.42;9.61;18.71;17.89;27.82;15.99;7.93;10.14;18.88;15.29;NaN;20.23;17.28;16.67;74.47;15.04;22.98;29.63;23.65;20.56;41.55;16.40;12.95;9.51;20.38;8.16;47.08;37.94;5.86;18.23;22.52
2018.07.20 00:00;18.04;24.17;22.01;29.87;21.48;19.62;7.02;19.27;27.38;17.77;23.63;50.11;9.79;30.32;10.42;15.02;7.15;11.62;20.73;14.41;37.85;7.12;44.77;10.94;8.13;25.09;16.21;17.64;20.63;12.97;28.81;11.53;25.91;15.65;25.08;7.45;13.61;29.54;15.61;27.34;32.71;15.80;9.35;27.17;9.40;18.43;18.17;28.34;16.23;8.04;10.44;19.35;15.28;NaN;20.75;18.11;16.92;76.48;15.27;23.68;30.82;23.65;20.83;39.38;16.31;12.52;9.70;20.61;8.61;46.40;37.99;5.80;18.10;24.18
2018.07.23 00:00;17.91;24.63;21.76;29.67;21.23;19.65;7.03;19.12;27.90;18.05;23.60;49.59;9.55;29.26;10.87;14.95;7.11;11.26;20.68;14.71;36.42;7.12;44.03;10.72;8.12;24.91;15.87;17.36;20.28;12.84;28.16;11.31;25.63;15.70;24.57;7.50;13.65;29.47;15.12;26.68;32.22;15.86;9.12;26.64;9.24;18.53;17.99;27.36;16.09;7.88;10.11;19.28;14.84;NaN;20.84;18.09;16.45;75.06;15.13;23.07;30.27;23.57;21.06;40.67;16.15;12.04;9.73;19.91;8.60;47.24;37.29;5.90;18.37;23.96
2018.07.24 00:00;18.22;24.74;22.00;29.90;21.55;19.62;7.06;19.24;29.21;18.29;23.66;50.24;9.84;29.00;10.80;14.85;7.26;11.30;20.84;14.52;37.06;7.57;45.61;10.90;8.03;25.21;16.10;17.73;20.08;12.93;28.20;11.63;25.90;16.16;24.30;7.54;13.95;29.64;15.76;26.68;32.99;15.85;9.14;26.63;9.32;18.75;18.04;28.25;16.58;7.92;10.28;19.63;14.59;NaN;21.21;18.46;16.27;75.16;15.18;23.94;30.84;24.63;20.73;41.17;16.36;12.27;9.82;20.84;8.80;48.87;37.35;6.75;18.52;24.01
2018.07.25 00:00;18.15;25.75;22.51;30.38;21.94;19.79;7.20;19.42;29.12;18.77;23.58;51.01;9.74;29.16;10.64;14.54;7.45;11.52;20.81;14.57;37.59;7.60;47.08;11.11;8.05;25.63;16.82;18.55;19.89;13.39;29.00;11.65;25.73;16.03;24.30;7.40;14.88;28.24;15.42;26.52;32.89;16.09;9.43;27.47;9.62;18.71;18.35;28.31;16.49;8.08;10.50;19.61;14.90;NaN;21.48;18.74;16.36;74.76;15.04;24.01;32.46;24.75;20.59;42.09;16.74;12.53;10.13;21.42;9.02;49.29;37.13;6.94;18.43;24.17
2018.07.26 00:00;19.10;25.46;22.29;29.40;21.38;19.23;7.28;19.07;29.72;17.87;22.98;50.53;9.43;28.91;10.30;14.05;7.26;11.19;20.66;15.04;36.98;7.52;45.14;10.74;7.87;25.52;15.82;17.48;19.63;12.70;29.01;12.03;25.81;15.66;24.30;7.18;14.68;27.09;15.08;26.36;32.35;15.60;9.27;27.03;9.39;18.40;17.70;28.17;16.31;7.87;10.35;19.43;14.84;NaN;20.94;18.23;16.75;73.49;14.58;23.80;31.79;24.63;20.77;42.02;16.61;12.07;9.94;20.59;8.91;50.27;36.36;6.60;18.10;24.40
2018.07.27 00:00;19.02;25.28;22.39;29.76;21.62;19.27;7.40;19.26;30.45;18.24;22.89;50.68;9.40;28.15;10.44;14.04;7.23;11.33;20.58;14.90;37.18;8.08;45.19;10.65;7.90;25.70;15.76;17.31;19.42;12.71;28.75;12.10;25.36;16.22;24.50;7.52;14.85;27.78;14.49;26.51;32.42;15.17;9.24;27.18;9.41;18.47;17.72;27.24;16.09;7.82;10.41;19.52;14.62;NaN;21.41;18.56;17.03;73.49;14.40;23.23;32.61;24.24;20.40;42.93;16.61;11.99;9.94;20.82;8.93;50.91;36.25;6.60;17.99;24.16
2018.07.30 00:00;18.92;24.31;22.48;29.77;21.78;19.23;7.25;18.89;30.41;17.96;22.88;51.84;9.34;28.12;10.34;13.95;7.27;11.05;20.43;14.66;37.51;7.92;45.24;10.41;7.76;25.92;15.67;17.29;19.16;12.74;28.75;12.04;25.09;16.48;24.21;7.62;14.50;27.03;14.78;26.06;32.48;15.32;9.33;27.57;8.89;18.49;17.80;27.82;16.11;8.06;10.32;19.59;14.53;NaN;21.37;18.68;16.85;72.62;14.67;23.37;33.42;24.37;20.88;43.71;16.60;12.04;10.03;21.05;8.94;51.75;35.43;7.08;18.13;24.15
2018.07.31 00:00;18.64;24.12;22.52;29.41;21.36;19.07;7.54;18.42;30.94;16.91;22.65;53.21;9.27;27.73;10.17;12.59;7.30;10.97;20.23;15.09;35.33;7.98;43.87;10.29;7.52;26.11;16.21;17.71;19.23;12.70;28.83;12.05;25.34;16.06;24.30;7.34;13.86;27.73;14.73;26.12;32.66;15.58;8.96;26.42;8.82;18.53;17.91;27.54;16.39;8.12;10.10;19.60;14.39;NaN;21.25;18.52;16.82;72.86;14.85;22.23;33.04;23.74;21.14;44.07;16.69;11.88;9.58;19.35;8.65;52.23;35.21;7.15;18.05;23.74
2018.08.01 00:00;18.68;23.88;22.40;29.84;21.64;19.34;7.51;18.14;30.04;16.74;22.68;53.41;9.41;28.42;10.01;12.77;7.22;10.76;20.32;14.99;35.40;8.02;43.97;10.76;7.63;26.06;16.38;17.87;19.23;13.11;29.43;12.23;25.13;15.79;24.30;7.24;13.75;28.25;14.93;26.03;32.90;15.56;9.16;26.75;8.87;18.47;17.94;27.56;16.64;8.05;10.49;19.82;14.34;NaN;21.38;18.79;17.37;74.33;14.80;22.42;32.93;23.91;21.79;43.13;16.71;12.01;9.68;18.90;8.58;50.54;35.56;7.39;17.85;24.29
2018.08.02 00:00;18.52;23.74;22.81;30.07;21.64;19.39;7.39;18.33;29.84;16.93;22.54;52.88;9.47;29.40;9.86;12.68;7.22;11.08;20.42;14.91;36.88;8.31;43.60;10.61;7.63;26.06;16.20;17.68;18.79;12.99;28.92;11.92;25.69;16.02;24.30;7.37;13.65;28.50;15.01;26.86;32.90;16.01;9.21;26.84;9.00;18.29;17.83;27.14;16.96;8.04;10.31;19.63;14.49;NaN;21.74;19.17;17.34;75.49;14.85;22.20;33.06;24.00;21.72;43.63;16.62;11.98;9.42;20.33;8.74;50.33;35.43;7.40;17.51;24.20
2018.08.03 00:00;18.53;24.56;23.62;30.98;22.47;19.78;7.35;18.51;30.30;17.39;23.29;54.33;9.76;31.32;10.43;12.64;7.41;11.27;20.45;15.05;38.00;8.38;45.17;10.93;7.97;26.29;16.76;18.27;18.78;13.18;29.11;12.09;26.18;16.46;24.62;7.43;14.49;28.21;15.09;27.02;33.48;16.18;9.49;27.48;9.13;18.25;18.24;27.88;16.98;8.15;10.53;19.80;14.67;NaN;22.49;19.82;17.49;75.68;15.27;23.25;34.53;24.91;21.17;42.38;16.82;11.78;9.37;21.51;8.83;51.30;35.63;7.79;17.67;24.93
2018.08.06 00:00;18.53;24.33;23.40;31.04;22.32;19.47;7.45;18.14;30.11;17.40;23.35;54.01;9.68;31.96;10.29;12.13;7.42;11.33;20.37;14.97;37.15;8.30;44.49;10.79;7.92;26.33;16.05;17.59;18.61;13.02;28.55;11.81;26.20;16.22;24.30;7.41;14.41;27.35;14.89;27.00;32.82;16.37;9.35;27.28;8.83;18.13;18.26;27.79;17.11;8.02;10.60;19.68;14.65;NaN;22.57;19.76;17.13;74.85;15.32;23.77;34.19;25.15;21.29;42.63;16.79;11.75;9.23;21.16;8.61;51.15;36.25;8.12;17.79;25.12
2018.08.07 00:00;18.41;24.42;22.72;30.38;21.98;19.23;7.21;18.09;28.68;17.31;22.84;54.54;9.45;31.55;10.13;11.65;7.46;10.75;20.36;14.86;37.95;8.36;44.96;10.65;7.79;25.62;15.32;17.12;18.90;12.93;27.97;11.59;25.32;16.06;23.81;7.31;14.04;26.61;15.33;27.16;31.84;16.61;9.33;27.12;8.75;18.00;18.15;27.78;18.08;7.72;10.50;19.14;14.25;NaN;22.48;19.45;16.49;73.74;15.20;23.77;33.65;25.16;20.88;41.97;16.60;11.42;9.11;21.72;8.52;51.49;35.60;8.00;18.06;24.66
2018.08.08 00:00;18.40;23.37;22.18;29.53;21.46;19.19;6.67;18.42;28.28;16.96;22.53;53.78;9.14;30.34;9.70;12.28;7.38;10.15;20.23;14.35;37.85;8.33;43.77;10.72;7.56;25.56;15.23;16.71;18.25;13.01;27.58;11.54;25.61;16.56;23.81;7.50;13.44;26.49;15.73;26.79;31.69;17.12;9.14;26.48;8.73;17.98;17.83;27.69;17.36;7.40;10.47;18.77;14.07;NaN;22.03;18.91;16.09;74.35;14.55;23.04;33.39;24.86;21.66;43.20;16.74;11.21;9.10;21.39;8.59;51.15;35.11;7.40;17.67;23.79
2018.08.09 00:00;18.50;24.01;22.02;30.41;21.23;19.09;6.45;18.84;27.39;16.85;21.84;54.25;9.02;29.55;9.98;12.72;7.19;9.96;20.09;14.25;36.86;8.23;42.58;10.83;7.44;26.71;15.02;16.45;18.44;12.90;27.01;11.33;25.37;16.17;23.81;7.44;13.10;26.55;15.74;26.20;31.12;16.95;8.96;26.34;8.39;17.96;17.62;27.30;18.22;7.10;10.38;18.79;13.86;NaN;22.05;19.10;15.65;74.96;14.89;22.47;33.42;25.36;21.40;43.52;16.65;11.22;9.18;20.79;8.32;50.60;35.01;7.07;17.61;22.83
2018.08.10 00:00;18.16;23.09;21.56;28.73;20.17;18.58;6.45;18.21;27.14;16.10;20.44;54.07;8.86;26.89;9.70;12.39;6.90;9.67;19.81;13.96;35.26;7.96;43.56;10.33;7.32;26.04;14.29;15.84;18.35;12.56;26.49;11.35;24.58;15.47;23.81;7.17;12.35;26.52;15.10;25.65;30.08;16.86;8.61;25.38;8.11;17.60;16.29;26.36;17.23;7.10;10.20;18.10;12.88;NaN;21.46;18.40;14.88;74.96;14.23;21.74;32.11;23.74;21.01;45.19;16.39;10.87;9.03;19.71;7.72;50.48;34.70;6.68;16.89;22.15
2018.08.13 00:00;18.38;23.35;21.68;28.87;20.57;19.15;6.62;18.98;26.82;16.19;20.20;53.93;8.91;28.03;9.80;12.59;6.98;10.34;19.95;14.16;34.97;8.33;43.77;10.24;7.49;26.04;14.20;15.94;18.23;12.70;26.91;11.44;24.67;15.32;24.06;7.29;12.45;26.59;15.29;26.79;30.67;16.79;8.57;25.58;8.49;17.72;16.44;26.92;17.48;7.41;10.31;18.39;13.40;NaN;21.70;18.82;15.39;74.75;14.40;22.03;32.36;24.31;21.07;46.49;16.55;10.89;9.06;20.10;7.90;51.03;35.23;6.61;17.19;22.53
2018.08.14 00:00;18.64;24.11;22.08;29.87;20.92;19.62;6.50;19.27;28.81;16.97;20.20;55.43;9.13;29.65;10.03;13.23;7.10;10.55;20.37;14.27;35.98;8.29;45.16;10.57;7.63;26.17;14.16;16.00;18.45;12.97;27.21;11.71;25.84;15.70;24.06;7.45;12.52;26.05;15.95;26.73;30.61;17.22;8.78;26.11;8.72;17.90;16.98;27.03;17.58;7.09;10.55;18.79;13.56;NaN;21.60;18.80;15.90;74.08;14.15;22.09;32.44;24.65;21.46;45.48;17.15;11.23;9.22;21.10;8.06;51.50;35.33;7.08;17.13;23.17
2018.08.15 00:00;18.65;24.30;21.95;29.23;20.66;20.47;6.26;18.92;27.29;16.41;19.91;54.99;9.06;28.38;9.80;12.99;7.01;9.80;20.28;13.99;35.80;7.85;45.40;10.41;7.32;25.94;14.35;16.24;18.28;12.81;26.70;11.68;25.16;14.94;24.40;7.17;12.67;25.60;16.00;26.89;29.72;17.31;8.76;25.94;8.96;17.86;16.61;26.73;17.19;6.64;10.40;18.47;13.28;NaN;20.75;17.93;15.09;73.66;13.92;21.32;32.26;24.64;21.13;43.85;17.36;11.08;9.16;20.47;7.74;49.21;35.07;6.70;17.19;21.55
2018.08.16 00:00;18.26;24.86;21.98;29.32;20.66;20.92;6.09;19.14;27.67;16.22;20.28;55.39;9.02;27.97;9.56;13.14;7.32;9.85;20.27;14.16;35.60;7.80;44.28;10.25;7.23;25.94;15.48;17.40;18.98;12.92;26.80;11.65;25.74;14.94;25.40;7.04;12.60;24.72;16.00;26.66;30.08;17.35;8.67;25.90;8.68;17.83;16.53;26.61;16.89;6.81;10.24;18.51;13.12;NaN;20.66;17.83;14.98;73.90;13.85;21.17;32.07;24.32;21.55;42.69;17.60;11.01;9.05;21.15;7.80;48.53;34.70;6.56;17.26;21.38
2018.08.17 00:00;18.42;24.38;21.34;28.29;20.03;20.83;6.09;18.93;28.65;15.62;20.13;54.85;8.79;26.95;9.31;12.87;7.28;9.91;20.32;13.89;34.57;7.83;43.98;10.08;7.25;25.87;15.22;17.27;19.40;12.75;26.95;11.54;24.98;15.07;25.43;7.08;12.20;24.03;16.10;26.75;29.67;17.22;8.56;25.24;8.69;17.79;16.23;25.88;16.57;6.18;10.05;18.21;13.01;NaN;20.33;17.37;14.85;74.21;13.58;20.91;31.49;23.88;21.53;43.47;17.23;11.06;9.00;20.66;7.75;49.59;34.39;6.35;17.06;21.37
2018.08.20 00:00;18.39;24.53;21.38;27.54;20.16;20.54;6.02;19.06;28.92;15.60;20.09;53.61;8.77;27.84;9.19;12.69;7.21;9.74;20.32;13.83;34.59;8.20;43.94;9.90;7.26;26.08;14.88;16.98;19.53;12.84;27.22;11.55;25.18;15.61;25.54;7.36;12.40;24.32;15.88;26.64;30.32;17.46;8.54;25.40;8.57;18.01;16.31;26.44;17.15;6.40;10.04;18.33;13.12;NaN;20.38;17.28;14.51;74.67;13.79;21.11;31.63;23.91;22.03;44.71;17.02;11.41;9.03;20.73;8.17;50.21;34.45;6.53;17.00;20.68
2018.08.21 00:00;18.23;23.70;21.01;26.45;19.67;20.41;6.56;18.28;28.40;15.34;19.62;53.88;8.53;25.81;9.07;12.64;6.80;9.56;20.19;13.71;33.73;7.91;41.57;9.61;6.99;25.91;13.90;16.07;19.65;12.85;26.58;11.27;24.31;15.36;24.82;7.39;11.18;24.08;16.05;26.19;29.87;17.30;8.35;25.08;8.75;18.11;15.45;25.72;16.42;6.38;9.98;17.87;13.08;NaN;20.04;16.67;13.85;74.28;13.60;20.13;30.88;23.59;21.80;46.67;16.68;11.49;8.85;20.09;7.80;50.50;34.15;6.20;17.06;20.40
2018.08.22 00:00;18.15;22.44;21.23;27.36;20.15;20.25;6.37;19.31;28.75;15.81;19.83;55.45;8.72;27.30;9.14;12.96;6.93;10.18;20.38;13.94;35.45;8.21;42.07;9.77;7.08;26.40;14.54;16.39;19.88;12.97;26.90;11.33;24.63;15.74;24.70;7.52;11.29;24.72;16.24;26.74;30.37;17.21;8.53;25.67;9.23;18.46;15.71;26.23;16.64;6.40;10.05;18.26;13.85;NaN;20.63;17.27;14.27;76.82;13.84;21.10;31.82;24.34;21.79;47.70;17.05;11.61;9.08;20.75;7.94;52.03;34.27;6.15;17.42;21.05
2018.08.23 00:00;18.19;22.04;20.00;26.67;19.65;19.44;6.09;18.66;28.58;15.45;19.40;56.51;8.46;26.25;8.81;13.06;6.59;9.98;20.15;13.82;35.07;7.84;40.21;9.57;6.87;26.05;14.07;15.88;19.51;12.90;26.66;11.12;23.96;15.33;23.86;7.40;10.67;24.67;15.78;26.74;29.86;16.64;8.30;24.68;9.01;19.25;15.14;25.64;16.46;6.29;9.90;17.87;13.91;NaN;20.35;16.89;13.38;78.19;13.65;20.11;30.71;23.17;21.55;49.76;16.81;11.39;8.87;20.77;7.82;52.08;34.34;6.05;17.43;20.60
2018.08.24 00:00;18.31;21.99;19.99;27.04;19.82;19.45;6.05;18.74;29.40;15.30;19.40;58.04;8.55;25.80;8.87;13.13;6.56;10.21;20.20;14.03;34.52;8.04;41.96;9.50;6.95;26.38;13.78;15.68;19.58;12.61;27.37;11.27;24.09;15.42;24.26;7.61;10.43;25.32;16.23;27.16;29.65;16.63;8.34;24.86;9.27;19.78;15.23;25.63;16.36;6.24;9.84;18.05;14.15;NaN;20.47;17.22;13.34;79.57;13.35;20.51;30.70;23.55;21.81;50.34;16.56;11.56;8.78;20.44;7.96;52.86;34.79;6.14;17.24;20.86
2018.08.27 00:00;18.37;22.49;20.59;27.87;20.36;20.13;6.02;20.00;30.59;15.96;19.94;57.68;8.80;26.54;9.23;13.38;6.73;10.63;20.23;14.31;35.39;8.11;43.32;9.68;7.13;26.81;14.69;16.73;19.93;12.64;28.44;11.37;24.49;15.63;24.60;8.00;10.81;25.57;16.54;27.22;30.57;16.85;8.58;25.69;9.38;20.08;15.68;26.43;16.29;6.13;10.05;18.65;14.76;NaN;20.82;17.61;13.72;78.72;13.77;21.32;31.49;23.84;21.67;48.70;16.84;11.69;9.02;20.97;8.07;54.34;35.04;6.10;17.55;21.46
2018.08.28 00:00;18.34;22.64;20.54;27.73;20.23;20.05;6.12;19.43;30.61;15.82;19.83;58.27;8.79;25.71;8.94;13.38;6.64;10.61;20.12;14.57;34.29;7.92;42.00;9.65;7.05;26.89;14.65;16.71;20.01;12.54;28.25;11.53;23.76;15.73;25.40;7.88;10.60;25.30;16.51;26.80;30.32;16.98;8.43;25.51;9.28;20.27;15.56;26.00;16.03;5.88;10.01;18.48;14.70;NaN;20.61;17.27;13.62;75.56;13.52;21.45;31.17;23.74;22.04;49.47;16.79;11.57;9.03;20.59;7.99;54.32;34.93;6.00;18.03;21.07
2018.08.29 00:00;18.49;22.64;21.06;28.36;20.48;20.08;6.17;19.81;30.54;16.74;20.23;58.36;8.83;25.55;8.96;13.43;6.70;10.38;20.43;14.42;35.29;8.02;43.22;9.68;7.17;26.87;15.95;18.06;19.88;12.60;28.40;11.41;23.75;15.81;25.14;7.88;11.26;25.02;16.72;26.81;30.71;17.20;8.67;25.93;9.28;20.03;15.65;26.26;16.38;5.94;10.09;18.69;14.54;NaN;21.51;18.16;14.02;77.49;13.73;21.11;32.16;23.84;22.51;48.05;16.90;11.90;8.84;20.92;8.13;53.90;35.07;6.05;18.28;21.04
2018.08.30 00:00;18.25;22.30;20.51;27.30;19.60;19.52;5.98;19.17;30.01;16.26;19.74;57.88;8.57;25.17;8.79;13.37;6.53;9.98;20.37;14.01;33.72;8.07;41.36;9.61;6.92;26.63;14.90;16.92;19.58;12.31;28.36;11.10;23.78;15.45;24.85;7.60;10.92;25.51;16.14;26.04;30.19;17.21;8.29;24.91;9.05;19.96;15.22;25.18;15.82;5.75;9.82;18.48;14.37;NaN;21.04;17.69;13.39;77.02;13.36;20.06;31.02;23.09;22.00;48.03;16.67;11.64;8.67;19.96;7.88;53.27;34.46;6.00;18.37;19.86
2018.08.31 00:00;18.10;22.99;20.60;27.46;19.87;19.69;5.82;19.62;29.51;17.16;20.13;57.59;8.52;26.02;9.04;13.25;6.62;10.03;20.56;14.07;33.34;8.19;42.33;9.70;6.84;27.03;14.88;16.63;19.58;12.47;29.01;11.21;23.92;15.56;25.30;7.57;11.25;25.50;16.39;25.79;29.73;17.34;8.43;25.25;9.19;19.75;15.40;25.22;16.14;5.66;9.94;18.19;14.34;NaN;21.43;18.12;13.22;75.45;14.23;20.15;31.34;23.17;22.00;46.80;16.98;11.78;8.72;19.85;7.87;52.34;34.32;5.70;18.66;20.62
2018.09.03 00:00;17.89;23.33;20.18;26.81;19.69;19.35;5.61;19.53;29.76;16.97;20.40;57.97;8.50;25.53;8.92;13.05;6.54;10.11;21.39;14.07;33.55;8.25;41.09;9.50;7.03;27.14;14.44;16.07;19.37;12.40;29.77;11.21;23.53;15.38;24.95;7.51;10.90;25.10;16.21;26.40;29.83;17.35;8.33;24.90;9.27;20.30;15.10;24.97;15.68;5.55;9.94;18.12;14.27;NaN;21.11;17.88;13.15;74.72;13.86;20.41;30.96;22.70;22.49;48.51;16.86;11.59;8.53;20.49;7.82;52.76;33.87;5.51;18.33;20.88
2018.09.04 00:00;17.30;22.28;19.79;26.12;19.25;19.47;5.64;19.24;28.50;16.28;21.03;58.34;8.38;23.94;8.78;13.02;6.27;9.70;21.21;13.80;33.46;7.82;39.11;9.45;6.86;26.67;14.05;15.98;19.81;12.16;29.13;11.35;23.18;15.14;24.30;7.37;10.16;24.56;15.63;26.17;28.97;17.44;8.24;24.69;9.09;20.08;14.57;24.41;14.63;5.67;9.67;17.99;14.25;NaN;20.88;17.55;12.86;73.63;13.58;19.57;30.30;22.89;22.14;49.85;16.62;11.73;8.54;19.32;7.81;50.76;33.88;5.08;18.18;19.83
2018.09.05 00:00;17.42;22.37;20.65;26.17;19.37;19.86;5.58;19.56;28.50;16.50;21.25;59.04;8.39;24.48;8.70;12.91;6.43;9.62;21.65;14.07;32.73;7.74;39.79;9.37;6.80;26.62;14.41;16.25;19.61;12.21;29.42;11.40;23.40;15.12;24.32;7.30;10.06;24.63;15.65;25.98;28.81;18.29;8.24;24.83;9.14;19.99;14.71;24.91;15.10;5.59;9.56;18.16;14.48;NaN;21.09;17.55;12.83;71.32;13.70;20.02;30.30;22.75;22.82;53.54;16.73;11.47;8.61;18.96;7.69;50.91;33.78;4.95;18.10;19.68
2018.09.06 00:00;17.59;22.69;20.67;26.75;19.92;19.88;5.63;19.60;28.83;16.90;21.52;59.97;8.66;25.27;9.05;12.39;6.43;9.52;21.61;14.45;32.98;7.79;40.85;9.50;7.37;27.08;15.10;17.30;19.69;12.23;29.01;11.61;23.73;15.39;25.00;7.49;10.08;24.95;15.48;26.19;29.14;19.12;8.54;25.46;9.05;20.03;14.94;25.70;15.52;5.64;9.73;18.12;14.49;NaN;21.27;17.87;12.89;72.76;13.99;20.48;31.08;23.27;23.49;53.83;16.68;11.39;8.38;18.89;7.75;52.20;35.13;4.77;19.00;19.67
2018.09.10 00:00;17.56;22.99;20.71;26.39;20.00;19.77;5.89;19.43;29.86;17.83;21.65;58.16;8.79;25.70;8.78;12.72;6.43;9.58;21.68;14.51;32.84;7.96;39.93;9.52;7.39;27.06;14.95;17.27;19.91;12.32;29.30;11.49;22.56;15.12;25.02;7.47;10.16;25.39;15.28;25.85;29.13;18.96;8.53;25.69;9.21;19.85;14.97;25.85;15.11;5.62;9.63;18.06;14.34;NaN;21.54;18.12;13.41;74.15;13.89;20.34;31.28;23.03;23.55;52.37;16.75;11.41;8.49;18.71;7.68;51.95;34.87;4.70;19.06;19.35
2018.09.11 00:00;17.47;21.99;19.93;25.19;19.40;19.27;5.77;18.92;29.44;17.75;21.63;57.77;8.43;24.59;8.67;12.59;6.23;9.32;21.58;13.87;32.06;7.62;38.46;9.16;7.18;26.76;13.93;16.36;20.03;12.23;29.06;11.36;22.13;14.75;25.22;7.09;9.64;24.70;14.93;25.49;28.61;18.61;8.18;24.81;9.22;19.89;14.55;25.41;14.76;5.45;9.34;17.76;14.17;NaN;20.94;17.41;13.41;71.96;13.65;20.44;29.96;22.74;23.19;51.59;16.40;11.23;8.18;18.47;7.22;51.34;34.28;4.52;18.62;19.03
2018.09.12 00:00;17.72;21.89;20.07;25.30;19.40;19.16;5.32;19.24;29.65;18.28;20.85;58.42;8.75;24.30;8.59;12.72;6.25;9.46;21.85;13.89;32.45;7.75;39.60;9.16;7.33;26.60;14.59;16.81;19.37;12.04;29.54;11.23;21.53;14.83;25.06;7.25;9.65;24.53;14.78;25.24;28.74;18.42;8.23;24.88;9.04;19.74;14.42;25.41;14.80;5.35;9.54;17.66;14.05;NaN;21.51;17.83;13.36;72.22;13.61;20.36;30.28;23.21;22.99;51.23;16.51;11.50;8.08;18.53;7.12;52.17;34.94;4.52;18.33;18.93
2018.09.13 00:00;17.60;21.97;20.07;24.96;19.33;18.96;5.01;19.24;29.35;17.52;20.61;59.17;8.72;24.11;8.38;12.46;6.04;9.54;22.58;13.82;31.76;7.72;39.59;8.97;7.24;26.70;14.34;16.57;19.16;11.91;28.91;11.19;21.27;14.82;24.49;7.13;9.34;24.08;14.44;25.13;28.37;18.29;8.28;24.74;8.89;19.48;14.11;24.88;14.31;5.07;9.28;17.53;13.79;NaN;21.20;17.61;12.84;72.46;13.84;19.61;30.58;22.70;23.47;51.20;16.34;11.40;7.99;18.34;6.94;52.50;34.38;5.10;18.27;18.75
2018.09.14 00:00;17.51;22.59;20.47;25.16;19.41;18.78;4.90;19.76;30.70;17.03;20.49;59.81;8.68;23.64;8.40;12.37;6.04;9.65;22.40;13.61;32.03;7.92;39.58;9.15;7.14;26.49;13.84;16.08;19.13;11.91;28.82;11.11;21.07;14.80;25.09;7.06;9.36;23.47;14.65;26.12;28.22;18.38;8.47;25.18;8.92;19.34;14.35;25.75;14.38;5.06;9.29;17.50;13.90;NaN;21.35;17.68;12.98;75.41;13.85;19.80;30.94;22.42;24.04;51.44;16.35;11.26;7.79;18.43;6.83;53.88;34.28;4.96;18.72;19.26
2018.09.17 00:00;17.63;23.48;20.94;26.02;19.96;18.71;4.89;20.24;30.77;17.11;21.85;59.81;8.95;25.27;8.50;12.94;6.18;9.69;22.31;13.89;31.93;8.06;41.67;9.28;7.23;26.65;14.40;16.72;19.21;12.02;29.20;11.48;21.28;15.16;25.40;7.24;10.05;24.71;14.87;26.43;28.74;18.38;8.61;25.77;9.10;19.05;14.68;26.86;14.74;5.17;9.31;18.01;13.82;NaN;21.81;18.26;13.57;75.91;14.20;20.89;31.52;22.95;24.34;50.84;16.43;11.45;7.92;18.96;7.42;53.73;34.60;5.39;18.82;19.72
2018.09.18 00:00;18.04;23.52;21.01;27.18;20.12;18.73;4.94;20.10;31.98;16.94;22.04;59.54;9.16;26.50;8.75;12.64;6.47;10.16;22.06;13.89;31.67;8.33;42.18;9.38;7.44;26.63;15.02;17.43;19.62;12.12;29.11;11.81;21.72;16.17;25.20;7.60;10.35;25.05;15.40;26.42;28.83;17.99;8.72;25.75;9.55;19.11;15.18;27.55;15.42;5.19;9.46;18.14;14.04;NaN;22.59;19.06;13.59;76.15;14.55;21.53;32.30;23.33;24.68;48.69;16.33;11.28;8.04;18.88;7.80;55.97;34.47;5.89;18.67;20.42
2018.09.19 00:00;18.04;23.84;21.15;26.91;20.21;18.45;4.84;20.20;32.62;16.92;21.76;58.47;8.99;27.09;8.45;12.23;6.35;10.60;21.99;13.68;31.81;8.34;41.19;9.38;7.18;26.33;14.32;16.64;19.55;11.77;29.01;11.60;21.05;16.28;25.05;7.55;10.54;23.12;15.94;26.02;28.79;18.18;8.71;25.93;9.35;18.74;15.07;26.57;14.75;5.10;9.67;18.10;13.55;NaN;22.47;18.80;13.55;75.45;14.45;21.32;31.95;22.71;24.78;47.87;16.39;11.09;8.02;18.81;8.15;57.18;33.98;5.35;18.51;20.62
2018.09.20 00:00;18.01;24.45;21.46;26.98;20.17;18.72;4.71;20.19;33.23;16.48;21.60;58.24;9.00;27.56;8.24;11.56;6.36;10.62;22.18;13.86;31.73;8.23;40.99;9.39;7.02;26.24;14.47;16.67;19.08;11.64;29.42;11.80;21.64;16.30;25.30;7.54;11.13;22.95;15.78;26.64;28.71;18.35;8.59;25.76;9.05;18.56;14.70;26.53;14.69;5.05;9.27;18.04;13.45;NaN;22.31;18.70;13.80;75.48;14.60;21.25;32.07;22.59;24.28;47.36;16.56;11.31;8.10;18.26;7.85;57.90;34.65;5.40;18.61;20.88
2018.09.21 00:00;18.10;25.29;21.87;27.97;20.49;19.23;4.89;20.24;34.55;16.40;21.93;58.31;9.20;28.47;8.14;11.73;6.57;10.66;22.10;14.27;31.68;8.48;42.91;9.43;7.02;26.38;14.91;17.28;19.08;11.99;30.39;11.84;21.66;16.49;25.40;7.64;11.45;23.32;16.70;27.26;28.86;18.46;8.69;26.20;9.09;18.48;15.55;27.82;15.37;5.21;9.40;18.46;13.77;NaN;22.58;18.95;14.09;76.14;14.92;22.07;33.24;23.36;24.06;46.54;16.83;11.32;8.08;17.75;8.27;59.55;34.61;5.50;18.96;21.71
2018.09.24 00:00;17.66;23.68;21.70;27.19;19.95;19.08;4.90;20.24;33.85;15.82;21.28;57.02;8.85;27.19;8.06;11.53;6.37;10.23;22.05;14.01;31.48;8.20;42.06;9.39;6.87;26.16;14.48;16.82;19.00;11.88;29.97;11.77;20.86;16.07;25.59;7.47;10.72;22.01;16.53;26.64;28.18;18.67;8.44;25.55;8.94;18.38;15.03;27.55;15.05;5.10;9.25;18.04;13.53;NaN;22.47;18.82;13.84;72.84;14.60;21.33;32.20;22.80;24.22;46.45;16.55;11.19;7.92;17.84;8.09;58.76;33.98;5.50;18.84;21.06
2018.09.25 00:00;17.67;23.74;21.42;27.02;19.96;19.45;4.89;20.24;36.40;15.62;21.11;59.34;8.80;27.00;8.08;11.43;6.35;10.65;22.07;14.20;31.52;8.66;40.97;9.15;6.87;26.07;14.33;16.81;19.23;11.76;29.86;11.49;20.62;16.94;26.29;7.79;10.79;21.49;16.55;26.71;28.08;18.92;8.51;25.61;9.11;18.41;14.98;27.44;15.26;5.13;9.02;17.85;13.75;NaN;22.58;18.90;13.87;71.96;14.93;21.04;32.23;22.99;24.17;47.48;16.39;11.18;7.97;17.70;8.20;60.72;33.84;5.54;19.05;21.60
2018.09.26 00:00;17.96;23.78;21.53;26.93;20.01;19.58;4.90;20.43;36.00;16.63;22.21;58.50;8.93;27.43;7.61;11.48;6.35;11.04;22.15;14.08;31.60;8.67;40.75;9.42;6.71;26.17;14.25;16.80;19.54;11.77;29.78;11.38;20.42;16.60;27.28;7.76;10.94;21.86;16.70;26.54;28.33;19.10;8.59;25.89;9.29;18.64;15.06;27.23;15.14;5.22;9.18;17.84;14.12;NaN;22.67;19.00;13.67;71.24;14.74;21.18;32.32;22.62;24.45;47.44;16.73;11.14;8.26;18.52;8.20;58.58;34.65;5.50;19.22;22.59
2018.09.27 00:00;17.75;24.52;22.27;27.70;20.47;19.76;4.98;20.77;35.06;16.91;22.14;58.64;9.15;27.78;7.82;11.49;6.36;11.49;22.13;14.35;31.06;8.62;42.91;9.90;6.79;25.93;14.83;17.32;19.88;12.04;29.69;11.49;20.61;16.66;26.72;7.71;11.64;23.06;17.58;27.29;29.33;19.05;8.84;26.60;9.34;18.48;15.70;28.02;15.39;5.39;9.54;18.33;14.02;NaN;23.78;20.19;13.83;72.84;14.97;21.59;32.80;23.08;24.68;46.89;16.74;11.45;8.23;18.54;8.22;58.06;35.67;5.57;19.43;22.66
2018.09.28 00:00;17.61;24.04;22.29;26.93;20.08;19.39;5.01;20.39;35.21;16.92;21.97;56.84;8.96;27.29;8.17;11.21;6.35;11.18;22.20;14.33;31.05;8.71;43.08;9.54;6.90;25.99;14.59;17.10;19.82;11.90;29.58;11.31;19.83;16.68;26.16;7.69;11.09;23.63;17.75;26.84;30.12;19.38;8.89;26.37;9.17;18.40;15.67;27.70;15.18;5.30;9.40;18.38;14.04;NaN;23.51;19.85;13.83;71.10;14.98;21.35;32.35;22.41;24.90;47.56;16.89;11.24;8.21;18.00;8.12;58.39;34.87;5.06;19.29;22.87
2018.10.01 00:00;17.70;22.91;21.87;25.80;19.86;19.20;4.85;19.69;35.77;16.74;21.87;55.24;8.95;27.21;8.23;11.12;6.22;11.09;22.02;14.29;30.42;8.68;42.62;9.35;6.85;25.88;13.97;16.33;19.22;11.76;28.82;11.21;19.59;16.18;26.28;7.52;10.65;23.24;17.46;26.59;29.95;19.25;8.79;26.07;9.08;18.18;15.30;27.74;15.20;5.20;9.25;18.06;13.62;NaN;23.47;19.76;9.77;69.99;14.85;20.51;31.76;22.16;24.14;47.48;16.67;11.11;8.25;17.99;7.82;58.96;34.51;4.28;19.03;22.36
2018.10.02 00:00;17.62;23.80;22.77;28.74;21.03;20.03;4.96;19.53;35.83;17.61;22.20;55.24;9.34;29.16;8.87;11.71;6.67;11.46;22.22;14.65;31.24;9.03;45.59;9.78;7.14;26.39;15.57;17.96;19.86;12.23;29.78;11.57;20.32;16.31;25.45;7.68;11.53;23.25;17.89;27.17;31.58;19.61;9.15;27.08;9.10;18.41;15.77;29.54;16.16;5.28;9.98;18.96;13.74;NaN;25.07;21.47;10.83;71.66;14.85;21.49;34.12;23.93;24.61;45.70;17.19;11.31;8.34;18.85;8.29;59.74;35.38;4.44;19.28;23.06
2018.10.03 00:00;17.50;24.50;23.12;31.35;21.94;20.66;5.03;19.54;34.85;18.95;22.40;54.82;9.74;29.83;9.03;11.24;7.00;11.68;22.94;14.68;31.84;8.96;46.69;10.57;7.28;26.69;16.59;19.51;20.34;12.70;30.03;11.54;20.87;16.00;25.00;7.68;12.29;23.68;18.55;28.62;31.91;18.94;9.45;28.30;9.07;17.85;16.65;30.47;17.27;5.23;10.37;19.40;14.17;NaN;25.72;22.39;10.57;73.13;15.20;23.04;35.85;24.38;23.81;43.66;17.73;11.70;8.46;19.30;8.66;58.52;36.11;4.78;18.97;23.24
2018.10.04 00:00;17.25;24.80;23.31;32.12;22.04;20.67;5.01;19.13;34.26;19.18;21.83;53.98;9.95;29.06;9.08;11.26;7.14;12.02;23.72;14.65;31.95;8.96;45.49;10.69;7.40;26.78;17.40;20.46;19.86;12.84;30.69;11.51;20.37;15.73;24.29;7.58;12.19;23.63;18.35;28.49;31.71;18.67;9.38;28.33;8.64;17.42;16.88;30.60;17.29;5.18;10.25;19.41;13.81;NaN;25.99;22.60;10.40;73.29;14.97;22.47;36.20;24.66;23.70;41.26;18.12;11.49;8.29;19.20;8.86;57.40;35.54;4.73;18.66;23.42
2018.10.05 00:00;17.04;24.99;23.10;32.69;21.71;20.71;4.96;18.95;33.22;19.56;22.49;53.49;9.77;29.99;8.99;11.26;7.68;11.64;23.75;14.70;33.39;8.75;47.68;10.65;7.40;26.44;17.64;20.77;19.17;12.83;30.49;11.48;20.18;15.33;23.33;7.43;12.44;22.96;18.13;28.48;31.38;18.65;9.27;28.24;8.45;16.96;16.83;30.30;17.60;5.17;10.15;19.45;13.69;NaN;25.89;22.55;10.91;71.90;14.90;22.66;35.77;25.08;23.21;41.43;18.05;11.26;8.23;19.14;8.80;56.12;34.82;4.67;18.65;23.33
2018.10.08 00:00;17.38;28.04;23.53;35.85;23.18;21.60;5.27;19.87;32.86;22.83;22.47;53.85;10.43;32.35;9.81;11.71;9.04;11.97;23.34;14.61;34.27;9.04;50.68;11.89;8.00;26.78;20.70;24.57;19.19;12.93;30.70;11.74;20.95;15.14;24.26;7.48;14.77;23.39;18.95;28.61;33.60;17.95;9.83;29.92;8.68;16.76;17.76;32.17;18.41;5.40;10.99;20.80;14.25;NaN;28.35;25.03;11.54;73.38;15.07;23.76;37.90;26.77;22.88;41.25;18.25;11.63;8.47;20.43;9.76;55.69;35.89;4.96;18.60;23.18
2018.10.09 00:00;16.88;28.45;23.91;35.67;23.27;22.15;5.50;20.10;32.88;21.69;21.65;52.87;10.71;32.18;9.69;11.28;9.24;11.64;22.94;14.68;33.54;9.23;52.00;11.99;8.03;26.91;21.46;24.61;18.69;13.01;30.31;11.85;20.99;15.55;24.43;7.55;14.88;22.96;19.10;29.24;34.41;17.68;9.75;29.76;8.70;16.52;17.72;32.02;18.62;5.81;10.53;21.23;13.75;NaN;28.87;25.24;11.37;72.42;15.61;23.23;37.90;27.13;21.83;40.56;18.29;11.37;8.39;21.03;9.77;56.32;34.84;5.08;17.87;22.02
2018.10.10 00:00;16.61;26.53;23.63;34.16;22.51;21.88;5.22;19.98;31.72;20.73;20.54;52.08;10.60;30.66;9.59;11.35;8.77;11.13;22.63;14.40;33.20;8.70;50.50;11.45;7.73;26.46;19.48;22.55;18.95;12.70;30.20;11.58;20.21;15.09;24.08;7.26;13.35;23.25;18.78;28.95;33.89;17.98;9.51;28.73;8.72;16.60;16.98;31.28;17.81;5.69;9.76;20.53;13.93;NaN;27.81;24.51;11.12;70.93;15.30;22.67;36.12;26.04;21.99;41.46;17.91;11.20;8.21;19.97;9.04;54.59;34.25;4.81;17.97;21.11
2018.10.11 00:00;16.40;26.35;22.69;34.02;22.38;21.84;5.22;19.75;31.82;21.04;20.44;50.89;10.55;30.56;9.55;11.37;9.01;10.94;23.04;14.08;32.80;8.52;49.67;11.19;7.83;25.97;18.55;22.04;18.44;12.65;29.69;11.48;20.11;15.27;23.83;7.17;13.59;23.83;18.56;29.26;33.77;18.44;9.46;28.39;8.93;16.35;16.91;30.79;18.68;5.57;9.35;20.28;14.17;NaN;27.29;23.80;11.21;66.69;15.36;22.62;35.75;25.88;22.45;41.09;17.91;11.00;8.21;19.37;9.08;55.17;34.07;4.75;18.00;20.57
2018.10.15 00:00;16.35;26.78;22.97;34.50;22.50;21.72;5.10;19.57;31.97;20.71;20.15;50.19;10.31;30.22;9.53;11.26;9.14;10.50;23.39;14.03;32.15;8.71;49.44;11.11;7.68;26.32;19.71;23.24;18.20;12.94;29.88;11.45;19.35;15.07;24.08;7.29;14.14;24.23;18.48;28.83;33.41;18.46;9.52;28.72;9.01;16.84;16.98;30.79;18.59;5.63;9.72;19.98;14.21;NaN;27.92;24.25;11.33;66.70;15.20;22.52;36.11;26.14;22.66;40.56;18.51;10.86;8.00;18.65;9.43;56.33;33.44;4.74;17.87;19.36
2018.10.16 00:00;16.81;27.74;23.82;36.00;23.57;21.88;5.27;19.12;31.96;21.24;20.38;50.35;10.85;31.26;9.92;11.47;9.49;10.36;23.63;14.29;33.23;9.44;52.95;11.58;7.92;26.94;20.72;23.88;18.88;13.22;30.26;11.74;20.19;15.72;24.08;7.46;15.96;24.83;19.76;28.26;35.40;19.42;9.92;29.87;9.15;16.98;17.57;31.81;19.73;5.87;10.10;21.04;14.79;NaN;28.94;25.15;11.50;66.22;15.70;23.70;37.30;26.26;22.99;40.31;18.58;10.96;7.98;19.14;9.67;56.36;33.62;4.79;18.31;19.21
2018.10.17 00:00;16.46;27.90;24.10;36.32;23.60;21.72;5.31;19.58;32.39;20.50;20.49;50.23;11.00;33.22;9.97;11.62;9.41;10.60;24.01;14.12;33.87;9.42;53.24;11.41;7.91;27.30;19.94;22.60;18.85;13.04;30.74;12.19;20.11;15.62;24.07;7.54;16.31;25.19;20.38;28.39;35.87;20.13;9.83;29.56;9.19;16.98;17.71;31.46;20.05;6.15;9.88;21.44;15.37;NaN;28.75;24.89;11.90;64.33;15.65;23.98;37.41;26.73;23.07;39.78;18.60;11.00;8.10;19.57;9.64;57.44;33.80;4.71;18.21;19.80
2018.10.18 00:00;16.08;28.34;23.12;35.90;22.95;21.24;5.16;19.11;31.34;19.67;20.21;52.03;10.68;33.73;9.88;11.59;9.19;10.47;23.53;14.44;34.35;9.15;52.20;11.21;8.00;27.58;19.43;21.83;18.82;13.18;31.60;12.10;20.09;15.03;24.25;7.24;16.24;25.41;21.14;28.19;35.50;20.24;9.53;28.68;9.34;17.16;17.56;31.18;19.94;6.03;9.47;21.41;14.99;NaN;27.83;24.18;11.83;65.52;15.62;23.42;36.50;25.93;22.79;39.90;18.67;10.86;8.25;19.06;9.42;55.19;33.67;4.50;17.98;19.87
2018.10.19 00:00;16.28;28.00;22.91;36.20;23.02;21.26;5.14;19.07;31.49;19.57;20.37;52.86;10.72;33.34;10.43;11.57;9.36;10.63;23.53;14.42;35.93;9.14;52.89;11.16;8.16;27.84;20.49;23.14;18.75;13.10;31.99;12.25;20.16;14.66;24.25;7.10;16.27;24.87;21.07;28.48;35.47;20.12;9.51;28.65;9.44;17.26;17.31;30.89;20.95;6.04;9.20;21.32;15.22;NaN;28.11;24.39;11.85;65.52;15.55;23.95;36.42;26.57;23.19;39.85;18.58;10.75;8.51;19.24;9.46;55.22;33.65;4.54;18.16;19.42
2018.10.22 00:00;16.24;28.50;23.44;36.44;23.30;21.34;5.11;19.50;32.66;19.43;20.62;51.94;10.87;34.87;10.39;11.76;9.36;11.14;23.53;14.40;35.59;9.32;54.63;11.68;8.23;27.91;21.38;23.64;18.58;13.15;31.85;12.33;20.24;15.32;24.27;7.43;16.66;25.10;21.08;28.65;36.08;20.04;9.66;29.07;9.65;17.24;17.37;31.40;20.71;6.18;9.49;21.74;15.35;NaN;28.86;24.96;11.92;66.02;15.89;24.45;37.42;26.94;23.24;40.27;18.58;10.63;8.94;19.16;10.20;57.02;34.17;4.84;18.21;19.84
2018.10.23 00:00;16.06;28.69;23.82;36.57;23.39;21.20;5.14;19.17;31.91;19.32;20.54;51.45;10.91;34.67;10.48;11.56;9.50;11.34;23.32;14.56;36.03;9.04;53.64;12.08;8.25;27.99;20.90;23.49;18.50;13.31;31.70;12.61;20.66;15.21;23.81;7.44;16.62;25.37;21.01;28.76;35.76;20.96;9.65;29.17;9.96;17.37;17.23;31.68;20.96;6.25;9.29;21.61;16.01;NaN;28.32;24.65;12.42;66.02;15.85;24.26;37.85;26.85;23.13;40.55;18.56;10.60;8.34;19.27;9.95;55.44;34.20;5.35;18.75;20.15
2018.10.24 00:00;15.34;27.70;23.41;35.76;22.83;20.71;5.11;18.50;30.68;18.91;20.13;49.72;10.64;33.72;10.22;11.26;9.35;10.89;23.25;14.32;32.44;8.61;52.46;12.08;8.12;27.62;19.96;22.58;17.97;13.19;31.36;12.51;20.13;14.52;23.41;7.20;16.00;25.01;20.48;28.25;35.09;20.26;9.42;28.41;9.68;17.58;16.94;31.28;20.82;6.21;9.26;21.12;15.52;NaN;27.51;24.17;12.41;63.41;14.99;23.69;36.86;26.40;23.01;41.55;18.50;10.28;8.38;18.87;9.46;53.17;33.37;5.00;18.90;19.29
2018.10.25 00:00;14.48;27.86;23.34;36.67;23.49;21.20;5.13;18.57;31.23;19.52;20.15;49.27;10.88;34.13;10.26;10.98;10.02;11.23;23.25;14.32;31.51;8.67;55.37;12.30;8.37;27.66;20.73;23.18;18.68;13.30;31.01;12.57;20.80;14.91;23.55;7.19;16.51;25.56;20.91;28.53;35.17;20.37;9.52;28.74;9.78;17.86;17.18;32.31;20.85;6.19;9.17;21.02;15.91;NaN;28.08;24.77;12.39;64.41;15.26;24.40;38.18;26.36;23.24;41.77;18.61;10.34;8.45;19.89;9.66;53.34;33.80;5.30;18.56;19.71
2018.10.26 00:00;14.67;29.20;24.18;38.79;23.89;20.94;5.14;18.66;31.67;20.00;20.48;48.53;11.18;33.70;10.17;11.12;10.69;11.42;23.53;14.24;32.26;8.67;57.11;12.14;8.62;28.24;21.94;23.88;19.63;13.34;31.17;12.74;20.27;15.32;23.81;7.34;18.28;25.21;22.08;28.01;36.32;20.15;9.72;29.28;9.80;17.52;17.30;32.99;20.68;6.32;9.38;21.61;15.85;NaN;29.14;25.97;11.95;65.19;15.74;24.98;39.37;26.47;23.01;39.07;18.94;10.23;8.30;20.47;9.81;54.31;33.77;5.38;17.66;19.88
2018.10.29 00:00;14.90;28.73;23.91;38.29;23.44;20.93;4.95;18.58;30.34;19.97;20.21;48.19;11.06;31.80;10.40;11.33;10.11;10.60;23.16;13.99;31.16;8.32;55.52;12.13;8.70;28.21;20.72;23.06;19.37;13.10;31.03;12.61;19.55;15.17;23.80;7.26;17.09;25.39;21.48;27.25;35.83;19.84;9.58;28.74;9.55;17.17;17.13;31.47;20.63;6.20;9.53;21.37;15.47;NaN;28.09;24.86;11.92;62.46;15.63;24.67;38.88;26.94;22.75;37.51;18.81;10.40;8.11;20.08;9.79;51.87;33.52;5.35;17.09;19.52
2018.10.30 00:00;15.50;30.96;25.15;39.42;24.35;21.54;5.07;19.14;31.20;21.00;21.17;47.48;11.63;34.78;10.82;11.56;9.99;10.89;23.14;14.38;31.14;8.65;57.36;12.78;9.19;28.96;21.92;24.11;20.30;13.10;32.28;12.98;19.73;15.33;23.61;7.38;18.48;25.07;22.47;28.21;38.18;20.80;9.95;29.58;10.07;17.06;18.08;34.15;20.98;6.37;9.83;22.76;15.93;NaN;29.64;26.35;12.29;64.24;16.15;26.05;40.45;26.38;23.46;36.18;18.88;11.27;8.35;21.83;10.11;52.62;38.33;5.63;17.87;20.40
2018.10.31 00:00;15.78;30.59;25.29;39.10;24.04;21.30;5.49;18.92;32.82;20.80;21.90;50.72;11.83;33.98;10.99;12.08;9.79;11.20;23.39;14.75;30.90;8.92;56.22;12.96;9.11;29.16;22.11;24.43;20.92;13.01;33.14;13.27;19.41;15.77;23.94;7.65;18.47;25.09;22.63;28.18;37.63;21.13;9.89;29.44;10.02;17.27;18.56;33.60;20.92;6.41;9.66;22.59;16.12;NaN;29.45;25.99;12.08;62.08;16.65;26.98;38.36;26.61;23.75;37.44;18.80;11.15;8.21;21.31;10.03;55.40;38.44;5.60;17.58;21.00
2018.11.01 00:00;15.81;31.64;26.14;39.67;25.41;21.84;5.53;19.42;33.41;20.28;22.21;50.77;11.74;31.66;11.17;11.81;9.75;11.30;23.89;15.16;31.28;9.02;56.53;12.65;9.13;29.42;22.58;24.61;21.26;13.02;32.76;13.41;19.80;15.93;24.32;7.84;19.32;25.34;24.44;28.57;37.59;20.24;10.03;29.86;9.95;17.42;18.16;33.99;21.06;6.50;9.69;22.86;16.07;NaN;28.91;25.71;12.21;62.41;16.69;27.09;38.00;26.68;24.99;36.64;18.96;11.68;8.69;21.31;9.87;56.17;39.88;5.55;17.77;20.90
2018.11.05 00:00;15.89;32.55;25.96;39.70;25.96;22.64;5.60;19.70;33.60;19.61;22.02;51.46;11.54;32.25;11.16;12.20;10.21;12.05;24.21;15.38;34.87;9.24;57.41;12.59;9.24;30.07;23.26;24.87;21.78;13.13;33.38;13.66;20.67;16.43;24.94;8.03;20.47;25.68;24.87;28.93;36.95;19.98;10.12;30.18;10.20;17.93;17.77;33.47;21.44;6.58;9.67;22.54;16.32;NaN;29.77;26.50;12.25;65.72;16.80;26.74;37.85;27.23;26.05;37.45;19.43;12.08;8.59;20.69;9.94;56.20;39.89;5.62;18.27;21.84
2018.11.06 00:00;16.07;31.65;25.59;38.84;25.68;22.44;5.50;20.45;33.38;19.64;22.00;51.57;11.24;32.41;10.81;11.80;10.25;11.38;24.18;15.55;34.88;9.05;56.47;12.33;9.20;30.04;22.63;24.64;21.77;13.10;34.20;13.68;20.48;16.48;24.21;8.07;20.58;25.26;24.63;28.38;36.51;19.89;10.16;30.38;10.05;17.66;17.41;33.29;19.65;6.66;9.64;22.06;16.51;NaN;29.00;25.59;12.24;65.97;16.44;26.65;37.59;27.25;24.84;36.97;19.42;12.09;8.41;20.56;9.69;55.90;39.67;5.48;18.26;21.53
2018.11.07 00:00;15.79;31.45;24.72;37.91;25.18;22.16;5.48;21.12;33.47;19.87;22.24;52.17;11.09;31.01;10.87;11.17;10.17;11.26;24.02;15.65;33.46;9.16;56.12;12.16;8.96;30.18;21.66;23.77;21.59;13.09;34.33;13.68;19.88;16.01;25.13;8.03;20.27;26.00;24.73;28.34;35.93;19.10;10.21;30.40;10.31;17.27;17.37;33.03;18.70;6.50;9.47;21.90;16.71;NaN;28.36;24.75;11.91;66.21;16.67;25.95;37.60;26.80;24.81;36.21;19.48;11.66;8.31;21.09;9.57;56.26;38.97;5.24;18.42;20.60
2018.11.08 00:00;15.17;30.45;24.34;37.13;24.65;21.50;5.48;20.82;33.26;19.43;21.00;51.72;10.89;30.26;10.38;10.10;9.90;10.65;24.18;16.21;32.15;9.14;56.42;11.89;8.58;29.40;21.15;23.38;20.54;12.89;34.02;13.56;19.63;15.60;25.55;7.73;19.84;26.00;24.27;28.02;35.26;19.75;9.94;29.99;10.06;17.27;16.89;32.37;18.29;6.36;9.12;21.66;16.27;NaN;27.43;23.85;11.68;65.23;16.28;24.98;37.15;25.90;24.15;35.09;18.99;11.40;8.05;19.93;9.46;55.70;38.99;5.14;18.16;18.87
2018.11.09 00:00;15.53;31.84;24.48;37.95;25.02;21.41;5.52;20.58;31.78;19.20;20.57;51.34;10.88;30.85;10.47;9.70;10.02;10.15;24.10;15.13;32.87;8.93;55.09;11.90;8.81;30.01;22.24;23.97;20.37;12.90;34.45;13.51;19.21;15.64;26.34;7.67;20.01;25.80;24.52;28.39;35.65;19.90;10.16;30.36;9.73;17.00;17.04;32.88;18.15;6.30;9.15;22.06;17.71;NaN;27.32;23.96;11.57;65.23;16.48;25.30;37.86;25.76;24.76;34.03;19.30;11.61;8.22;19.50;9.78;53.38;38.69;5.31;18.16;19.33
2018.11.12 00:00;15.40;32.89;24.67;38.57;25.00;21.29;5.55;20.77;31.98;18.50;19.96;50.05;10.77;32.63;10.25;9.64;10.14;10.41;24.14;15.09;32.11;8.71;55.82;11.60;8.61;30.33;22.24;24.19;20.37;12.78;34.19;13.31;19.17;14.98;26.19;7.43;19.67;25.82;23.97;28.01;35.49;20.34;10.07;30.45;9.73;16.82;17.07;32.48;19.03;6.31;9.20;21.71;17.55;NaN;27.18;23.84;11.90;64.77;16.35;25.55;38.28;26.36;24.99;33.83;19.51;11.42;7.85;19.46;9.46;53.58;38.76;5.38;18.02;19.68
2018.11.13 00:00;15.22;32.85;24.53;38.14;24.55;21.26;5.60;21.18;32.59;19.52;19.77;48.58;10.63;32.60;10.22;9.49;10.06;10.09;24.31;15.41;31.21;8.61;56.02;11.59;8.48;30.12;21.78;23.85;20.39;13.16;34.36;13.38;19.06;14.83;27.72;7.31;19.62;25.31;23.85;27.87;35.83;20.86;10.00;30.33;9.63;16.82;17.34;33.33;19.02;6.18;9.05;21.78;17.79;NaN;25.93;22.81;11.68;66.11;16.51;25.16;37.72;26.16;25.05;35.92;19.51;10.90;7.77;19.02;9.18;54.97;39.43;5.40;17.70;19.99
2018.11.14 00:00;15.48;33.36;24.77;38.20;24.89;21.65;5.77;21.15;32.25;19.01;20.09;48.34;11.27;33.79;10.39;9.00;10.14;10.74;24.64;15.58;32.02;8.60;55.67;12.20;8.47;30.73;21.65;24.02;20.56;12.53;34.17;13.66;19.31;14.70;27.14;7.20;20.22;26.69;25.50;27.97;37.27;20.97;10.16;30.60;11.14;16.53;17.62;33.88;19.27;6.26;9.11;22.15;18.05;NaN;26.41;23.62;11.55;65.82;16.90;25.18;37.81;26.32;24.86;38.73;19.61;11.37;8.23;19.93;8.93;53.88;39.79;5.33;17.99;20.92
2018.11.16 00:00;15.93;35.00;26.00;39.41;26.10;22.07;5.90;21.15;33.10;19.22;20.30;51.95;11.66;34.28;10.90;8.92;10.45;10.95;24.74;16.04;32.97;9.00;57.62;12.74;8.92;31.35;23.52;25.74;20.60;12.79;34.49;13.96;19.36;15.75;27.38;7.61;20.28;27.27;25.75;28.41;38.18;21.36;10.55;31.54;10.97;16.63;17.81;35.05;19.40;6.33;9.48;22.68;18.24;NaN;27.24;24.28;12.00;65.47;17.56;26.03;39.11;26.62;24.78;38.18;19.88;11.40;8.38;21.05;9.55;54.85;40.83;5.27;18.12;22.52
2018.11.19 00:00;15.89;34.39;25.02;40.33;25.98;21.43;5.82;20.74;32.70;20.35;20.16;52.18;11.41;34.77;10.69;8.47;10.34;10.70;24.74;16.05;32.26;8.79;56.85;12.61;8.76;31.46;23.05;25.51;20.19;12.82;34.75;13.85;19.18;15.67;27.11;7.40;20.21;26.98;25.34;28.15;37.68;21.42;10.62;31.52;10.60;16.35;17.56;35.41;19.36;6.23;9.39;22.17;18.46;NaN;27.22;24.47;12.00;62.75;17.39;26.62;38.87;26.42;23.79;37.00;19.83;11.25;8.52;21.00;9.11;54.09;40.03;5.16;17.77;22.49
2018.11.21 00:00;15.82;34.91;25.39;40.24;25.70;21.82;5.66;20.92;32.05;20.55;21.15;53.30;11.37;34.41;10.91;8.57;10.29;10.64;24.46;15.93;32.25;8.46;56.53;12.71;8.85;30.73;23.20;25.58;20.82;12.82;34.20;13.95;18.88;14.89;25.79;7.22;21.10;26.84;25.12;28.55;37.75;21.66;10.43;31.11;11.06;16.39;17.69;34.72;19.24;6.22;9.39;22.48;18.95;NaN;26.59;23.69;11.77;62.36;17.77;26.50;38.40;26.32;24.20;35.76;19.61;11.04;8.42;21.93;8.99;53.27;41.14;5.08;17.54;22.62
2018.11.22 00:00;15.93;35.67;25.33;40.98;25.80;21.58;5.71;20.98;31.40;20.47;22.50;52.84;11.38;35.54;11.24;8.48;10.85;10.73;24.45;15.99;32.03;8.34;57.37;12.73;9.14;30.90;23.22;25.55;21.20;12.55;34.30;14.03;18.83;15.05;26.44;7.17;22.16;26.59;25.54;28.92;38.12;21.71;10.42;31.04;10.90;16.49;17.90;34.67;19.83;6.38;9.36;22.64;18.98;NaN;26.63;23.75;11.66;62.46;17.74;26.12;37.98;26.20;24.31;37.51;19.83;10.95;8.54;21.86;8.84;52.79;40.69;4.92;17.21;22.51
2018.11.23 00:00;15.64;36.00;25.15;41.31;25.75;21.88;5.50;20.70;29.60;21.08;21.64;52.63;11.46;36.74;11.46;8.46;10.92;10.82;24.36;15.83;31.71;8.05;57.76;12.45;9.17;30.84;23.11;25.40;20.86;12.25;34.20;14.14;18.60;14.60;25.99;6.84;21.98;26.74;25.48;29.57;37.96;21.76;10.44;31.00;10.61;16.12;17.83;35.06;20.12;6.27;9.20;22.65;19.00;NaN;26.00;23.01;11.36;61.97;17.30;26.18;38.37;26.34;24.77;36.75;19.44;10.76;8.47;21.96;8.41;49.18;40.65;4.95;17.27;21.86
2018.11.26 00:00;15.59;33.11;25.14;40.58;25.37;21.72;5.33;21.15;28.97;21.08;21.80;53.07;11.41;37.04;11.02;8.01;10.74;10.49;24.18;15.55;30.58;7.88;56.86;12.30;8.69;31.23;23.26;25.38;21.23;12.23;34.13;14.09;18.58;14.48;25.03;6.69;20.32;26.48;25.24;29.44;37.57;21.93;10.24;30.49;10.87;16.18;17.65;33.99;19.61;6.08;9.16;22.54;19.06;NaN;26.40;22.90;11.06;61.44;16.94;25.89;37.00;26.32;25.14;37.48;19.15;10.95;9.15;21.79;8.32;48.96;40.52;4.95;17.32;22.11
2018.11.27 00:00;15.97;33.82;26.73;41.54;26.41;22.35;5.41;20.87;28.87;21.32;22.06;53.04;11.87;37.27;11.47;7.87;11.01;10.80;23.90;15.70;31.16;7.98;59.05;12.61;9.00;32.70;24.27;26.57;21.47;12.44;34.98;14.47;19.77;14.38;25.88;6.81;20.67;27.44;25.37;29.85;38.42;22.48;10.64;31.52;11.19;16.25;18.25;35.29;20.92;6.13;9.35;22.82;18.92;NaN;27.30;24.11;11.17;62.06;17.52;26.28;38.18;27.04;25.67;36.61;19.72;11.40;9.19;22.20;8.51;48.76;41.58;4.95;17.63;23.26
2018.11.28 00:00;16.11;34.47;26.87;42.19;26.95;23.09;5.43;20.87;29.82;21.09;22.08;53.39;12.04;38.71;11.49;8.35;11.07;10.83;24.18;15.80;31.13;8.07;61.10;12.58;8.91;33.04;24.21;26.66;21.73;12.67;36.03;14.53;20.30;14.75;27.28;6.87;20.98;28.42;25.76;30.14;38.16;22.33;10.89;32.31;11.25;16.02;19.43;35.30;21.08;6.20;9.36;22.84;19.44;NaN;26.96;23.96;11.72;61.67;17.48;26.29;39.11;27.39;25.86;36.34;19.75;11.58;9.55;22.73;8.48;51.09;41.58;4.95;17.71;23.84
2018.11.29 00:00;16.07;34.30;27.30;41.71;27.29;22.91;5.53;21.20;29.91;21.22;22.50;54.30;12.14;38.15;12.77;8.15;11.21;10.77;25.29;16.33;32.46;8.19;60.21;12.27;9.41;32.92;24.24;26.87;21.74;12.73;35.90;14.44;20.24;14.78;27.58;6.93;21.43;28.30;26.02;30.37;38.03;22.22;10.99;32.60;11.48;16.02;19.72;35.25;21.23;6.20;9.27;23.08;19.97;NaN;27.13;23.77;11.91;61.45;17.60;26.11;39.54;27.33;25.86;38.51;19.75;11.58;9.59;23.32;8.76;50.80;41.58;5.04;17.78;24.62
2018.11.30 00:00;16.34;34.74;26.87;41.15;26.97;22.78;5.51;21.20;30.18;21.21;22.17;52.70;12.19;37.70;13.02;8.71;11.28;10.38;25.02;16.53;33.02;8.27;61.44;12.64;9.30;32.29;22.98;26.01;21.79;12.72;36.03;14.17;20.11;15.15;27.68;7.14;21.68;27.88;26.03;30.37;37.89;22.00;10.86;32.30;11.50;15.74;19.46;34.94;20.41;6.20;9.27;22.80;20.23;NaN;27.41;24.04;11.63;61.40;17.44;25.25;38.83;26.88;25.76;40.45;19.60;11.41;9.49;22.75;9.12;51.58;40.93;5.18;17.40;23.85
2018.12.03 00:00;16.16;33.12;26.82;40.66;26.50;22.48;5.56;20.97;30.54;21.69;22.55;52.17;12.28;38.70;12.93;8.84;11.23;10.47;25.06;16.92;33.76;8.56;60.68;12.66;9.48;32.51;23.14;26.34;21.79;13.04;35.55;14.34;20.07;15.80;28.07;7.41;21.43;28.41;26.30;30.46;37.23;21.65;10.78;31.90;11.69;15.74;19.52;35.00;20.10;6.36;9.22;22.47;20.56;NaN;28.19;24.49;11.76;62.71;16.78;24.92;39.14;27.10;26.57;41.15;19.63;11.41;9.76;22.91;9.55;52.86;41.19;5.12;17.54;24.22
2018.12.04 00:00;16.08;32.14;26.58;40.25;26.43;22.12;5.42;20.96;29.96;21.68;22.40;51.22;12.31;38.81;12.33;8.72;11.12;10.08;25.05;16.79;33.23;8.31;58.46;12.46;9.36;32.66;22.92;26.17;21.38;12.84;35.60;14.08;20.06;15.47;28.19;7.21;20.53;28.18;25.79;29.77;37.04;21.93;10.62;31.86;11.22;15.29;19.32;34.28;20.43;6.25;9.01;22.34;20.28;NaN;27.69;23.93;11.60;63.25;16.35;24.75;38.61;27.14;27.01;39.22;19.81;11.42;9.59;22.65;9.15;51.65;40.86;5.15;17.62;23.50
2018.12.05 00:00;15.97;33.24;26.88;40.66;26.42;22.36;5.41;21.20;30.06;21.55;23.35;49.60;12.18;39.30;12.63;8.48;11.02;10.12;25.06;16.88;32.24;8.34;59.00;12.79;9.77;33.09;23.19;26.24;21.49;12.95;35.65;14.19;19.92;15.66;27.07;7.29;20.93;28.95;25.84;29.94;37.77;21.86;10.62;31.88;11.84;15.30;19.53;35.21;20.44;6.33;9.14;22.66;20.72;NaN;27.85;24.13;12.23;61.95;16.60;24.87;39.09;27.31;27.71;39.36;19.92;11.49;9.53;22.78;9.26;51.58;41.48;5.20;17.43;23.80
2018.12.06 00:00;15.82;32.58;27.24;40.91;26.70;22.93;5.45;20.96;29.83;21.43;23.08;48.92;12.02;38.67;12.45;8.81;10.94;10.07;24.91;16.93;32.27;8.38;59.16;13.05;9.65;33.24;23.26;26.36;20.99;12.84;35.84;13.90;20.40;15.48;27.71;7.19;20.48;28.56;26.54;30.13;37.54;22.03;10.89;32.17;11.92;15.24;19.56;35.67;20.49;6.34;9.17;22.83;21.02;NaN;26.69;23.22;12.38;62.06;16.25;25.43;39.65;27.19;28.47;38.82;19.94;11.26;9.49;23.59;9.07;51.09;41.51;5.18;17.41;23.93
2018.12.07 00:00;15.55;31.35;27.15;40.60;26.58;23.08;5.48;21.11;29.21;21.02;22.80;48.45;12.24;37.41;12.28;8.68;10.83;10.02;24.81;16.75;32.85;8.10;58.11;13.10;9.59;33.43;23.79;26.67;20.46;12.82;35.77;13.73;19.73;15.33;27.23;7.18;19.88;28.33;26.75;29.85;37.47;22.30;10.68;31.90;11.78;14.97;19.22;34.98;20.37;6.26;9.16;22.79;21.10;NaN;27.13;23.39;12.00;60.71;16.21;25.40;39.68;27.45;27.86;37.74;19.36;11.37;9.49;23.13;8.78;50.10;41.59;5.04;17.28;23.28
2018.12.10 00:00;15.34;30.86;26.21;39.41;26.06;22.85;5.37;20.60;28.57;20.93;21.74;48.04;11.90;36.66;12.05;8.31;10.82;9.64;24.64;16.37;32.11;7.91;57.14;13.32;9.48;33.07;23.33;26.33;20.87;12.86;35.39;13.60;19.15;15.00;27.24;6.98;18.47;28.07;26.45;30.31;37.24;22.10;10.36;31.05;11.48;15.08;18.73;34.18;19.90;5.92;8.94;22.51;20.72;NaN;25.79;22.13;11.75;60.19;15.80;25.16;38.45;27.11;27.65;36.85;19.38;11.06;9.29;22.82;8.49;49.04;41.44;4.87;16.81;22.96
2018.12.11 00:00;15.40;32.87;26.29;39.64;26.37;22.89;5.24;20.53;28.61;20.60;21.50;47.58;11.97;36.88;12.18;8.37;10.96;9.64;24.79;16.45;31.70;8.08;58.49;13.54;9.63;32.83;24.24;27.20;21.02;12.92;35.58;13.83;18.87;15.15;27.38;6.90;20.87;28.20;26.83;30.16;37.57;22.16;10.39;31.33;11.09;14.94;19.13;35.19;20.38;5.89;9.17;22.65;21.15;NaN;25.62;21.99;11.76;62.21;16.30;25.55;37.89;27.70;28.58;35.44;20.01;11.26;9.23;23.32;8.54;49.43;41.72;4.95;16.99;23.08
2018.12.12 00:00;15.40;33.65;26.82;39.73;26.54;22.94;5.23;20.78;28.54;20.17;22.19;48.05;12.35;36.94;12.13;8.56;11.17;9.69;25.11;17.28;31.76;8.50;60.24;13.20;9.40;32.21;23.77;26.83;21.01;12.71;35.84;13.89;18.62;15.07;28.17;6.92;20.98;28.79;27.64;29.99;38.47;22.23;10.50;31.55;11.25;14.83;19.55;35.32;20.82;5.80;8.92;23.31;21.67;NaN;25.71;22.00;11.69;63.30;16.38;26.19;38.75;29.44;27.32;35.90;20.55;11.50;9.36;24.08;9.13;49.20;41.76;4.78;16.89;23.09
2018.12.13 00:00;15.76;33.90;26.39;40.74;27.24;23.05;5.14;20.87;28.49;20.19;22.68;47.32;12.31;36.59;12.25;8.47;11.34;9.43;25.21;17.52;32.02;8.46;61.62;13.50;9.52;32.14;23.51;26.85;20.79;13.04;35.88;14.03;18.64;15.01;28.00;6.98;22.08;29.18;27.40;29.83;38.30;22.33;10.67;32.10;11.73;15.03;19.69;35.44;20.76;5.81;9.14;23.37;21.76;NaN;25.85;22.06;11.70;62.40;16.40;26.23;39.47;29.72;27.64;37.16;20.67;11.62;9.16;23.74;9.41;49.43;42.61;4.70;16.96;23.43
2018.12.14 00:00;15.51;33.35;26.06;40.76;26.93;22.93;5.14;20.97;28.33;20.26;23.00;46.68;12.28;37.04;12.08;8.64;11.42;9.25;25.30;17.62;31.94;8.47;60.62;13.73;9.70;32.26;22.96;26.18;20.72;12.99;36.30;14.03;18.25;14.80;28.77;6.87;23.74;29.05;26.85;29.30;38.14;22.57;10.74;31.87;11.81;15.05;19.60;35.30;21.15;5.76;9.27;23.08;21.81;NaN;25.65;21.76;11.79;61.88;16.25;26.56;39.69;29.17;27.03;36.70;21.03;11.77;9.27;23.94;9.15;49.70;43.14;4.35;16.94;23.94
2018.12.17 00:00;15.54;31.85;25.53;40.39;26.41;22.59;5.05;20.94;28.79;20.23;23.00;46.26;12.09;36.02;11.82;8.90;11.12;9.01;25.11;17.54;31.40;8.66;59.82;13.48;9.48;31.82;22.55;25.61;21.24;12.85;35.60;13.82;18.12;14.78;28.67;6.95;23.78;28.53;26.17;28.93;36.99;22.39;10.44;31.02;11.63;14.77;19.20;34.67;21.08;5.57;9.18;22.59;21.81;NaN;25.38;21.59;11.44;60.32;15.99;26.01;38.76;28.79;26.67;35.83;20.58;11.52;9.16;23.84;9.55;50.06;42.09;4.36;16.52;23.40
2018.12.18 00:00;15.33;33.00;25.39;40.48;26.90;22.80;5.02;21.39;29.30;20.88;23.30;46.32;11.96;36.11;11.76;8.80;11.23;8.99;25.10;17.76;31.81;8.63;60.97;13.76;9.45;31.65;23.35;26.35;21.44;13.09;36.32;13.78;18.40;14.89;28.77;6.96;25.21;29.01;26.80;29.10;36.99;23.34;10.50;31.52;11.65;15.36;18.99;34.67;21.80;5.45;9.59;22.60;21.74;NaN;24.52;20.77;11.41;58.40;16.25;25.92;40.00;28.61;27.42;37.05;20.12;12.02;8.96;23.98;9.37;50.25;43.79;4.58;16.44;23.01
2018.12.19 00:00;15.13;32.37;24.92;40.48;26.51;22.38;4.97;22.16;28.70;20.98;22.75;46.31;12.01;37.58;11.82;8.98;11.56;8.66;25.57;17.15;31.43;8.62;59.47;13.82;9.40;30.94;22.39;25.32;20.79;13.01;35.84;13.71;18.18;14.82;29.57;6.88;24.68;30.13;26.24;28.38;37.41;23.48;10.49;31.10;11.28;15.49;18.87;34.74;21.94;5.36;9.67;23.04;21.52;NaN;24.12;21.01;11.12;58.95;16.60;26.12;39.50;28.36;26.35;36.49;19.89;11.73;9.08;23.84;9.46;48.85;42.05;4.66;16.70;22.60
2018.12.20 00:00;14.94;33.50;24.87;40.74;26.65;22.18;4.93;22.44;29.00;21.12;22.50;45.66;11.95;38.75;11.64;8.57;12.01;8.61;25.78;17.67;30.68;8.34;61.02;13.77;9.42;31.44;21.73;24.75;20.34;13.17;35.26;13.76;18.27;14.24;28.88;6.66;25.47;29.90;26.71;28.91;37.24;23.69;10.48;31.09;11.14;15.23;18.80;35.31;22.06;5.30;9.98;22.98;21.26;NaN;23.54;20.29;11.03;57.21;16.63;26.37;38.52;29.13;26.99;36.31;20.08;11.55;9.17;24.34;9.02;48.66;41.98;4.58;16.85;22.48
2018.12.21 00:00;14.90;35.00;25.48;40.75;26.45;22.72;4.97;22.08;29.56;21.19;22.07;45.43;11.90;38.93;11.63;8.62;11.88;8.96;26.04;17.64;30.96;8.21;61.69;13.77;9.25;30.92;21.36;24.26;21.46;12.93;35.57;13.76;18.37;14.39;28.01;6.63;24.83;29.56;27.70;28.79;37.75;23.74;10.36;30.95;11.49;15.29;19.03;36.91;22.65;5.34;11.28;22.54;21.38;NaN;23.56;20.35;10.82;58.54;16.41;27.24;38.25;29.06;26.72;38.38;20.68;11.62;8.83;23.89;8.99;49.68;42.43;4.56;16.93;22.04
2018.12.26 00:00;14.87;34.89;24.98;41.02;26.10;22.63;4.91;22.55;29.36;21.41;21.90;45.13;11.90;37.43;11.45;8.41;11.83;8.50;26.23;17.19;31.25;8.05;61.71;13.70;9.30;30.99;21.09;24.02;21.46;13.06;35.54;13.90;18.17;14.47;28.12;6.67;24.59;30.43;27.88;28.57;37.32;23.72;10.23;30.27;11.24;14.92;18.81;36.10;21.91;5.56;10.98;22.48;21.71;NaN;23.99;21.05;10.65;57.25;16.21;27.09;37.64;29.26;26.80;38.33;20.59;11.58;8.94;24.17;8.93;49.27;42.39;4.30;16.64;21.68
2018.12.27 00:00;14.83;34.91;25.09;41.70;26.74;22.96;4.89;22.45;28.97;21.80;21.63;45.13;12.08;39.31;11.35;8.24;12.03;8.67;26.49;17.64;31.14;7.98;60.45;13.89;9.23;31.25;22.51;25.46;21.05;13.27;35.84;13.95;18.11;14.11;27.76;6.57;24.51;30.44;29.07;28.62;38.73;23.89;10.41;30.78;11.04;14.75;18.91;36.90;21.57;5.45;11.39;23.11;21.84;NaN;23.85;21.04;10.57;56.62;16.26;27.28;37.90;29.22;26.64;36.62;20.62;11.20;8.81;24.83;8.78;48.35;41.15;4.32;16.77;22.39
2018.12.28 00:00;15.11;36.00;25.71;42.97;27.56;23.30;4.99;22.54;30.10;22.69;21.93;46.08;12.26;41.39;11.22;8.42;12.41;8.77;26.84;17.70;32.06;8.24;61.15;14.29;9.38;31.38;22.79;25.87;21.68;13.71;35.75;14.55;18.41;14.50;28.85;6.77;25.19;30.89;29.51;28.86;40.29;24.53;10.65;31.86;11.33;15.11;19.45;37.96;22.44;5.46;11.61;23.88;22.26;NaN;24.79;22.02;10.81;56.61;17.00;27.98;38.81;29.99;27.39;37.67;20.88;11.40;8.88;25.62;9.00;49.82;41.74;4.39;17.17;22.89
2019.01.02 00:00;15.86;36.33;26.65;44.92;28.81;23.92;5.08;23.83;30.05;22.95;22.38;46.99;12.62;42.36;12.03;9.12;12.81;9.14;26.92;18.55;34.21;8.59;61.07;14.66;9.72;32.45;27.52;29.63;21.54;13.75;36.61;14.62;18.76;14.87;29.32;6.98;25.54;30.79;30.49;29.77;41.09;24.48;11.16;33.22;11.77;15.52;19.47;38.99;23.12;5.65;11.87;24.58;22.95;NaN;26.01;23.36;11.44;56.16;16.95;29.04;41.58;32.72;27.25;38.18;21.42;11.69;9.40;26.17;9.52;49.91;42.60;4.38;17.60;23.94
2019.01.03 00:00;16.04;36.37;27.81;45.11;29.10;24.18;5.20;24.82;28.90;23.48;21.49;47.27;12.71;42.79;12.42;8.90;12.54;9.25;26.59;19.34;34.72;8.69;60.68;14.90;9.92;33.51;29.16;31.41;21.90;14.32;36.81;15.03;19.14;14.78;29.26;7.01;25.72;30.09;30.90;30.20;41.47;24.19;11.25;33.77;11.95;15.92;19.41;38.50;22.87;5.69;11.86;24.76;23.13;NaN;26.55;23.94;11.51;56.03;17.44;28.56;42.95;35.25;26.52;36.55;21.48;11.60;9.61;25.68;9.32;47.86;42.98;4.31;18.00;23.92
2019.01.04 00:00;16.26;36.25;26.81;45.11;28.87;23.94;5.40;25.70;30.85;23.57;21.45;46.74;12.46;41.37;12.28;9.61;12.41;9.26;26.65;18.79;34.52;9.09;59.92;14.77;9.96;33.76;28.72;31.19;20.80;14.43;37.09;15.22;19.51;15.17;29.27;7.19;25.09;30.20;29.91;30.05;40.43;23.92;11.22;33.20;12.27;16.17;19.16;37.02;22.18;5.68;11.69;24.25;23.40;NaN;26.85;24.00;11.31;56.84;17.20;28.26;42.90;36.05;25.33;37.16;22.33;11.65;9.88;25.51;9.86;50.98;42.89;4.27;18.21;24.29
2019.01.07 00:00;16.19;35.30;26.66;44.81;29.21;23.59;5.37;26.23;31.09;23.70;21.59;46.41;12.39;39.54;11.93;9.52;12.05;9.02;26.31;18.45;34.01;9.11;60.67;14.68;9.84;33.55;27.28;29.85;21.23;14.01;36.61;15.32;19.79;15.21;28.87;7.24;23.99;30.65;28.91;29.57;39.80;24.16;11.21;33.27;11.84;16.17;19.79;36.17;22.52;5.58;11.80;23.91;22.59;NaN;27.72;24.38;10.97;55.57;16.90;27.74;43.62;35.23;25.74;35.46;22.07;12.03;9.67;24.73;9.88;50.71;43.25;4.24;17.93;23.81
2019.01.08 00:00;15.86;34.72;26.74;44.30;29.39;23.24;5.31;25.64;30.87;22.91;22.93;46.38;12.41;41.37;12.27;9.20;11.98;9.09;26.32;18.26;34.39;9.14;58.68;14.58;9.82;33.93;28.67;30.85;21.36;14.06;36.42;15.36;20.03;15.23;29.26;7.19;23.67;30.20;28.85;29.53;39.27;24.39;11.36;33.69;12.02;16.24;19.82;37.34;22.34;5.56;12.26;23.74;22.04;NaN;27.57;24.24;11.16;57.60;17.12;27.76;43.19;35.36;26.33;35.81;21.94;12.49;9.27;24.32;9.60;51.20;43.35;4.04;17.78;24.03
2019.01.09 00:00;16.09;35.15;26.86;44.18;29.89;22.51;5.40;25.68;31.70;22.96;23.55;46.69;12.60;44.11;12.73;9.59;12.17;9.47;26.60;18.70;37.20;9.21;59.04;14.64;10.01;34.83;28.79;31.17;21.28;14.15;36.56;15.60;19.73;15.66;30.68;7.36;23.56;30.69;29.88;29.24;39.82;24.33;11.51;34.20;11.92;16.56;20.60;38.14;22.26;5.59;12.76;24.04;22.49;NaN;28.13;24.74;11.44;60.53;17.20;28.40;43.79;35.80;26.58;37.96;21.94;12.64;9.63;25.10;9.91;52.45;44.01;4.01;17.97;25.74
2019.01.10 00:00;16.55;35.91;27.11;44.83;29.80;23.14;5.44;25.36;31.60;22.73;23.45;46.21;12.51;45.80;12.94;10.50;12.39;9.55;26.51;18.87;38.08;9.30;59.97;14.87;10.20;34.42;29.16;31.57;20.99;14.28;37.35;15.80;20.10;15.25;31.55;7.33;23.33;31.37;29.62;29.53;39.47;23.83;11.43;33.97;11.88;16.54;20.58;38.20;22.48;5.51;12.64;23.84;22.63;NaN;27.99;24.53;11.48;62.92;17.47;28.26;44.25;36.02;27.05;38.44;22.11;12.16;9.81;25.75;10.15;51.87;43.74;4.42;18.11;26.11
2019.01.11 00:00;16.98;37.20;27.69;45.01;29.61;23.44;5.40;25.33;31.50;22.78;22.95;46.86;12.41;44.41;13.43;10.14;12.41;9.74;26.32;18.89;37.32;9.19;58.97;15.28;10.45;34.99;29.13;31.51;21.53;14.34;37.09;15.87;19.98;14.89;31.60;7.16;25.05;31.03;29.38;31.51;38.81;23.35;11.29;33.76;12.20;16.32;20.30;37.35;22.08;5.55;12.53;23.37;22.22;NaN;27.82;24.27;11.91;63.39;17.42;27.73;44.15;37.60;28.04;38.44;22.55;12.12;9.90;25.62;10.00;51.17;43.16;4.51;18.30;26.37
2019.01.14 00:00;17.23;37.47;28.30;46.06;29.96;23.65;5.44;25.08;31.61;23.22;22.67;46.96;12.47;44.92;14.03;10.32;12.49;10.08;26.15;19.15;37.56;9.11;58.98;15.56;10.71;35.46;29.11;31.31;21.62;14.51;37.77;16.24;20.78;14.87;32.20;7.16;25.25;31.79;29.27;31.54;38.25;23.25;11.46;34.01;12.40;16.95;20.29;36.67;22.25;5.72;13.04;23.39;21.86;NaN;27.72;24.13;12.42;63.17;18.00;27.62;44.82;39.61;28.04;38.58;22.47;12.12;10.19;25.80;9.69;51.38;43.53;4.82;18.50;27.56
2019.01.15 00:00;17.39;37.00;28.02;45.52;29.90;23.76;5.46;25.04;31.32;23.01;22.43;47.01;12.45;45.56;13.49;9.94;12.39;9.97;26.04;19.28;37.95;8.97;59.43;15.24;10.54;35.32;28.30;30.18;21.76;14.84;37.72;16.31;20.32;14.58;33.05;7.02;24.46;31.38;28.40;31.54;39.22;23.51;11.39;33.48;12.33;17.45;20.15;36.53;22.00;5.72;12.96;23.82;21.72;NaN;27.63;24.11;12.29;64.11;17.85;27.12;43.79;39.61;28.95;41.84;22.25;12.14;10.50;25.57;9.57;51.14;42.98;4.98;18.14;27.94
2019.01.16 00:00;17.49;37.00;28.63;45.09;30.04;23.98;5.43;25.43;31.43;23.24;22.22;46.88;12.38;47.19;13.48;9.70;12.23;10.13;26.19;19.38;39.81;9.27;59.47;15.10;10.35;35.17;28.83;30.79;21.50;14.98;37.82;16.31;19.84;14.61;33.73;6.98;23.98;33.07;28.46;31.30;39.37;24.39;11.39;33.38;12.85;17.48;20.18;37.34;21.75;5.65;12.82;23.87;21.51;NaN;27.86;24.10;12.09;63.59;18.22;27.31;43.51;38.82;28.90;43.68;22.34;11.91;10.40;25.55;9.81;51.43;42.30;5.05;18.52;27.94
2019.01.17 00:00;17.53;37.05;28.77;45.25;30.14;24.52;5.65;26.12;32.46;23.39;23.66;46.07;12.65;46.05;13.63;9.92;12.59;10.35;26.88;19.38;40.41;9.25;59.87;15.75;10.50;35.70;29.12;31.16;20.47;14.98;38.25;16.30;20.07;14.73;33.72;7.08;24.11;33.34;28.57;31.63;39.83;24.57;11.41;33.38;13.10;17.31;20.27;38.72;21.69;5.78;13.05;24.02;21.63;NaN;28.09;24.43;12.82;62.42;18.81;29.03;44.06;39.21;28.91;42.51;22.17;11.94;10.66;26.49;9.80;52.97;41.89;4.93;18.41;29.63
2019.01.18 00:00;17.68;36.36;29.16;44.87;30.45;25.03;5.73;27.28;33.01;23.33;24.05;45.02;12.74;45.31;13.53;9.87;12.43;10.06;28.37;19.38;40.41;9.17;59.98;15.76;10.34;36.58;30.44;32.78;19.85;15.20;38.16;16.16;20.86;15.16;34.62;7.18;24.30;33.86;28.84;31.55;39.82;25.33;11.40;33.81;13.22;17.31;20.23;39.26;21.65;6.03;13.07;23.95;22.88;NaN;28.45;24.66;13.09;62.77;18.57;29.33;45.12;38.72;29.48;43.89;22.47;12.01;11.15;26.98;9.76;53.49;42.52;4.88;18.31;29.20
2019.01.21 00:00;17.68;36.18;29.25;44.63;30.10;24.58;5.67;27.00;33.20;23.13;24.49;45.63;12.68;43.83;13.52;10.08;12.63;9.98;28.58;19.60;39.20;9.26;59.50;15.88;10.50;36.75;30.56;32.94;20.14;15.13;38.73;16.42;20.58;15.17;34.22;7.22;23.71;34.06;28.82;31.25;39.45;25.29;11.36;33.53;13.39;17.55;19.78;38.50;20.76;6.03;13.01;23.93;22.77;NaN;28.59;24.79;13.31;61.79;18.60;30.38;45.05;39.52;29.30;45.11;22.34;12.20;10.92;26.51;9.87;54.00;42.16;4.80;18.42;27.70
2019.01.22 00:00;17.23;35.50;28.55;44.55;29.97;24.62;5.49;26.80;33.09;22.46;23.26;47.03;12.67;43.33;13.43;9.85;12.60;9.98;28.83;19.18;39.16;9.13;59.57;15.74;10.58;37.01;30.27;32.88;19.48;15.13;38.73;16.00;20.28;15.14;33.43;7.01;22.89;33.68;28.56;31.06;39.51;25.45;11.31;33.48;13.29;17.44;19.33;37.96;20.14;5.70;13.08;24.11;22.40;NaN;28.16;24.40;13.14;60.87;18.60;29.91;44.96;39.39;29.70;44.00;22.47;12.12;11.10;26.20;9.59;53.80;41.68;4.93;18.17;28.18
2019.01.23 00:00;16.88;36.00;29.88;45.48;30.48;25.04;5.44;27.39;33.56;23.26;23.75;47.34;12.98;43.79;13.56;9.67;12.75;10.71;28.84;19.55;40.77;9.62;61.65;15.85;10.61;39.01;31.05;33.53;19.46;15.60;39.41;16.20;20.79;15.31;33.53;7.24;23.29;33.33;28.76;31.13;40.62;25.42;11.46;33.71;13.76;17.48;19.81;38.67;21.08;5.72;13.62;24.62;22.54;NaN;28.45;24.69;13.33;61.30;18.66;30.17;46.40;40.13;29.10;45.34;22.42;12.27;11.16;27.10;9.55;54.36;42.41;5.16;18.38;28.41
2019.01.24 00:00;16.86;36.06;30.35;45.24;30.79;25.33;5.55;28.86;33.83;23.54;24.19;48.10;13.37;44.93;14.31;10.11;12.98;11.31;28.84;19.58;41.62;9.67;61.96;16.02;11.17;39.92;31.97;33.94;19.67;16.04;40.07;16.39;20.59;15.65;34.33;7.35;23.51;33.00;29.93;31.03;40.49;25.84;11.64;33.66;14.14;17.92;20.26;39.79;20.82;5.87;13.95;24.76;23.08;NaN;28.75;24.80;13.30;61.70;19.31;30.30;46.19;41.11;30.07;47.43;22.87;12.21;11.02;27.79;9.62;54.85;43.13;5.49;18.42;29.00
2019.01.28 00:00;17.63;35.06;30.91;44.66;31.04;25.39;5.54;28.66;25.54;23.92;24.45;48.98;13.44;45.28;14.71;10.31;12.60;11.34;29.01;19.54;41.70;9.12;62.17;15.88;11.47;41.44;32.29;34.00;19.26;16.26;40.62;16.41;20.14;15.30;33.72;7.11;23.25;32.67;30.49;31.56;41.06;25.91;11.90;34.26;14.46;17.89;20.23;40.53;20.81;5.80;14.39;24.72;23.64;NaN;27.74;24.05;12.86;64.49;19.75;30.11;46.31;41.69;29.80;48.55;22.78;12.01;10.63;28.02;9.55;41.40;43.66;5.35;18.72;28.30
2019.01.29 00:00;17.55;34.80;30.26;46.15;30.64;25.38;5.75;28.37;25.73;23.65;23.85;48.93;13.60;47.08;15.68;10.81;12.61;11.20;29.00;19.47;42.37;9.36;62.68;15.76;12.00;40.49;34.57;35.65;19.16;16.20;40.72;16.90;20.95;15.30;32.49;7.18;23.13;32.69;31.12;31.03;41.92;25.39;11.70;34.01;14.37;17.69;20.47;40.82;22.14;5.91;14.02;25.00;23.81;NaN;28.34;24.63;13.12;62.50;19.55;30.00;45.65;42.27;29.78;47.49;22.83;11.77;10.75;27.47;9.53;41.75;43.17;5.67;18.81;29.86
2019.01.30 00:00;17.65;35.95;30.18;46.75;30.57;25.89;6.15;28.64;27.76;23.48;23.68;50.36;13.60;47.40;15.23;10.97;12.54;11.80;29.81;19.43;43.07;9.68;64.66;15.81;11.75;40.35;35.09;36.54;19.42;16.49;40.53;17.17;21.08;15.80;33.57;7.46;24.15;33.17;31.31;30.58;42.23;25.21;11.84;34.23;14.95;17.93;20.37;40.67;21.90;6.25;13.99;25.35;24.15;NaN;28.73;24.88;13.24;61.77;19.78;31.23;44.72;40.95;30.79;46.10;22.71;11.70;10.78;27.30;9.72;45.52;43.58;5.77;19.01;31.32
2019.01.31 00:00;17.20;37.11;30.18;47.93;32.29;26.23;6.10;28.94;27.19;23.53;23.54;50.83;13.65;49.25;14.91;11.30;12.41;11.30;30.32;19.56;42.53;9.51;63.97;15.71;11.39;39.77;35.18;37.38;19.34;16.28;40.18;17.20;20.85;15.31;33.31;7.27;24.81;33.90;31.71;30.43;43.14;25.06;11.91;34.82;14.75;17.69;20.87;40.74;22.26;6.08;14.09;25.68;23.57;NaN;28.84;24.84;13.30;61.41;19.65;31.32;44.79;41.29;31.13;45.50;22.75;12.06;10.91;27.55;9.63;44.45;43.96;6.00;18.44;29.97
2019.02.01 00:00;17.79;37.20;30.63;48.17;31.89;26.52;6.12;29.03;27.79;23.49;23.89;50.87;13.41;47.36;14.83;11.39;12.28;11.47;28.93;19.50;42.49;9.42;64.77;15.45;11.48;40.54;35.37;37.62;19.27;16.74;40.66;17.21;20.77;15.46;33.73;7.32;25.01;33.66;32.68;29.94;43.18;25.51;11.94;34.86;14.53;18.12;20.37;40.88;22.23;6.40;13.90;25.76;23.90;NaN;29.30;25.05;13.60;61.86;19.34;30.85;45.42;42.11;32.03;46.11;22.75;12.25;10.87;26.96;9.52;45.18;44.42;5.96;19.22;29.20
2019.02.04 00:00;18.12;38.04;30.95;49.08;32.60;26.70;6.16;29.90;27.03;23.70;23.70;51.35;13.50;47.23;14.87;11.10;12.18;11.61;28.95;19.54;42.64;9.23;63.82;15.84;11.55;41.66;34.63;37.00;19.43;16.76;40.78;17.16;20.85;15.65;34.42;7.32;27.08;33.68;32.49;30.58;43.44;25.71;12.17;35.65;14.68;18.38;20.43;41.19;22.01;6.60;13.76;26.29;23.97;NaN;29.63;25.28;13.58;61.91;19.34;30.90;46.90;41.52;32.29;46.50;22.89;12.28;10.95;27.35;9.60;43.64;44.42;5.99;19.29;29.04
2019.02.05 00:00;18.31;38.59;31.63;50.51;32.61;26.60;6.16;29.44;27.29;23.83;25.24;52.32;13.49;45.31;14.82;10.59;12.23;11.53;28.84;19.32;43.12;9.21;62.82;15.84;11.53;41.63;34.69;36.28;19.63;16.86;40.27;16.95;21.02;15.58;34.42;7.31;27.69;33.17;33.53;30.82;43.54;25.49;11.79;34.13;14.64;18.93;20.50;40.71;21.81;6.69;13.97;25.99;23.68;NaN;29.82;25.30;13.80;60.74;19.51;30.29;46.41;41.00;31.30;46.78;23.22;12.24;11.29;27.45;9.62;43.61;44.46;5.64;19.63;28.35
2019.02.06 00:00;17.77;37.30;30.88;47.44;31.08;25.44;5.90;28.79;26.11;22.69;24.18;51.66;13.22;43.79;13.90;9.80;11.76;11.09;28.55;18.76;41.48;8.68;59.97;15.58;11.11;39.73;33.45;34.80;18.99;16.44;40.32;16.87;19.94;15.00;33.08;6.94;26.89;32.74;32.67;30.06;42.81;25.27;11.29;32.69;13.71;18.41;19.91;38.69;21.09;6.26;13.53;25.20;22.64;NaN;29.29;24.75;13.50;59.16;18.96;29.50;44.47;39.14;30.86;47.33;22.39;11.77;11.06;26.29;9.18;41.48;42.99;5.29;18.93;27.37
2019.02.07 00:00;18.42;36.18;29.73;47.75;31.55;25.52;5.74;29.93;25.33;22.08;23.21;50.87;12.99;43.44;14.03;10.13;11.89;11.05;28.23;18.72;41.10;8.88;60.70;15.09;11.25;40.30;33.11;34.38;18.40;16.81;39.26;16.66;19.65;14.90;33.28;6.99;26.45;32.62;31.76;30.15;42.35;25.21;11.31;32.81;14.00;18.65;20.02;38.81;20.73;6.03;13.36;25.03;22.61;NaN;28.77;24.36;13.10;59.68;18.82;29.87;44.55;37.86;30.64;48.09;22.36;11.58;10.73;25.97;9.27;40.63;42.88;5.45;18.77;27.75
2019.02.08 00:00;17.90;37.00;30.05;47.81;31.88;25.54;5.92;31.30;26.21;22.18;23.50;50.65;13.05;44.32;14.20;10.04;12.00;11.03;28.17;18.85;41.32;9.18;60.97;15.36;11.13;41.26;33.67;34.35;18.94;17.18;39.17;16.57;20.12;15.02;33.24;6.99;27.13;32.64;32.14;30.20;42.76;26.22;11.67;33.51;13.93;18.32;20.23;38.95;21.13;5.93;13.60;24.99;22.43;NaN;28.57;24.40;12.72;59.66;19.44;31.30;45.65;40.17;31.44;47.44;22.82;11.47;10.59;25.98;9.45;42.16;43.15;5.56;18.60;28.15
2019.02.11 00:00;18.38;37.20;29.52;46.40;31.70;24.96;5.76;31.35;25.32;22.60;23.12;52.49;12.89;43.69;14.18;10.47;11.72;11.27;27.72;18.61;41.09;8.97;61.13;15.41;11.01;41.22;33.69;35.01;18.67;17.17;39.79;16.29;19.98;15.12;32.19;6.99;27.92;32.97;31.50;29.40;42.24;26.23;11.59;33.13;14.02;17.83;20.37;38.50;20.55;5.71;13.56;24.83;22.24;NaN;28.21;24.12;12.45;58.69;19.30;30.77;45.02;36.42;31.38;46.19;22.55;11.42;10.62;25.96;9.41;41.05;43.11;5.52;18.49;28.69
2019.02.12 00:00;18.34;38.26;29.85;49.26;32.33;24.42;5.71;32.33;26.56;22.53;23.30;53.43;12.72;45.71;14.22;10.48;11.89;11.20;27.80;19.02;40.76;9.21;63.21;15.18;11.08;41.55;33.62;34.66;18.63;17.56;40.27;16.24;19.83;15.17;32.05;7.11;28.64;32.77;31.74;28.73;42.08;27.30;11.78;33.93;14.22;17.32;19.73;39.99;20.48;5.58;13.29;24.77;22.61;NaN;29.22;24.97;12.79;58.71;19.60;31.29;45.70;36.32;32.10;44.86;22.38;11.31;10.33;25.86;9.41;43.27;43.40;5.56;18.47;28.26
2019.02.13 00:00;18.06;38.40;29.77;48.14;31.83;23.98;5.80;33.26;26.89;23.18;22.55;53.86;12.75;45.68;13.78;10.40;12.09;11.14;29.44;18.89;40.75;9.30;62.34;15.08;10.86;40.89;34.63;35.64;18.77;17.50;40.09;16.47;19.68;15.29;32.57;7.15;28.75;33.17;30.46;28.81;41.82;26.64;11.53;33.15;14.05;17.25;19.32;38.95;20.05;5.61;13.10;24.95;22.46;NaN;29.91;25.30;12.98;57.51;19.06;31.47;44.87;36.48;32.00;45.37;22.71;11.28;10.43;26.58;9.45;44.44;43.74;5.45;18.27;28.94
2019.02.14 00:00;18.26;38.60;31.04;50.60;33.05;24.20;5.96;33.45;27.04;23.43;22.82;54.20;13.04;46.79;14.15;10.70;12.29;11.46;29.74;19.20;40.91;9.44;62.97;15.43;11.14;41.43;34.93;36.58;19.30;18.10;40.24;16.45;20.05;15.39;32.49;7.22;28.60;32.80;31.40;28.77;42.28;27.04;11.82;34.03;14.17;17.28;19.71;39.99;21.22;5.58;13.55;25.38;22.55;NaN;30.54;26.17;13.12;58.22;19.64;32.35;46.07;38.43;32.44;44.56;22.78;11.40;10.69;26.98;9.50;44.60;43.78;5.45;18.44;30.36
2019.02.15 00:00;18.16;38.50;31.00;50.66;32.83;23.95;5.95;33.26;27.14;23.16;22.66;54.06;12.96;46.64;14.03;10.38;12.36;10.75;29.44;19.33;41.10;9.45;62.59;15.24;11.07;41.04;34.16;36.24;19.33;18.41;40.51;16.39;19.88;15.15;32.44;7.14;29.01;33.39;31.19;28.60;42.13;26.79;11.67;33.68;14.48;17.46;19.32;39.53;20.38;5.80;13.15;25.12;23.21;NaN;30.31;26.06;13.10;57.96;19.77;32.15;45.84;37.74;32.75;45.19;22.79;11.63;10.93;27.47;9.23;44.82;43.47;5.28;18.50;28.78
2019.02.18 00:00;17.87;38.88;30.66;50.16;32.08;23.92;6.04;33.55;27.01;22.34;22.26;53.37;12.99;46.76;14.24;10.09;12.49;10.67;29.39;19.27;40.43;9.59;61.91;15.52;11.17;40.53;33.33;35.54;18.89;18.44;40.69;16.39;19.56;15.22;33.53;7.13;28.36;33.66;31.29;28.54;41.74;26.95;11.43;33.14;14.66;17.24;19.56;39.61;20.95;5.65;13.15;25.05;22.92;NaN;29.95;25.98;12.71;57.04;19.87;32.25;45.27;37.35;32.44;45.40;22.65;11.53;11.12;26.83;9.20;44.20;43.33;5.47;18.68;28.16
2019.02.19 00:00;18.00;38.66;31.46;50.37;32.35;24.22;6.40;32.92;27.00;22.19;22.16;54.33;13.05;46.84;14.34;10.24;12.55;10.91;29.56;19.43;41.70;9.47;61.86;15.36;11.25;42.29;33.58;35.55;19.28;18.56;40.52;16.55;19.65;15.21;33.10;7.05;28.12;33.07;31.18;28.73;42.10;27.07;11.67;33.91;14.45;17.60;19.65;39.93;21.09;5.68;13.26;25.28;23.69;NaN;30.51;26.59;13.02;58.68;19.63;32.14;46.12;37.12;32.69;46.05;22.78;11.63;11.00;26.92;9.05;44.44;43.92;5.28;18.98;28.32
2019.02.20 00:00;17.83;38.15;31.22;48.95;31.82;23.70;6.20;31.94;27.24;22.04;22.66;53.84;12.68;44.33;13.98;10.51;12.49;10.50;29.30;19.57;42.86;9.83;61.23;15.36;11.01;39.92;32.95;34.41;19.10;18.33;40.34;16.46;19.34;15.46;32.64;7.16;28.35;32.67;30.54;28.16;41.50;27.26;11.64;33.48;13.91;17.65;19.19;38.86;20.20;5.62;12.89;24.68;22.65;NaN;30.51;26.26;12.78;57.60;19.41;31.57;45.21;36.83;32.05;46.43;22.77;11.92;11.27;26.34;9.11;44.74;43.12;5.21;18.40;26.75
2019.02.21 00:00;18.00;37.49;31.03;49.17;32.10;23.48;6.15;32.03;26.98;21.69;22.07;53.49;12.65;43.60;14.10;10.32;12.45;11.05;29.57;19.62;42.43;10.75;61.86;15.20;10.99;39.88;34.43;35.60;19.49;18.04;40.36;16.35;19.07;14.78;32.58;6.92;27.40;32.18;30.63;27.62;41.42;27.88;11.96;34.09;13.60;17.43;19.04;38.77;20.03;5.58;12.94;24.51;23.28;NaN;30.68;26.61;12.58;58.39;19.44;31.98;45.37;37.85;31.19;47.13;22.18;11.92;10.99;25.04;9.33;44.33;43.21;4.67;18.48;27.39
2019.02.22 00:00;18.00;37.90;31.83;49.54;31.83;23.70;6.10;32.03;27.93;21.96;22.29;54.42;12.68;45.77;14.12;10.75;12.58;11.26;29.64;19.84;43.19;11.56;60.77;15.65;10.95;39.77;35.64;36.58;19.51;17.92;40.04;16.46;19.05;14.85;32.38;7.09;27.70;31.20;31.61;26.55;41.95;27.45;12.01;34.46;13.89;17.28;19.24;40.02;22.11;5.48;12.88;25.10;24.66;NaN;30.50;26.34;12.64;58.76;19.70;32.61;45.32;38.66;31.03;46.99;22.11;12.06;11.12;25.76;9.74;45.90;43.64;4.72;18.65;27.75
2019.02.25 00:00;18.06;38.20;32.08;48.73;31.51;23.89;6.35;31.92;28.05;21.65;22.24;54.41;12.82;46.52;13.99;10.56;12.77;11.10;29.53;20.21;42.25;12.21;60.37;15.76;10.95;40.02;35.14;36.27;19.40;17.98;40.13;16.39;19.06;14.94;33.03;7.09;27.10;32.05;30.70;25.90;42.03;27.48;11.93;33.94;13.65;17.45;18.85;39.75;21.59;5.49;13.00;25.00;24.78;NaN;29.77;25.93;12.68;58.44;19.33;32.77;44.41;37.98;31.65;47.48;22.16;11.94;11.28;26.23;10.03;46.03;43.26;4.97;18.15;27.23
2019.02.26 00:00;18.16;38.50;32.46;48.99;32.08;23.76;6.25;31.89;27.98;21.76;21.88;54.49;12.75;46.42;14.03;11.01;12.85;10.89;29.24;20.31;43.26;12.30;59.94;15.71;11.00;39.42;35.01;36.12;19.70;17.49;39.93;16.31;18.91;15.15;33.54;7.13;27.60;31.96;30.76;25.61;42.11;27.55;11.94;34.06;13.39;17.86;19.08;39.75;22.19;5.45;12.55;24.91;24.40;NaN;29.78;25.81;12.59;60.36;19.31;33.01;44.12;38.24;31.69;49.76;22.11;11.98;11.51;26.02;9.88;46.11;43.58;4.77;18.02;27.03
2019.02.27 00:00;18.04;37.90;31.97;48.43;31.72;24.03;6.31;33.50;27.88;21.73;21.60;53.71;12.68;47.58;14.34;10.79;13.16;10.96;28.89;19.34;42.64;11.82;59.23;16.12;11.20;40.01;36.67;37.43;19.35;18.05;39.78;16.19;19.30;15.10;33.18;7.18;27.40;32.15;30.89;26.25;41.06;26.45;11.77;33.76;13.45;17.40;19.62;39.44;21.88;5.38;12.83;24.98;24.02;NaN;29.93;26.30;13.01;64.87;19.20;32.55;43.68;38.35;30.30;47.60;22.26;11.72;11.73;26.54;9.70;45.74;43.01;4.64;18.27;27.10
2019.02.28 00:00;16.93;37.65;31.45;47.21;30.88;23.62;6.38;33.40;27.85;21.58;20.57;52.91;12.56;47.63;14.26;10.53;12.90;10.84;28.55;19.10;41.87;12.20;58.37;15.79;11.32;39.12;34.79;35.79;19.08;16.78;39.45;16.03;18.72;14.81;32.95;7.00;26.76;32.27;30.68;25.70;40.67;26.15;11.52;33.12;13.13;17.18;19.72;38.75;21.56;5.50;12.76;24.83;24.11;NaN;29.14;26.28;13.00;64.79;19.46;32.50;41.87;37.46;29.48;47.15;22.08;11.50;11.95;25.72;9.49;46.01;42.24;4.58;18.11;26.55
2019.03.01 00:00;16.46;36.75;30.57;47.88;30.37;23.24;6.39;33.26;27.70;21.28;20.52;53.54;12.29;48.57;13.98;10.47;12.59;10.74;28.46;18.85;40.87;12.91;57.87;15.65;11.10;38.36;33.53;34.44;18.96;16.93;39.14;16.09;18.72;14.71;32.27;6.92;26.52;32.06;31.14;25.60;40.12;26.47;11.44;32.76;13.80;17.06;19.48;38.80;21.78;5.59;13.04;24.30;23.67;NaN;28.50;25.93;12.79;63.25;19.10;31.60;41.28;37.51;29.68;48.04;21.77;11.29;12.09;25.08;9.53;45.66;41.93;4.54;18.03;26.42
2019.03.06 00:00;16.01;36.70;30.32;47.21;30.14;23.02;6.30;32.87;28.48;21.66;19.70;53.15;12.10;47.74;13.54;10.36;12.41;10.41;28.31;18.89;39.69;14.13;56.64;15.44;10.57;37.83;33.15;34.22;19.17;16.71;38.38;15.78;18.72;14.71;33.78;6.95;26.50;32.17;30.89;25.44;39.32;25.68;11.27;32.77;13.10;16.81;19.32;38.94;21.33;5.60;13.00;23.88;23.48;NaN;28.77;25.98;12.52;62.58;19.27;31.74;40.59;37.27;28.90;47.67;21.87;11.15;12.43;24.98;9.45;46.94;41.45;4.39;18.27;25.43
2019.03.07 00:00;16.33;36.40;29.82;47.06;30.35;22.92;6.40;31.88;28.86;21.85;19.49;53.01;12.15;47.30;12.73;10.34;12.33;10.25;28.04;18.78;39.70;13.74;56.57;15.66;9.98;37.53;31.22;32.24;19.11;16.69;38.15;15.68;18.76;14.51;33.97;6.88;26.73;32.29;31.16;25.13;39.56;25.42;11.46;33.22;12.77;16.83;19.17;38.33;22.02;5.66;13.11;23.39;23.26;NaN;28.52;25.99;12.50;62.19;19.43;31.15;41.00;36.75;29.06;48.10;21.74;11.10;12.10;25.33;9.46;47.73;41.68;4.41;18.21;25.05
2019.03.08 00:00;16.23;37.06;30.32;48.71;30.78;23.01;6.47;31.99;28.80;21.98;19.86;53.47;12.42;49.15;12.82;10.50;12.63;11.04;28.29;18.81;40.30;12.83;57.00;15.92;10.06;38.18;32.37;32.97;19.29;17.06;38.82;16.10;19.24;14.49;33.16;6.92;27.15;32.46;31.76;25.03;40.49;26.77;11.67;33.62;12.85;17.15;19.61;39.27;22.48;5.63;13.47;24.00;23.96;NaN;28.30;25.90;13.05;66.17;19.72;31.84;41.37;37.33;29.35;46.53;22.08;11.43;11.99;25.62;9.50;47.72;42.31;4.68;18.49;27.08
2019.03.11 00:00;16.74;39.45;31.55;50.20;32.02;23.98;6.75;33.06;29.49;21.36;20.33;53.78;12.68;49.72;12.91;10.78;12.85;11.35;28.37;19.16;42.04;13.57;58.27;16.02;10.20;38.23;33.27;34.78;19.22;17.21;38.76;15.88;19.74;14.68;32.54;6.95;26.44;32.69;32.93;25.26;40.74;26.74;11.99;34.72;12.95;17.04;20.09;40.86;22.69;5.63;13.72;24.54;23.91;NaN;29.90;26.95;13.05;66.37;19.78;33.10;42.86;38.94;29.70;46.84;22.57;11.65;11.93;26.04;9.82;48.72;42.85;4.76;18.66;27.16
2019.03.12 00:00;16.63;40.21;31.70;49.89;32.12;24.05;6.82;32.74;29.83;21.66;20.05;52.96;12.62;47.18;13.20;10.63;13.09;11.10;28.62;19.19;42.01;13.21;57.52;15.56;10.22;39.10;32.82;34.13;18.85;16.85;39.64;16.10;19.76;14.45;32.56;6.93;26.65;32.67;33.05;25.90;40.59;26.49;12.03;34.80;13.39;16.82;19.61;40.43;22.23;5.99;13.80;24.36;24.49;NaN;29.41;26.70;13.27;66.46;19.78;32.90;42.58;40.64;30.02;45.72;22.86;11.61;11.87;26.20;9.84;48.81;42.51;4.84;18.69;27.27
2019.03.13 00:00;16.53;40.50;31.92;50.66;32.42;24.31;6.78;33.50;30.29;21.68;20.30;53.17;12.76;45.59;13.45;10.46;13.17;10.97;28.84;19.59;42.16;14.44;55.97;15.96;10.42;40.31;33.21;34.55;18.82;17.42;41.11;16.09;19.99;14.76;32.09;7.08;27.53;32.18;32.52;26.76;40.88;26.22;12.11;35.17;13.80;17.09;19.65;39.72;22.04;5.91;13.86;24.43;24.26;NaN;30.20;27.29;13.66;69.44;20.16;32.31;43.88;40.96;29.96;45.60;23.16;12.04;12.13;26.55;9.92;49.53;43.16;4.62;18.86;27.08
2019.03.14 00:00;16.30;41.28;31.82;50.28;32.50;23.81;6.84;33.34;30.09;21.80;20.75;53.83;12.63;46.94;13.38;10.36;13.09;10.92;28.59;19.57;41.87;14.36;55.72;15.93;10.35;40.79;33.01;34.54;18.79;17.34;41.01;16.00;19.87;14.54;32.14;7.02;26.90;30.59;32.27;26.52;40.62;26.15;11.91;34.62;14.07;16.77;19.43;39.58;21.94;5.91;13.67;24.07;23.53;NaN;30.54;27.37;13.67;68.40;20.30;32.60;43.38;41.58;29.66;45.50;22.87;12.08;12.41;26.54;10.25;49.54;43.00;4.64;18.77;26.79
2019.03.15 00:00;16.39;41.50;32.48;50.71;32.63;24.31;6.72;34.70;30.32;22.26;22.22;53.11;12.35;46.25;13.10;10.20;13.18;10.65;28.36;19.77;42.43;14.55;54.20;15.84;10.06;41.06;34.29;35.50;19.75;17.56;41.79;16.07;20.15;14.88;33.23;7.15;27.70;30.00;31.65;26.89;40.68;25.89;11.94;34.61;14.51;16.96;19.54;39.39;22.03;6.00;13.48;24.31;23.25;NaN;30.86;27.43;13.59;68.01;20.54;32.36;43.59;41.65;29.66;46.20;23.19;12.45;12.17;26.85;9.97;49.38;43.92;4.54;18.94;26.02
2019.03.18 00:00;16.93;42.22;32.95;50.33;32.80;24.11;7.13;35.41;30.20;22.34;23.29;53.16;12.20;47.83;12.99;10.47;13.33;10.86;28.46;20.25;43.12;15.20;56.61;15.96;9.95;41.14;34.36;35.82;19.74;17.63;41.70;16.18;20.07;15.29;33.13;7.32;28.96;29.11;31.21;26.85;40.34;26.39;12.02;34.66;15.20;17.01;19.40;39.92;22.43;6.24;13.60;24.19;23.16;NaN;31.49;27.91;13.67;67.28;20.46;32.54;43.69;41.90;29.72;47.03;23.15;12.44;12.36;26.59;10.18;49.29;44.13;4.59;18.77;26.21
2019.03.19 00:00;16.82;42.07;33.26;49.25;32.10;24.04;7.12;35.51;30.93;22.84;23.06;52.28;12.08;49.15;12.59;10.78;13.28;10.76;28.60;20.16;43.87;14.62;58.02;16.62;9.81;41.06;34.67;36.01;19.46;17.31;41.41;15.97;20.01;15.61;35.16;7.48;30.53;30.04;30.89;25.90;40.17;26.74;11.84;33.85;14.65;16.71;19.65;39.79;22.46;6.12;13.62;23.89;23.24;NaN;31.98;28.35;13.58;67.85;19.46;32.21;42.98;41.56;29.72;44.89;22.88;12.40;12.07;25.98;10.72;50.70;44.04;4.64;18.77;26.16
2019.03.20 00:00;16.63;41.17;32.66;48.15;31.23;23.66;7.28;35.36;30.23;21.98;22.95;51.62;12.06;49.15;12.43;10.46;12.92;10.89;28.45;19.92;44.01;14.82;57.71;16.50;9.90;40.40;33.82;35.76;19.22;16.87;41.06;15.85;19.74;15.39;32.83;7.30;30.80;29.78;30.22;25.80;39.62;26.74;11.63;33.09;14.64;16.47;19.16;39.40;22.58;6.10;13.33;23.90;22.96;NaN;32.18;28.13;13.51;65.38;19.35;31.60;42.09;40.92;28.54;43.40;22.45;12.18;12.10;25.68;10.53;49.39;43.95;4.58;18.45;26.06
2019.03.21 00:00;16.61;40.95;32.10;47.14;30.54;23.27;7.16;34.72;30.30;21.63;22.70;50.76;11.94;46.05;12.33;10.04;12.67;10.70;28.07;19.37;44.50;14.53;57.11;15.88;9.64;39.68;33.26;34.72;19.10;16.92;40.53;15.76;19.50;15.43;32.74;7.26;29.25;29.69;30.11;25.50;39.60;26.63;11.45;32.51;14.32;16.49;18.09;38.55;22.65;5.94;12.95;23.66;22.42;NaN;31.53;27.73;13.38;65.87;19.30;31.17;41.36;39.94;28.44;44.76;22.03;12.24;12.07;24.96;10.26;49.71;43.50;4.55;18.25;25.68
2019.03.22 00:00;16.36;39.45;31.22;44.57;29.46;22.68;6.95;34.19;29.57;20.92;22.20;50.47;11.73;41.86;11.72;9.64;12.34;10.74;28.20;19.21;43.30;13.95;54.38;15.00;9.18;38.81;31.73;33.12;18.70;16.61;40.01;15.56;19.19;14.72;31.85;6.92;27.36;29.50;29.50;24.99;38.35;26.87;11.13;31.55;13.97;16.34;16.63;38.26;21.54;5.72;12.58;23.19;20.68;NaN;30.03;26.22;12.88;65.78;18.52;30.31;40.31;38.20;28.12;45.30;21.64;11.97;12.48;24.06;9.86;48.89;43.38;4.33;17.92;24.89
2019.03.25 00:00;16.16;39.02;31.15;44.89;29.53;22.89;6.89;34.31;29.51;21.01;21.85;49.80;11.84;40.57;11.72;9.30;12.66;11.08;28.32;19.49;41.66;13.89;54.00;14.70;9.33;39.34;32.55;33.46;18.55;16.87;39.30;15.61;19.08;14.65;32.04;6.93;27.74;29.40;29.92;24.63;38.55;27.26;11.16;31.60;14.11;15.98;16.33;37.69;21.52;5.84;12.56;23.04;19.98;NaN;29.91;26.55;12.71;64.47;18.55;30.45;40.77;38.56;28.19;46.13;21.81;11.85;12.46;23.77;10.05;48.40;42.61;4.33;17.80;25.42
2019.03.26 00:00;16.62;39.77;31.94;45.95;29.72;22.70;7.10;35.46;30.07;21.76;22.34;50.17;11.85;41.58;11.78;9.30;12.77;10.97;28.71;19.78;41.92;14.77;54.81;15.01;9.59;39.95;33.97;34.83;18.65;17.12;40.09;15.75;19.74;15.01;32.49;7.02;27.65;30.09;29.88;24.45;38.07;27.29;11.22;31.93;14.78;16.21;16.39;37.95;21.95;5.97;13.09;23.23;21.92;NaN;31.16;27.80;12.98;65.53;18.43;30.68;40.73;39.55;28.27;46.10;21.83;11.96;12.79;23.57;10.07;49.11;42.77;4.36;17.76;25.68
2019.03.27 00:00;16.18;37.69;30.14;43.40;28.69;22.46;6.82;33.06;29.64;20.66;21.94;48.56;11.39;38.57;11.33;9.05;11.89;10.24;28.54;19.13;40.38;14.01;52.65;14.31;9.38;39.10;31.52;32.79;18.39;16.17;39.07;15.21;19.14;14.43;31.74;6.73;25.24;29.19;28.77;24.43;36.76;26.92;10.66;30.85;14.29;16.20;15.64;36.79;20.88;5.73;12.58;22.44;21.76;NaN;29.72;26.55;12.22;63.86;17.95;29.60;38.76;38.08;28.08;46.96;21.27;11.38;12.60;22.69;9.32;48.45;41.95;4.11;17.20;24.24
2019.03.28 00:00;16.38;37.25;30.91;44.92;30.15;22.75;6.99;33.78;29.56;21.31;22.60;49.99;11.68;40.84;11.82;9.27;12.20;10.78;28.60;19.58;40.39;14.62;54.47;14.81;9.72;40.50;33.76;34.22;18.53;16.79;39.88;15.42;19.48;14.66;32.14;6.92;25.70;30.25;29.86;24.75;37.86;26.83;11.24;32.07;15.12;16.41;16.01;37.94;21.23;5.98;12.92;23.22;22.21;NaN;30.22;27.25;12.87;64.53;18.64;30.54;40.19;39.04;28.12;45.90;21.79;11.45;12.92;23.13;9.51;48.16;42.96;4.18;17.79;26.22
2019.03.29 00:00;16.46;38.27;30.96;45.57;30.66;22.94;7.03;35.41;30.83;20.44;22.65;49.51;11.84;41.59;11.77;9.24;12.45;10.48;28.35;19.66;40.87;15.15;54.72;15.03;9.59;40.54;34.52;34.78;18.45;16.47;39.84;15.61;19.77;14.91;32.69;6.98;25.99;30.45;30.38;24.75;37.88;27.51;11.17;32.38;15.56;16.22;16.61;39.29;21.49;5.98;13.14;23.07;22.62;NaN;30.40;27.25;13.15;64.82;19.15;31.17;40.97;39.99;29.10;46.05;21.94;11.47;12.92;22.93;9.86;49.75;43.22;4.22;17.74;25.63
2019.04.01 00:00;16.45;38.94;31.40;46.02;30.91;22.82;7.09;35.46;31.88;20.70;23.00;50.31;11.74;41.37;11.77;9.36;12.44;10.23;27.63;19.67;41.78;15.78;54.29;14.89;9.40;41.13;35.04;35.68;18.70;16.99;39.84;15.61;19.92;15.84;33.29;7.42;25.74;30.53;30.84;25.12;37.52;27.74;11.17;32.14;15.86;16.73;16.85;39.28;21.29;6.05;13.29;22.89;22.66;NaN;30.13;27.19;13.08;64.12;18.73;31.15;41.51;40.14;29.83;47.35;22.04;11.48;12.87;22.98;10.04;51.38;43.33;4.27;17.81;25.73
2019.04.02 00:00;16.40;38.80;31.48;45.62;30.51;23.57;7.22;35.46;31.02;20.73;22.95;48.34;11.91;40.67;11.86;8.90;12.09;10.22;27.44;19.70;41.23;15.74;54.02;14.82;9.17;40.34;33.66;34.31;18.61;16.78;40.17;15.67;20.35;15.84;32.89;7.36;25.41;30.80;30.71;24.96;37.72;27.80;11.07;31.63;15.50;16.71;16.62;38.81;20.65;5.91;13.11;23.05;22.72;NaN;30.26;27.47;13.19;65.20;19.16;31.26;40.91;38.47;29.75;47.53;22.10;11.35;12.79;22.69;9.53;50.43;42.83;4.55;17.99;26.20
2019.04.03 00:00;16.47;38.96;30.42;45.13;30.17;24.04;7.10;35.88;31.17;21.10;23.00;47.37;11.55;40.24;11.71;8.61;12.26;10.12;27.16;19.72;42.26;15.97;52.77;14.53;9.00;41.14;33.36;33.89;18.46;16.66;39.65;15.52;20.73;15.76;33.78;7.35;25.49;29.86;30.32;24.88;37.67;28.19;10.96;31.35;15.25;16.57;16.35;38.75;21.02;5.90;12.90;23.01;22.56;NaN;29.62;26.74;12.97;65.02;18.84;30.12;40.53;38.85;29.74;46.39;22.04;11.45;13.19;22.35;9.52;50.58;43.23;4.38;18.20;26.14
2019.04.04 00:00;16.94;38.79;31.55;45.68;30.95;24.22;7.16;37.66;31.71;21.89;23.56;47.51;11.78;40.47;12.35;9.10;12.52;10.73;26.97;19.81;42.10;15.83;52.57;14.93;9.34;41.62;34.02;34.76;18.80;17.02;39.72;15.83;21.90;15.96;33.93;7.51;25.79;29.01;30.11;25.01;38.04;27.75;11.01;31.82;15.42;16.01;16.55;39.47;21.01;6.23;13.10;23.34;22.86;NaN;30.60;27.64;13.17;66.86;18.89;30.08;41.82;39.30;29.38;44.95;22.12;11.97;13.85;23.03;9.51;50.95;44.47;4.38;18.54;27.19
2019.04.05 00:00;17.06;37.45;31.71;45.94;31.20;24.49;7.48;37.12;31.23;21.64;23.82;47.39;11.80;40.58;12.35;9.06;12.58;10.55;27.38;19.57;44.07;15.67;53.09;15.13;9.27;41.78;33.63;34.45;19.38;17.16;39.89;16.16;21.94;15.53;33.88;7.38;25.47;28.46;30.04;25.32;37.96;28.67;11.26;32.50;16.22;16.38;16.54;39.47;21.13;6.66;13.40;23.51;22.97;NaN;31.28;27.95;13.40;68.35;18.50;30.06;42.82;38.48;30.48;44.71;22.61;12.11;13.64;22.93;9.47;50.78;45.16;4.53;18.79;27.53
2019.04.08 00:00;16.97;36.05;31.80;46.01;31.25;24.44;7.47;37.16;32.13;21.10;24.08;47.21;11.52;38.56;12.62;8.97;12.85;10.46;27.27;19.72;44.34;15.99;51.67;14.96;9.38;42.05;32.60;33.26;19.35;17.31;39.82;16.09;22.05;15.61;32.79;7.43;24.29;27.72;29.83;24.84;37.03;29.12;11.25;32.31;16.86;16.47;15.94;38.40;20.73;6.80;13.15;23.00;22.64;NaN;31.95;28.40;13.40;67.50;18.17;29.57;42.60;38.69;31.14;44.90;22.91;12.14;13.73;22.25;9.32;52.15;45.52;4.37;18.48;27.56
2019.04.09 00:00;17.30;35.75;30.86;45.32;31.13;23.96;7.45;36.63;31.59;20.86;24.47;46.40;11.41;37.43;12.60;9.11;12.60;10.19;26.98;19.47;43.12;15.59;50.57;14.91;9.45;40.70;31.30;32.15;18.87;17.07;39.30;15.73;22.29;15.37;32.44;7.27;23.79;27.82;29.30;24.56;36.22;28.70;11.08;32.13;16.52;16.09;15.54;38.16;20.67;6.77;12.96;22.56;22.22;NaN;31.67;28.31;13.46;66.81;18.03;28.85;41.92;38.05;31.02;44.22;22.68;12.02;13.68;22.07;9.23;51.14;44.22;4.34;18.24;26.86
2019.04.10 00:00;17.17;36.05;30.98;45.66;30.68;23.86;7.50;37.17;31.30;20.66;24.98;46.32;11.62;36.10;12.48;9.46;13.14;10.27;26.98;19.60;44.36;15.02;51.77;15.19;9.75;40.59;31.93;33.20;18.79;16.58;39.30;15.61;21.85;15.30;32.51;7.15;24.33;28.02;29.32;24.17;36.94;28.17;11.02;32.07;16.72;15.67;15.25;38.29;20.97;6.80;13.24;22.69;23.15;NaN;31.50;27.95;13.51;66.07;18.16;29.78;42.29;38.08;30.63;42.66;22.73;12.07;13.74;22.21;9.25;50.56;43.93;4.31;18.06;26.00
2019.04.11 00:00;16.87;34.78;30.28;45.14;30.19;23.63;7.48;36.49;31.32;20.25;25.20;47.91;11.21;38.02;12.78;9.13;12.95;10.38;26.45;19.43;43.12;14.54;52.02;14.70;9.74;39.87;31.08;32.88;18.60;16.25;38.80;15.51;21.61;14.96;33.74;7.02;23.48;28.33;29.08;24.12;36.29;28.49;10.88;31.33;16.51;15.75;15.40;37.58;20.63;6.72;12.76;22.09;22.68;NaN;31.09;27.19;13.34;65.52;18.05;29.98;41.76;38.08;31.06;42.43;22.38;12.03;13.82;21.73;9.09;50.59;44.18;4.29;17.97;25.97
2019.04.12 00:00;16.69;33.75;29.57;43.71;29.92;23.70;7.16;36.57;31.12;19.42;25.63;47.74;10.75;37.04;12.41;9.01;12.55;10.22;26.83;19.17;42.20;15.06;50.97;14.55;9.19;39.88;29.45;31.25;18.57;16.30;38.22;15.36;21.23;14.79;33.17;6.99;23.33;27.79;29.03;24.25;35.25;28.79;10.77;31.00;17.24;15.55;15.10;37.28;20.49;6.51;12.58;21.50;22.97;NaN;28.43;25.08;13.12;65.52;18.19;29.94;41.85;36.99;31.31;42.03;22.00;11.75;13.87;21.47;9.02;50.29;43.70;4.16;17.98;25.64
2019.04.15 00:00;17.04;32.70;30.02;43.83;29.85;23.60;7.11;36.87;31.07;20.22;26.05;47.40;10.99;36.38;12.08;8.78;12.61;10.06;26.93;19.40;43.09;15.12;50.87;14.58;8.80;40.17;29.92;31.28;18.21;16.78;38.71;15.58;21.27;14.56;32.83;6.97;22.78;28.21;29.47;24.10;35.72;28.73;10.75;30.98;17.52;15.16;15.15;37.05;20.32;6.74;12.83;21.75;22.92;NaN;28.41;25.18;13.17;65.40;18.21;30.64;41.77;37.72;31.29;41.99;22.57;11.64;13.86;21.77;8.91;50.14;43.53;4.15;18.13;26.17
2019.04.16 00:00;17.15;33.18;30.31;44.74;29.80;23.89;7.31;36.88;32.06;20.08;27.68;47.33;11.36;35.05;11.93;8.79;12.58;9.86;26.52;19.57;44.03;14.56;49.90;14.45;8.65;40.66;30.03;31.49;18.70;16.51;38.95;15.48;21.11;14.86;32.84;7.06;22.81;28.08;29.22;24.12;35.72;28.64;10.85;30.95;19.01;15.23;15.03;37.03;20.27;7.24;12.88;21.94;22.90;NaN;29.43;25.95;13.08;66.31;18.15;30.81;42.48;39.08;31.49;41.11;22.73;12.00;13.81;22.12;8.79;51.87;44.14;4.01;18.48;26.02
2019.04.17 00:00;16.68;31.70;29.97;44.15;29.39;24.08;7.30;37.13;31.65;19.64;28.23;47.53;11.41;35.74;11.60;8.67;12.34;9.70;26.51;19.47;42.97;14.31;49.38;14.41;8.44;40.16;29.55;30.83;19.03;16.56;38.32;15.24;20.81;14.76;32.39;7.03;22.00;27.77;28.48;24.19;35.94;28.64;10.70;30.47;18.67;15.75;14.82;36.68;19.91;7.11;13.15;22.00;22.72;NaN;29.46;25.97;13.26;64.28;17.61;30.63;41.17;38.84;30.66;40.85;22.67;11.56;13.90;21.70;8.65;51.04;43.67;3.92;18.24;26.10
2019.04.18 00:00;16.71;33.63;30.79;45.69;29.79;23.62;7.20;37.13;31.71;19.90;27.61;47.00;11.52;37.33;12.01;8.03;12.62;9.79;26.65;19.77;44.46;14.24;52.29;14.69;8.80;40.22;30.43;31.66;19.32;16.57;39.03;15.59;20.99;14.71;32.36;7.05;23.89;28.22;29.38;23.97;36.40;28.00;10.81;30.89;17.83;15.57;15.04;38.59;21.28;6.93;13.51;22.78;22.92;NaN;30.02;26.80;13.38;64.61;17.86;30.89;42.44;39.36;30.33;40.59;23.02;11.78;13.35;22.09;8.86;51.36;44.33;3.95;18.36;26.93
2019.04.22 00:00;17.12;33.98;30.79;45.22;30.04;23.87;7.34;37.17;31.27;20.48;28.00;47.39;11.65;36.55;11.85;7.81;12.82;9.99;26.86;20.45;44.55;13.85;53.67;14.79;8.57;40.68;30.67;31.98;19.51;16.73;39.74;15.61;21.07;14.73;33.04;6.97;23.19;28.41;29.08;24.24;36.90;28.54;10.77;30.80;18.56;15.43;15.29;39.43;20.83;7.03;13.67;23.04;22.20;NaN;30.13;26.64;13.47;65.52;17.35;31.14;43.07;39.61;30.00;40.65;23.26;11.83;13.64;21.66;8.81;50.11;44.09;3.84;18.48;26.34
2019.04.23 00:00;17.28;34.17;31.65;46.13;30.77;23.89;7.99;38.59;31.56;21.49;29.92;47.27;11.80;38.55;12.01;8.13;12.99;9.76;26.98;20.57;45.34;14.16;54.61;15.34;8.72;41.20;31.70;32.53;19.18;17.21;39.54;15.61;21.61;14.51;33.76;6.87;23.98;28.98;29.76;24.10;37.46;29.50;11.05;31.20;19.27;15.57;15.06;39.43;21.30;7.52;13.85;23.09;21.85;NaN;30.37;26.88;13.62;66.51;17.13;32.13;43.19;39.99;31.39;41.01;23.13;11.73;14.03;22.01;8.75;50.72;44.14;3.93;18.97;25.92
2019.04.24 00:00;17.33;33.48;32.29;45.19;30.56;24.05;7.95;38.80;30.65;20.97;29.82;46.61;11.79;37.09;11.86;7.77;12.80;9.61;26.88;20.20;44.65;13.75;53.42;15.08;8.42;41.00;30.43;31.85;19.31;16.94;39.61;15.55;21.44;14.38;34.89;6.82;23.21;29.06;29.54;24.10;37.43;29.34;11.05;31.24;18.59;15.48;14.81;39.11;21.49;7.08;13.44;23.17;22.31;NaN;29.85;26.80;13.46;66.14;17.22;31.61;42.28;40.60;31.10;41.69;23.27;11.55;14.17;20.87;8.50;49.19;43.63;3.93;18.53;26.83
2019.04.25 00:00;17.91;33.25;33.51;45.93;30.92;24.68;8.16;39.03;30.76;21.62;30.72;46.00;11.78;36.58;11.85;7.72;13.01;9.76;27.07;20.61;44.04;13.53;54.97;15.54;8.45;41.63;31.26;32.81;19.17;17.05;40.09;15.76;21.86;14.36;35.88;6.91;23.25;29.53;30.66;24.87;37.45;29.55;11.23;31.72;20.02;16.30;15.22;41.37;21.80;7.45;13.63;23.46;24.55;NaN;29.92;26.99;14.35;67.46;17.22;32.34;42.78;42.18;31.24;43.34;23.10;11.45;14.19;20.74;8.61;49.16;43.86;4.02;18.77;27.09
2019.04.26 00:00;17.89;33.61;32.88;46.16;30.83;24.47;7.93;39.25;31.04;21.21;30.50;45.18;11.78;36.70;12.02;7.50;12.99;9.76;26.98;20.66;43.66;13.83;55.68;15.64;8.46;42.03;31.28;32.89;19.23;17.32;39.84;15.78;20.37;14.16;35.67;6.76;23.08;29.38;32.20;25.73;37.36;28.54;11.21;31.80;18.88;16.21;15.29;41.73;22.30;7.20;13.65;23.81;24.96;NaN;29.66;26.48;14.60;67.26;17.65;33.82;42.77;44.17;31.24;42.75;23.00;11.43;14.30;20.09;8.52;49.25;43.81;4.03;18.80;26.93
2019.04.29 00:00;17.95;33.66;33.15;46.18;30.42;24.74;8.28;39.71;30.77;22.05;30.48;46.66;11.62;37.05;11.58;7.71;12.94;9.72;27.07;20.75;44.29;13.47;56.21;15.89;8.25;42.36;31.09;32.87;19.57;17.12;40.23;15.77;20.37;14.18;34.38;6.80;23.08;29.43;32.28;27.27;37.33;28.61;11.01;31.54;18.91;16.00;15.31;42.00;22.24;7.20;13.81;23.82;26.08;NaN;29.52;26.60;14.88;67.75;17.56;34.18;42.89;45.29;30.41;42.51;23.13;11.46;14.46;20.53;8.52;49.09;43.91;4.12;18.48;26.65
2019.04.30 00:00;18.07;34.00;33.20;46.47;30.50;24.45;8.40;40.48;30.83;23.01;31.05;46.47;11.59;37.68;11.72;7.48;13.20;9.66;27.74;20.75;44.91;13.56;56.76;16.42;8.11;42.23;31.55;33.13;19.64;17.04;41.07;16.02;20.11;13.94;35.00;6.68;22.86;30.08;32.58;27.06;37.81;28.31;11.11;31.83;19.32;15.81;15.57;42.30;23.83;7.32;13.63;23.63;26.03;NaN;29.24;26.34;14.99;68.64;18.10;34.13;42.15;45.69;30.47;40.73;23.22;11.37;14.61;20.49;8.54;48.94;43.74;4.10;18.31;26.68
2019.05.02 00:00;17.56;34.60;32.67;46.57;30.52;24.59;8.65;39.96;29.77;23.12;30.76;44.82;11.50;36.25;11.86;7.29;13.21;9.46;28.16;20.94;44.78;12.95;57.35;15.77;8.05;41.20;31.13;32.64;19.71;17.03;41.27;16.01;19.54;13.79;35.30;6.59;22.64;30.17;32.20;26.99;36.93;29.09;11.15;32.04;19.08;15.90;15.41;41.25;23.76;7.16;13.36;22.99;25.15;NaN;28.80;25.97;14.99;68.60;17.54;33.91;42.42;45.05;29.88;41.94;23.40;11.24;14.44;20.95;8.36;47.81;43.39;4.14;18.50;26.55
2019.05.03 00:00;17.53;36.08;32.84;46.85;30.84;24.25;8.77;39.66;30.85;22.14;30.72;44.83;12.00;37.55;12.01;7.19;12.96;9.35;28.01;21.01;44.25;13.99;56.85;15.50;8.25;40.41;31.07;32.78;19.51;17.06;41.14;15.82;20.01;14.02;35.18;6.72;23.78;30.30;32.40;27.06;37.90;30.18;10.98;31.73;20.06;15.84;15.55;40.99;24.45;7.11;13.58;23.84;24.91;NaN;28.85;26.09;15.03;68.76;17.65;33.80;42.02;45.40;28.81;41.99;23.18;11.17;13.94;20.70;8.78;49.23;43.40;4.52;18.38;25.95
2019.05.06 00:00;17.67;35.00;32.48;46.18;30.01;24.67;8.87;39.42;30.23;22.16;31.05;43.93;11.80;38.22;12.32;7.39;12.95;9.26;28.14;20.79;43.92;13.93;56.23;15.52;8.54;40.50;31.47;32.84;19.30;17.10;41.33;15.68;19.75;13.87;34.67;6.63;23.38;30.41;32.55;27.33;37.59;29.70;10.67;31.03;19.84;15.50;15.43;40.66;24.94;7.00;13.60;23.75;25.38;NaN;28.83;26.01;14.85;68.05;17.61;33.29;41.20;45.15;29.75;41.33;23.10;11.12;13.81;20.75;8.69;48.51;43.02;4.56;18.09;25.62
2019.05.07 00:00;17.27;35.28;32.44;46.29;29.82;23.86;8.70;39.22;30.44;22.94;31.05;42.86;11.48;36.53;12.23;7.30;12.86;9.16;28.27;20.36;43.63;13.87;56.60;15.68;8.28;40.15;31.36;32.56;19.20;17.16;41.61;15.71;19.57;14.01;34.30;6.60;23.58;32.56;32.17;27.72;37.44;30.00;10.67;30.68;19.32;15.37;14.94;40.92;23.94;6.82;13.90;23.46;25.56;NaN;28.52;25.60;15.05;67.53;17.60;33.04;40.92;46.76;30.57;40.99;23.21;11.16;13.41;20.89;8.37;48.55;43.34;4.72;17.88;26.16
2019.05.08 00:00;17.53;37.00;33.11;47.32;30.44;23.73;8.71;38.98;30.05;23.20;30.39;42.55;11.56;36.84;12.49;7.61;12.92;9.31;28.54;20.75;44.32;13.96;58.65;15.80;8.35;40.10;31.74;32.73;19.18;16.97;41.79;15.76;20.05;14.28;33.87;6.72;24.61;34.38;33.06;28.20;38.62;30.00;10.76;31.03;19.70;15.31;15.15;41.87;24.11;6.75;14.02;23.97;25.51;NaN;29.49;26.60;15.43;68.62;17.63;34.62;41.76;46.86;30.84;41.28;23.49;10.65;12.95;21.21;8.49;47.86;43.24;4.53;18.34;26.80
2019.05.09 00:00;17.11;38.00;32.67;47.73;29.91;23.89;8.65;39.26;29.97;23.77;30.73;39.42;11.62;35.61;12.45;7.49;12.84;9.52;28.69;20.12;43.33;13.94;58.65;15.93;8.53;40.29;31.40;32.42;19.21;17.13;41.96;15.91;19.63;14.03;33.39;6.63;24.93;35.34;32.91;27.79;38.13;30.00;10.72;30.64;20.33;15.88;15.60;40.79;23.16;6.50;14.65;23.88;25.41;NaN;28.66;26.07;15.66;67.84;17.35;34.26;41.02;46.47;32.80;44.16;23.45;10.63;13.18;21.28;8.42;47.42;43.01;4.74;18.28;27.39
2019.05.10 00:00;16.92;38.09;32.09;46.92;29.64;24.31;8.42;40.84;30.65;23.25;29.88;38.95;11.57;33.29;12.69;7.34;12.74;10.01;29.07;19.57;43.82;14.08;53.62;15.84;8.70;40.50;30.58;31.50;19.29;16.93;41.07;16.00;19.35;13.94;34.17;6.63;25.59;34.80;33.06;28.53;37.95;30.48;10.68;30.50;19.58;15.80;15.01;41.09;23.24;6.37;14.64;23.59;26.40;NaN;28.65;25.92;15.72;67.57;17.28;34.65;40.68;44.53;31.74;40.31;23.14;10.59;13.53;21.18;8.34;48.31;42.85;4.61;18.16;27.97
2019.05.13 00:00;16.64;36.60;31.17;45.25;28.90;24.22;7.75;40.84;29.24;22.89;29.98;36.23;11.19;31.82;12.47;7.17;12.23;9.91;28.78;19.38;43.56;13.41;49.50;15.42;8.33;40.28;29.04;30.73;18.91;16.66;40.69;15.66;19.00;13.60;34.83;6.41;23.80;34.60;32.34;28.10;37.54;29.50;10.49;30.02;19.29;15.20;14.76;40.15;22.43;6.32;14.45;22.87;25.86;NaN;27.83;25.17;15.21;67.06;17.11;33.01;39.70;41.42;31.28;38.13;22.59;10.31;13.57;20.49;8.10;46.33;42.44;4.73;17.74;27.78
2019.05.14 00:00;16.57;35.15;31.42;44.81;28.82;24.74;8.10;39.90;29.19;22.28;31.26;37.53;11.31;31.52;12.55;7.20;12.37;9.87;28.38;19.61;43.28;14.02;51.17;15.33;8.38;39.77;31.03;31.98;18.93;16.79;42.04;15.80;19.13;13.74;36.38;6.52;23.13;34.61;31.53;28.05;37.24;29.69;10.51;29.88;20.91;15.07;14.96;39.75;22.21;6.49;14.65;22.68;26.04;NaN;27.84;25.26;15.41;67.06;17.15;33.93;40.73;42.01;31.54;37.45;22.88;10.35;13.12;20.74;8.07;46.49;42.44;4.55;17.75;27.63
2019.05.15 00:00;16.25;34.63;31.32;44.07;28.51;24.44;8.05;39.13;29.29;22.08;31.53;37.49;11.18;31.85;12.38;7.22;12.09;9.35;28.10;19.77;42.88;14.02;50.00;14.73;8.27;39.96;30.86;31.93;18.14;16.64;42.10;16.21;19.25;13.71;37.07;6.39;22.74;34.80;30.52;27.69;36.59;29.25;10.49;29.98;21.51;14.93;14.97;40.41;21.55;6.35;14.54;22.35;25.91;NaN;27.64;25.15;15.89;65.84;16.94;33.95;40.33;41.05;31.32;36.80;22.34;10.37;13.08;20.68;7.87;46.84;42.39;4.30;17.74;26.87
2019.05.16 00:00;16.28;33.30;30.74;42.69;28.17;24.55;7.88;39.07;28.32;21.26;32.07;36.66;11.02;31.54;12.23;6.96;11.74;8.97;27.87;19.47;42.69;14.66;47.90;14.35;8.25;39.54;29.94;31.11;17.43;16.54;42.04;15.99;19.00;13.54;36.72;6.27;21.06;34.46;30.00;27.35;35.67;29.18;10.33;29.59;22.18;14.73;14.61;39.40;20.81;6.85;14.08;21.89;26.01;NaN;27.11;24.55;15.89;63.87;16.72;33.67;39.28;38.74;30.90;35.82;22.08;10.25;12.79;19.75;7.62;45.32;42.16;4.09;17.74;26.21
2019.05.17 00:00;16.13;32.66;30.55;41.95;28.39;24.07;7.87;38.34;28.86;20.78;31.65;35.68;10.87;31.91;12.09;6.66;11.55;8.72;27.32;19.43;41.39;15.05;46.43;14.09;8.27;38.29;29.53;30.87;18.15;16.82;42.25;15.72;18.51;13.54;36.87;6.30;20.57;34.59;28.50;27.44;35.26;30.00;10.33;29.65;23.04;15.02;14.44;39.11;21.03;6.75;13.90;21.28;26.81;NaN;26.90;23.98;15.87;63.31;16.90;32.88;39.16;39.02;32.18;38.00;21.58;10.35;12.63;18.90;7.81;46.61;42.52;4.03;17.87;25.91
2019.05.20 00:00;16.13;33.41;31.53;43.56;29.16;24.53;7.95;38.52;28.78;21.82;31.82;39.29;11.25;33.40;12.46;6.77;12.20;9.00;27.51;19.66;43.42;15.05;47.30;15.06;8.44;39.86;30.88;31.91;18.61;17.46;42.47;16.25;18.43;13.64;36.87;6.41;20.93;35.29;27.39;28.10;36.77;31.42;10.67;30.42;23.47;15.20;15.15;40.57;21.55;7.18;14.67;22.64;27.90;NaN;27.40;24.80;16.34;64.53;17.10;34.33;40.33;39.95;32.32;37.27;22.39;10.43;12.68;19.27;7.93;45.67;43.22;4.11;18.21;27.02
2019.05.21 00:00;16.72;35.24;33.08;46.05;30.36;24.52;7.84;41.63;29.18;22.75;30.04;41.97;11.58;34.08;12.99;6.90;12.84;9.41;28.36;20.01;44.30;16.26;50.30;15.46;8.79;40.22;32.42;33.23;18.87;18.30;43.22;16.54;18.96;14.15;38.47;6.65;22.38;36.40;28.67;28.92;37.74;31.33;11.00;31.59;21.93;15.80;15.40;41.69;22.35;7.04;14.98;22.98;28.00;NaN;28.11;25.74;16.91;66.51;17.49;34.25;41.74;39.76;32.99;36.98;22.53;10.46;13.45;20.21;8.34;46.31;43.67;4.31;18.53;27.58
2019.05.22 00:00;16.83;35.68;32.75;46.00;29.82;24.48;7.65;42.99;29.03;22.33;30.59;41.34;11.48;32.80;12.76;7.11;12.78;9.44;28.48;20.44;44.91;16.77;49.60;15.50;8.58;40.10;31.84;33.07;19.00;18.61;43.57;16.45;18.81;14.15;38.37;6.63;23.63;36.77;28.50;28.60;37.64;31.12;10.93;31.62;22.14;15.85;15.22;41.13;22.46;6.83;15.00;22.57;30.64;NaN;28.16;25.63;17.20;65.97;17.59;33.96;41.06;41.32;33.31;37.35;22.60;10.40;13.55;20.16;8.36;46.36;44.05;4.32;18.50;28.17
2019.05.23 00:00;16.83;35.31;33.10;46.07;29.67;24.84;7.96;43.01;29.08;22.41;30.90;41.65;11.48;31.03;12.74;7.30;12.69;9.57;28.39;20.80;44.89;16.58;48.00;15.24;8.65;39.60;31.60;33.09;18.74;18.49;42.94;16.29;19.01;13.81;38.54;6.44;23.73;37.28;28.11;29.00;37.62;30.99;10.89;31.56;21.77;15.45;14.96;41.00;22.48;6.79;14.99;22.72;28.03;NaN;27.67;25.19;17.11;65.21;17.81;34.29;39.89;40.15;32.94;36.81;22.70;10.26;13.07;19.47;8.07;46.71;44.43;4.20;18.23;27.58
2019.05.24 00:00;16.69;35.45;32.96;46.75;29.38;24.74;7.88;42.75;29.69;22.36;31.85;40.02;11.45;29.97;12.99;7.38;12.48;9.47;28.27;20.64;43.57;16.85;47.30;15.13;8.64;39.73;31.87;33.16;18.51;18.12;42.15;16.04;18.84;13.71;38.25;6.44;24.95;37.08;27.49;28.46;37.27;30.12;10.77;31.09;22.70;14.76;14.96;40.69;22.03;7.01;15.00;22.45;29.09;NaN;27.73;25.43;17.03;65.12;18.10;34.29;39.98;39.25;32.71;34.09;22.57;10.37;13.12;18.98;8.12;47.19;43.80;4.20;17.93;27.68
2019.05.27 00:00;16.84;36.45;33.45;47.67;29.80;25.34;8.01;43.23;30.53;22.42;31.50;40.17;11.51;29.99;13.35;7.06;12.68;9.95;28.17;20.84;44.13;17.80;47.70;15.50;9.08;39.88;32.21;33.19;18.82;18.20;42.54;16.19;19.00;13.68;38.62;6.42;25.59;36.93;27.44;28.91;37.76;29.93;10.80;31.20;22.00;14.85;15.14;41.27;22.18;7.08;15.64;22.84;30.57;NaN;28.13;25.58;17.02;65.24;18.30;35.11;40.87;40.83;32.55;34.41;22.66;10.42;13.12;19.18;8.15;49.03;44.19;4.26;18.02;28.81
2019.05.28 00:00;16.93;38.25;34.45;48.29;30.63;25.72;7.90;42.72;30.48;22.95;30.40;41.02;11.77;31.96;13.35;6.87;12.94;9.99;28.10;21.96;44.99;17.05;48.80;15.43;9.03;40.50;32.27;33.18;19.31;18.60;42.81;16.34;19.41;14.00;40.14;6.51;26.59;36.72;29.23;29.61;38.14;30.78;11.07;32.07;22.09;14.86;15.54;42.75;23.55;6.94;16.04;23.16;30.57;NaN;28.52;26.13;16.89;67.22;18.51;35.68;41.75;41.43;33.05;34.48;23.15;10.59;13.14;18.95;8.18;49.09;44.43;4.41;18.58;28.31
2019.05.29 00:00;16.88;38.15;34.80;48.24;31.24;25.43;8.05;45.00;30.37;23.88;28.73;41.15;11.96;31.75;13.32;6.58;13.22;9.98;28.13;22.11;45.43;16.35;48.85;15.62;9.05;40.91;32.45;33.48;19.28;18.44;42.25;16.48;19.40;13.91;40.71;6.51;26.59;36.92;28.96;29.44;38.42;31.03;11.34;32.68;20.69;14.92;16.02;42.78;23.58;6.78;15.97;23.51;30.37;NaN;28.29;25.83;16.73;68.89;19.17;35.96;42.13;43.20;32.62;33.25;23.02;10.55;13.21;19.57;8.18;48.55;44.27;4.58;18.81;28.29
2019.05.30 00:00;17.05;39.30;35.37;48.95;31.81;25.60;7.99;46.96;30.36;24.17;29.01;39.98;12.18;31.94;13.40;6.58;13.50;10.03;28.65;22.73;45.73;16.53;51.53;15.86;9.36;42.06;32.73;33.23;19.15;18.59;42.65;16.86;19.52;13.81;41.26;6.47;27.19;36.18;28.46;29.37;39.37;31.45;11.50;33.02;21.77;14.71;16.26;43.62;24.03;6.78;15.78;24.18;30.09;NaN;28.24;25.49;17.29;69.24;19.36;35.99;43.17;42.99;33.24;33.30;23.09;10.59;12.95;19.43;8.24;48.85;44.85;4.80;18.78;28.39
2019.05.31 00:00;17.17;39.20;35.25;48.85;31.73;25.82;8.20;45.71;30.17;24.80;27.70;41.61;12.15;30.93;13.57;6.52;13.65;10.30;29.06;22.70;46.15;16.18;51.62;16.11;9.46;44.07;33.20;34.11;18.95;19.31;44.22;17.01;19.19;13.73;40.86;6.40;27.08;36.57;28.60;29.13;39.61;30.72;11.56;32.94;21.37;14.98;15.99;43.71;24.42;6.83;16.15;24.50;29.89;NaN;27.64;24.91;17.56;68.91;19.36;35.88;42.79;42.98;34.09;32.08;23.86;10.70;12.95;20.18;8.12;47.86;45.42;4.70;18.77;28.91
2019.06.03 00:00;17.04;39.69;35.18;49.08;31.63;26.21;7.97;45.67;30.06;24.41;27.60;40.07;12.04;30.24;13.36;6.55;13.59;10.35;29.02;22.50;46.50;15.73;51.20;16.16;9.44;44.82;33.55;34.39;18.91;19.09;44.01;17.16;19.29;13.80;40.86;6.40;27.41;36.91;28.83;29.01;39.69;30.12;11.60;33.03;20.74;14.73;15.57;43.57;24.26;6.54;15.54;24.42;28.72;NaN;28.24;25.34;17.72;69.09;19.52;36.11;42.42;42.84;34.01;31.25;23.78;10.81;12.83;19.99;7.92;47.70;46.32;4.96;18.86;28.39
2019.06.04 00:00;16.97;40.00;35.03;49.88;31.79;26.44;8.12;45.69;30.18;24.27;28.06;33.21;12.28;30.04;13.39;6.43;13.78;10.61;29.19;22.55;47.26;16.42;50.22;16.47;9.48;44.25;33.96;34.76;18.68;20.01;44.47;16.99;19.29;13.72;40.76;6.37;28.21;36.00;28.81;28.14;40.61;30.54;11.63;32.97;21.86;14.58;15.70;42.94;24.23;6.77;15.78;24.85;28.60;NaN;28.41;25.54;17.76;69.91;19.30;35.84;42.44;47.53;33.17;30.74;23.88;10.74;13.09;19.83;8.19;47.97;47.17;4.86;18.74;28.08
2019.06.05 00:00;17.03;40.62;34.62;48.50;31.30;26.64;8.09;44.16;29.76;23.79;27.10;33.17;12.04;29.53;13.25;6.49;13.64;10.45;28.65;22.71;45.97;15.83;48.78;16.50;9.46;44.37;33.54;34.33;18.46;19.57;43.77;16.98;19.08;13.57;39.86;6.28;28.37;36.58;28.71;27.97;40.55;29.30;11.35;32.33;21.57;14.79;15.29;42.35;23.82;6.59;15.81;24.51;28.00;NaN;28.01;25.21;17.85;68.70;18.94;35.42;41.53;47.49;33.63;30.45;23.98;10.35;13.37;19.27;8.18;47.27;46.98;4.65;18.62;27.77
2019.06.06 00:00;17.26;42.69;35.95;49.74;31.99;27.03;8.01;46.79;30.11;24.57;27.41;32.39;12.17;30.37;13.38;6.72;14.10;10.18;28.13;22.58;46.77;16.24;49.00;16.67;9.63;43.84;34.78;35.36;18.42;19.56;43.82;17.06;19.66;13.52;40.53;6.28;29.36;36.53;27.84;27.92;40.42;28.60;11.48;32.67;21.49;14.94;15.38;42.78;23.67;6.59;16.44;24.87;28.25;NaN;28.45;25.62;17.82;69.09;19.04;36.12;41.78;47.31;33.18;29.95;24.47;10.54;13.18;19.52;8.16;47.67;46.79;4.95;18.62;26.90
2019.06.07 00:00;17.23;43.66;35.75;49.33;31.99;26.81;8.07;47.54;30.14;24.08;26.16;31.86;12.69;30.61;13.83;6.52;14.01;10.46;27.51;22.91;46.33;16.23;49.25;17.34;9.65;43.95;34.70;35.36;18.54;19.29;43.97;17.40;20.05;13.76;41.65;6.45;30.09;37.15;26.93;27.04;41.25;29.71;11.58;33.02;21.16;14.86;15.75;44.03;24.72;6.56;16.74;25.74;28.49;NaN;29.22;26.09;17.68;71.03;19.10;36.60;42.23;46.33;33.44;30.36;24.69;10.79;13.46;19.72;8.51;47.53;46.76;5.00;18.92;28.91
2019.06.10 00:00;17.27;44.10;35.90;48.87;31.62;26.63;8.06;46.32;30.10;23.64;27.20;31.97;12.66;31.43;13.92;6.40;13.59;10.40;26.75;22.77;46.03;16.86;48.61;17.13;9.61;42.90;34.17;34.82;18.48;18.84;43.21;17.18;20.35;14.01;42.02;6.61;30.98;38.43;27.06;27.97;41.37;29.72;11.41;32.61;21.52;15.01;16.07;44.44;25.23;6.57;16.58;25.78;27.82;NaN;28.73;25.98;17.96;72.08;19.13;36.53;41.39;46.08;32.96;30.77;24.64;10.77;13.92;19.69;8.61;47.22;46.86;5.06;18.95;29.30
2019.06.11 00:00;17.33;43.74;36.64;49.84;31.76;26.95;8.00;46.26;31.78;24.17;27.00;33.17;12.61;32.80;14.42;6.43;13.87;10.36;26.98;22.67;47.98;17.82;49.10;17.50;9.88;42.76;35.19;35.66;18.50;18.69;43.55;17.43;20.68;14.43;42.13;6.83;31.06;37.28;27.36;28.03;41.40;29.22;11.43;32.77;21.31;15.05;15.94;44.93;25.81;6.52;16.60;25.65;29.03;NaN;29.32;26.48;17.78;72.34;19.28;37.07;41.37;45.83;32.52;30.85;24.36;10.75;14.09;20.59;8.92;50.24;46.70;5.00;19.09;28.95
2019.06.12 00:00;17.29;43.62;36.28;49.37;31.39;26.89;8.01;46.22;31.58;23.93;27.00;33.30;12.71;31.33;14.30;6.31;13.51;10.31;27.36;22.15;47.16;16.83;48.67;17.28;9.89;41.86;34.79;35.24;18.63;18.77;44.19;17.25;20.51;14.32;42.19;6.72;30.78;36.59;26.72;27.95;41.18;29.18;11.38;32.58;21.63;14.98;15.63;45.06;25.31;6.51;16.16;25.82;28.23;NaN;28.89;26.17;18.26;73.46;19.30;36.78;41.30;45.38;33.10;30.26;24.15;10.77;14.12;20.17;8.71;50.30;47.22;4.84;19.40;28.56
2019.06.13 00:00;17.46;44.25;36.39;48.59;31.05;26.80;8.02;46.36;32.05;24.17;28.57;34.28;13.25;31.81;14.39;6.56;13.66;10.51;28.22;22.36;47.58;16.75;49.99;17.54;10.21;42.23;34.07;34.48;19.02;18.59;44.66;17.52;20.63;14.51;42.16;6.84;30.92;38.25;27.93;28.37;43.08;28.94;11.23;31.99;21.06;15.41;15.94;45.41;26.11;6.80;16.30;26.63;28.36;NaN;29.28;26.50;18.64;73.10;19.84;37.18;40.75;46.54;32.82;31.93;24.17;10.93;14.47;21.13;8.84;50.65;47.54;5.04;19.71;29.45
2019.06.14 00:00;17.26;43.79;34.46;47.73;31.00;26.71;8.17;45.78;31.71;23.92;29.10;33.60;13.35;30.68;14.21;6.51;13.43;10.44;27.96;22.06;46.29;16.40;50.55;17.55;10.37;41.49;34.06;34.60;18.67;18.45;44.53;17.65;20.26;14.21;40.76;6.68;30.43;37.60;27.29;27.95;43.28;28.22;11.19;32.00;20.65;15.20;15.93;45.50;26.36;6.71;16.60;26.83;28.48;NaN;29.55;26.38;19.07;73.76;19.77;37.14;40.62;45.34;32.31;32.50;23.91;10.74;14.85;20.98;8.57;50.21;47.51;4.97;19.64;28.84
2019.06.17 00:00;17.41;44.78;34.21;47.68;30.92;26.73;8.27;46.71;31.09;23.40;28.70;33.02;13.28;30.96;14.03;6.53;13.60;10.15;28.27;21.87;45.14;16.01;51.05;17.50;10.33;40.97;33.22;33.67;18.77;18.10;44.21;17.58;19.96;14.07;41.62;6.61;31.11;36.97;26.57;27.87;42.85;29.06;11.18;31.97;20.41;15.08;15.75;45.90;25.85;6.72;16.98;26.17;28.40;NaN;29.52;26.43;18.91;74.45;19.31;37.49;40.33;45.91;32.13;32.90;23.83;10.50;14.76;21.08;8.51;49.04;46.65;5.07;20.01;28.28
2019.06.18 00:00;17.66;45.25;36.73;48.80;31.19;27.73;8.20;47.80;32.42;24.00;28.20;34.58;13.36;32.73;14.21;6.65;13.49;10.21;28.31;22.27;45.72;16.52;50.79;17.96;10.48;41.56;33.24;33.72;18.73;18.06;44.09;17.69;20.05;14.59;41.54;6.91;32.07;37.78;26.76;27.75;43.57;29.62;11.40;32.79;20.12;15.35;15.83;46.15;25.93;6.61;17.61;26.69;28.26;NaN;29.97;26.76;19.24;74.43;19.75;37.84;41.36;45.60;32.70;33.38;24.01;10.91;14.68;20.83;8.69;50.80;47.39;5.07;20.34;28.09
2019.06.19 00:00;17.80;45.40;36.04;49.60;31.57;27.45;8.02;48.52;32.55;23.90;28.60;34.82;13.35;33.64;14.24;6.75;13.50;10.45;28.17;22.15;45.72;16.24;51.95;18.19;10.50;41.25;34.07;34.12;18.59;18.15;44.41;17.87;20.16;14.81;40.84;7.03;32.94;38.75;27.01;27.95;43.71;29.64;11.57;33.31;20.77;15.60;16.04;47.49;26.16;6.52;17.69;27.07;29.75;NaN;30.19;26.83;19.47;75.45;20.48;38.63;41.76;46.56;33.19;33.00;24.24;11.20;14.76;20.45;8.57;51.09;46.99;5.06;20.86;28.64
2019.06.21 00:00;18.05;44.26;38.31;49.99;32.29;27.86;7.95;49.25;32.46;24.27;28.66;34.53;13.87;34.03;14.74;7.18;13.63;10.83;28.15;21.52;45.25;16.14;53.27;18.33;10.89;41.09;33.51;33.61;19.13;18.20;44.80;18.00;20.35;15.07;40.88;7.09;32.32;39.12;27.66;28.63;44.57;29.99;11.77;34.06;21.57;15.59;16.41;46.63;26.49;6.55;18.60;27.61;29.48;NaN;31.12;27.57;19.43;73.91;20.88;38.58;42.79;45.45;33.40;33.76;24.13;11.54;14.26;20.89;8.60;51.22;47.15;5.10;21.12;29.30
2019.06.24 00:00;17.90;43.57;38.26;50.11;32.54;27.78;7.95;48.71;32.62;24.27;28.89;35.18;13.72;33.39;14.47;7.07;13.66;10.89;27.97;21.67;45.47;16.08;53.54;18.47;10.80;40.85;33.12;33.28;19.42;18.21;44.17;17.91;20.48;14.98;40.61;7.11;32.04;39.14;28.34;29.13;44.69;30.47;11.82;33.99;21.30;15.73;16.39;47.05;26.16;6.62;18.71;27.58;29.01;NaN;30.99;27.54;19.67;74.77;20.75;39.21;42.97;45.21;34.11;34.52;24.42;11.59;14.30;20.95;8.65;51.19;47.53;5.11;21.27;29.10
2019.06.25 00:00;17.77;42.60;36.30;49.65;32.27;27.47;7.94;48.42;31.74;23.58;28.75;34.71;13.42;32.31;14.16;6.85;13.30;10.62;27.51;21.38;44.23;15.73;51.51;17.92;10.51;40.37;31.87;32.70;18.93;17.71;43.38;17.60;20.33;14.60;40.22;6.91;31.51;38.46;27.87;28.04;43.83;29.79;11.75;33.57;21.41;15.53;15.97;45.88;25.73;6.53;18.01;27.02;28.28;NaN;30.05;26.82;19.30;72.47;20.29;38.08;42.29;44.92;34.08;33.60;24.10;11.43;14.00;20.31;8.38;50.19;46.97;5.04;20.86;27.96
2019.06.26 00:00;17.71;42.39;35.72;50.72;32.67;28.09;7.97;47.93;32.11;24.27;28.52;34.75;13.38;32.30;14.10;6.84;13.25;10.57;27.61;21.23;45.43;15.81;50.75;18.18;10.53;40.42;32.70;33.38;19.02;17.91;43.38;17.57;20.45;14.94;39.76;7.07;31.56;38.00;28.26;28.18;44.07;30.15;12.13;34.37;20.76;15.77;16.16;46.36;25.97;6.48;18.42;27.05;28.05;NaN;29.91;26.97;19.55;72.87;20.00;38.13;42.84;44.59;34.40;33.39;24.26;11.38;14.23;20.35;8.50;50.38;47.21;4.98;20.84;27.75
2019.06.27 00:00;17.66;42.47;36.39;50.83;32.52;28.06;7.91;48.61;32.24;24.27;29.10;33.94;13.31;32.15;13.93;6.79;13.55;10.90;28.06;21.28;45.23;16.11;50.25;18.52;10.60;40.61;32.90;33.55;18.96;18.55;44.39;17.88;20.74;14.84;39.82;7.02;31.72;38.72;28.81;28.29;44.32;29.97;12.09;34.13;20.61;15.91;16.23;46.57;26.00;6.35;18.46;26.84;28.14;NaN;29.26;26.54;19.76;75.52;20.40;38.06;42.68;44.97;35.56;33.78;24.37;11.28;14.30;20.01;8.58;50.50;47.45;4.97;21.05;28.47
2019.06.28 00:00;17.50;43.29;36.26;50.96;32.38;28.01;7.95;49.77;32.28;24.27;29.52;34.07;13.59;32.23;13.87;6.66;13.73;10.93;28.77;21.57;45.19;16.35;49.80;19.21;10.76;41.36;34.01;34.42;19.41;18.40;45.27;18.12;20.69;15.05;40.18;7.16;32.72;39.20;28.94;28.91;45.51;29.70;12.04;34.14;20.74;15.75;16.31;46.87;26.30;6.29;18.78;27.54;28.15;NaN;29.39;26.72;20.01;75.69;20.73;38.73;42.57;45.96;36.64;32.85;24.43;11.31;14.42;19.62;8.85;50.62;47.18;5.07;21.05;28.46
2019.07.01 00:00;17.42;42.09;36.93;50.90;32.43;28.38;8.10;48.96;33.06;23.78;32.08;34.07;13.39;31.53;13.81;6.62;13.83;10.81;28.64;21.10;46.70;16.62;49.12;19.33;10.58;41.38;34.21;34.71;19.50;18.16;44.79;17.83;20.84;14.88;40.11;7.07;32.02;38.32;28.45;28.07;44.96;30.53;12.07;33.98;21.88;15.75;15.85;46.15;26.19;6.48;18.35;26.88;28.77;NaN;29.29;26.57;19.35;76.78;20.65;38.56;42.81;46.78;36.69;31.57;24.64;11.14;14.33;19.27;8.79;52.41;46.70;5.12;21.30;27.83
2019.07.02 00:00;17.73;42.41;36.35;50.25;32.53;28.20;8.20;49.00;31.74;22.91;33.20;34.13;13.34;31.36;14.00;6.50;13.59;11.06;28.59;20.93;46.09;16.07;48.90;19.49;10.48;41.58;33.35;33.90;19.45;18.35;44.60;17.79;20.99;14.50;40.11;6.87;32.46;36.99;28.24;28.24;45.06;29.25;11.94;33.86;22.58;15.71;15.75;46.44;26.47;6.45;18.61;27.05;28.46;NaN;28.85;26.14;19.89;75.78;20.65;38.84;43.04;46.31;38.24;31.00;24.64;11.12;14.82;18.98;8.69;50.20;47.74;5.45;21.28;28.33
2019.07.03 00:00;18.46;44.16;37.17;51.30;32.96;28.35;8.20;49.89;31.99;23.30;34.00;34.32;13.52;31.83;14.14;6.84;13.72;11.23;29.42;21.51;46.67;16.48;48.74;20.33;10.39;41.92;33.96;34.69;19.34;18.78;45.29;18.36;20.97;14.73;40.04;6.97;35.57;36.91;28.51;28.30;45.59;29.02;12.13;34.45;22.58;15.91;15.75;46.82;27.52;6.49;18.33;27.62;28.45;NaN;29.14;26.45;19.76;76.59;21.19;39.52;43.54;46.83;38.38;31.20;24.89;11.45;15.00;19.03;8.98;50.10;48.34;5.93;21.42;28.47
2019.07.04 00:00;18.59;46.75;38.47;52.13;33.68;28.63;8.32;51.83;31.87;23.79;34.23;35.55;13.74;33.77;14.17;6.94;13.86;11.53;29.72;22.47;47.46;16.55;48.20;20.78;10.90;42.18;34.93;35.78;19.34;19.10;46.28;18.58;21.32;15.15;39.78;7.14;38.17;38.30;28.80;28.67;46.21;28.96;12.28;34.84;22.95;15.97;16.22;47.41;27.55;6.65;18.39;27.80;29.15;NaN;29.52;26.70;20.28;80.17;21.42;40.31;44.65;48.02;39.91;31.75;24.98;11.85;15.32;19.18;9.36;50.47;48.86;6.24;21.92;29.38
2019.07.05 00:00;18.59;48.45;39.21;51.96;33.97;29.28;8.52;54.88;30.99;24.03;34.20;36.29;14.04;35.24;14.36;6.81;13.90;11.66;29.71;22.20;47.77;16.34;48.67;21.11;11.10;42.38;34.88;35.69;19.48;18.96;45.59;18.62;22.02;15.22;40.37;7.15;40.55;39.45;28.97;28.65;47.06;29.16;12.40;35.23;23.74;16.20;16.46;48.20;28.17;6.70;18.57;27.98;28.70;NaN;29.40;26.71;20.27;80.88;21.59;40.53;44.39;47.61;40.01;32.70;25.21;11.82;16.08;19.14;9.59;49.19;48.41;6.35;22.11;29.68
2019.07.08 00:00;18.53;48.73;39.11;51.91;33.82;28.99;8.53;55.50;31.51;24.71;34.37;36.30;14.10;35.92;14.76;6.95;13.97;12.34;29.84;22.22;47.83;16.86;49.08;21.33;11.40;42.97;34.51;35.64;19.39;19.12;46.28;19.01;22.55;15.20;42.37;7.19;41.06;40.93;28.85;28.26;48.63;28.64;12.41;35.13;23.96;16.00;16.53;47.78;28.58;6.68;18.84;28.39;28.13;NaN;29.97;26.95;20.72;81.06;21.70;41.12;43.77;47.84;41.11;32.55;25.49;11.66;15.97;19.23;9.56;49.77;48.41;6.75;22.24;31.09
2019.07.10 00:00;18.61;49.99;40.86;51.26;33.66;29.19;8.69;55.09;32.35;25.82;34.98;35.93;14.66;38.62;15.07;7.24;14.24;12.29;30.12;23.03;49.81;16.86;52.30;22.04;11.67;43.91;35.02;36.03;19.42;19.43;48.08;19.18;23.06;15.16;42.60;7.15;40.88;42.98;30.54;28.76;49.71;30.59;12.46;35.04;24.80;16.19;17.21;48.54;29.09;6.88;19.28;29.31;29.02;NaN;30.07;27.36;20.39;83.05;21.97;41.71;43.84;48.12;41.36;31.50;25.80;11.82;16.07;20.35;9.47;50.92;49.65;6.73;23.39;31.57
2019.07.11 00:00;18.28;49.47;39.94;50.26;33.38;28.70;8.59;56.94;32.39;25.92;33.93;35.72;14.16;38.93;14.87;7.40;14.14;11.78;30.09;23.01;48.81;16.81;53.15;21.81;11.50;43.79;37.60;37.77;19.20;19.37;47.95;19.50;22.94;14.79;42.85;6.97;40.52;41.34;30.34;28.59;48.72;29.00;12.33;34.99;23.85;15.98;17.08;48.16;28.75;6.79;19.17;28.76;27.92;NaN;30.64;27.68;20.49;83.20;21.70;40.75;43.75;50.37;41.04;31.05;26.05;11.84;16.26;20.18;9.37;50.84;50.03;6.50;23.30;31.32
2019.07.12 00:00;17.80;49.09;38.53;49.13;32.76;28.91;8.38;56.72;32.15;25.63;33.55;35.70;14.11;37.67;15.28;7.17;13.98;11.41;29.78;22.67;48.63;16.70;52.97;21.20;11.53;44.24;38.01;38.25;19.29;19.12;47.07;19.02;23.02;14.57;42.44;6.88;39.25;41.89;30.32;28.26;48.41;28.35;12.14;34.34;23.31;16.00;16.85;47.25;28.91;6.79;18.64;28.15;27.45;NaN;30.84;27.81;20.00;79.70;21.49;39.93;43.33;50.42;40.37;32.00;25.61;11.77;15.83;19.99;9.34;50.61;49.74;6.52;22.79;30.95
2019.07.15 00:00;17.85;49.36;38.57;48.83;32.62;28.87;8.38;56.34;32.53;25.30;33.45;35.80;13.97;36.57;14.78;6.98;13.75;11.62;29.49;22.80;49.50;16.92;51.07;20.97;11.29;43.75;36.18;36.56;19.32;18.88;47.16;18.93;22.92;14.78;41.51;7.01;38.30;40.81;29.93;28.45;47.83;27.98;12.10;34.25;24.05;16.10;16.64;47.55;28.74;6.65;18.49;27.74;27.50;NaN;30.32;27.47;20.04;79.96;21.66;39.68;43.55;50.05;40.61;32.90;25.21;12.04;15.65;20.08;9.23;51.47;51.28;7.03;22.11;31.41
2019.07.16 00:00;17.71;50.00;39.79;48.91;32.63;28.89;8.27;57.22;32.70;25.12;32.72;34.95;13.79;35.29;15.00;6.95;13.78;11.71;29.47;22.49;48.75;17.22;50.44;21.15;11.35;44.14;37.43;37.46;19.26;18.64;48.00;18.75;22.80;14.64;41.36;6.98;40.08;41.67;29.96;27.77;48.03;27.96;12.04;34.38;23.31;16.11;16.30;47.70;29.15;6.50;18.76;27.78;27.53;NaN;29.96;27.13;20.08;77.69;21.76;40.64;43.63;49.49;40.67;33.67;25.02;12.10;15.70;19.70;9.31;51.82;51.70;7.13;22.22;30.64
2019.07.17 00:00;17.60;49.64;40.07;48.92;32.46;29.25;8.41;57.21;32.72;25.60;32.93;34.92;13.96;36.32;15.09;6.89;13.86;11.96;29.36;22.57;48.56;16.89;50.26;21.03;11.45;44.43;38.93;38.92;19.30;18.74;47.47;18.71;23.09;14.47;42.14;6.92;38.44;42.50;31.00;28.06;48.97;27.56;12.08;34.29;22.96;16.22;16.90;47.96;30.45;6.57;18.54;28.65;27.98;NaN;29.76;26.98;19.88;77.13;22.01;40.82;44.03;50.24;41.06;34.75;25.07;11.97;15.78;19.80;9.28;51.47;51.56;7.31;22.24;31.31
2019.07.18 00:00;17.85;49.85;39.82;49.75;33.16;29.07;8.41;56.68;32.50;25.73;32.96;35.11;13.89;36.37;15.06;6.64;13.74;12.56;29.28;22.85;49.23;17.23;49.00;21.53;11.50;44.47;39.16;39.10;19.26;18.73;47.87;18.83;22.94;14.35;41.86;6.83;39.24;43.60;31.00;28.60;48.13;27.13;12.34;35.20;23.26;16.14;17.33;48.30;30.77;6.54;19.07;28.15;28.00;NaN;29.44;26.82;20.03;77.58;22.46;41.21;45.07;52.48;42.35;34.48;25.32;12.01;15.55;20.33;9.29;51.37;51.27;7.38;22.46;33.02
2019.07.19 00:00;17.70;49.70;39.19;49.13;32.41;28.29;8.49;55.66;32.54;25.48;33.45;34.97;13.71;35.44;14.89;6.62;13.41;12.56;29.22;22.65;48.47;17.19;48.44;20.95;11.41;44.62;38.02;38.10;19.33;18.68;47.85;18.61;22.79;14.20;42.12;6.82;38.64;42.63;30.52;28.02;47.55;26.71;12.19;34.29;23.36;15.90;17.01;46.86;29.66;6.45;18.25;27.85;28.29;NaN;29.43;26.75;19.81;77.08;22.38;40.51;43.90;51.53;41.86;33.08;25.34;11.87;15.71;19.70;9.29;51.50;51.32;7.15;22.50;32.41
2019.07.22 00:00;17.60;49.90;40.13;49.14;32.86;28.65;8.56;55.12;32.36;24.75;34.55;34.32;13.56;35.21;15.02;6.94;13.34;12.48;29.38;22.54;49.05;16.98;47.16;20.84;11.44;44.76;37.27;37.45;19.31;19.10;48.00;18.73;22.44;13.87;42.46;6.69;39.04;42.78;30.12;28.04;47.33;27.81;12.38;34.87;24.29;15.67;16.86;47.26;30.82;6.36;17.72;27.96;28.00;NaN;29.47;26.80;20.13;77.17;22.27;40.71;43.91;51.23;41.39;32.69;25.56;11.83;15.74;18.88;9.11;51.23;51.18;7.05;22.31;32.90
2019.07.23 00:00;17.64;49.03;39.55;48.56;32.97;28.44;8.57;54.78;32.30;25.25;33.75;34.14;13.46;34.50;14.82;6.69;13.36;12.41;29.30;22.76;48.54;16.71;46.39;21.33;11.20;44.33;36.99;36.92;19.41;19.14;48.56;18.92;22.50;13.92;42.85;6.73;38.76;41.98;29.61;27.77;46.89;28.71;12.44;35.21;25.04;15.47;16.61;46.27;30.15;6.42;17.97;27.48;27.64;NaN;29.61;26.83;19.59;77.15;22.16;40.17;43.69;51.04;40.94;32.07;25.57;11.85;15.79;19.37;9.02;50.56;51.08;6.92;22.29;33.72
2019.07.24 00:00;17.57;49.45;41.27;49.44;33.59;28.14;8.61;54.43;31.49;25.55;34.06;34.03;13.58;35.32;14.98;7.56;13.16;12.26;29.21;23.04;49.47;16.05;46.99;21.63;11.13;44.67;37.12;37.20;19.50;19.03;47.36;18.29;22.87;13.71;42.85;6.61;39.09;43.26;28.94;28.31;46.61;28.79;12.42;35.18;25.35;15.57;16.72;46.44;30.63;6.50;18.04;27.43;27.73;NaN;29.37;26.66;19.74;79.44;22.21;40.85;43.22;51.20;41.38;32.05;25.52;11.92;15.93;20.25;8.89;49.48;51.29;7.32;22.70;33.71
2019.07.25 00:00;19.07;50.89;40.66;47.35;31.64;28.11;8.63;53.70;31.54;25.58;33.35;33.94;13.51;34.96;15.03;7.45;13.01;12.20;28.99;22.65;48.85;15.97;47.00;21.49;11.13;44.46;36.39;36.49;19.30;18.56;47.18;18.06;23.02;13.58;42.36;6.55;38.39;42.45;28.97;28.97;46.44;28.79;12.05;34.10;24.82;15.35;16.70;45.82;30.46;6.55;17.85;27.08;27.75;NaN;28.84;26.21;20.06;79.38;21.91;40.93;42.34;50.71;41.12;31.72;25.27;11.58;15.82;20.08;8.62;49.32;50.32;7.10;22.50;33.32
2019.07.26 00:00;19.37;51.89;40.90;47.24;31.23;28.20;8.52;53.80;31.10;26.25;34.00;33.90;13.52;35.58;15.22;7.32;13.04;12.50;29.34;22.40;48.93;16.09;47.98;22.39;11.44;45.48;37.14;37.16;19.37;18.75;47.27;18.12;22.90;13.62;42.85;6.62;40.83;42.18;29.49;29.58;46.35;28.71;12.15;34.71;24.65;15.31;17.04;47.08;31.40;6.59;18.55;27.38;28.69;NaN;27.94;25.48;20.03;82.06;22.12;40.86;42.40;51.14;40.78;31.20;25.07;11.71;15.94;19.65;8.74;49.07;49.86;7.34;23.06;34.49
2019.07.29 00:00;20.05;52.92;41.36;47.66;31.16;28.21;8.68;55.06;31.11;25.93;33.70;33.20;14.15;36.40;15.46;7.24;12.99;12.38;29.85;22.48;48.27;16.01;47.60;22.68;11.50;46.17;37.02;37.17;19.50;18.78;47.75;18.55;22.83;13.76;43.60;6.63;41.15;42.30;30.59;31.07;46.79;28.56;12.14;34.85;24.49;15.42;17.33;48.15;32.87;6.57;18.80;27.95;28.55;NaN;28.28;25.72;19.86;83.65;22.16;41.40;42.48;50.55;41.61;30.67;24.89;11.70;16.03;19.51;8.77;49.10;50.32;7.68;23.37;34.16
2019.07.30 00:00;19.90;53.01;41.86;47.18;30.52;28.13;8.78;58.20;31.26;25.63;33.65;33.19;14.43;36.04;15.39;7.33;13.11;12.24;30.16;22.88;50.01;16.04;50.05;23.17;11.73;46.47;37.58;37.69;19.37;18.76;48.32;18.60;22.89;13.95;42.93;6.74;41.17;41.75;31.88;30.30;47.76;28.24;11.94;33.69;24.73;15.52;17.26;48.26;32.96;6.69;19.25;28.37;29.77;NaN;28.10;25.58;20.19;83.05;22.10;41.59;41.17;51.96;41.66;31.09;25.16;11.68;15.86;19.67;8.74;48.85;50.10;7.62;23.78;33.57
2019.07.31 00:00;19.69;51.78;40.94;46.50;29.74;28.07;8.62;58.45;31.07;25.82;33.41;33.11;14.24;37.37;15.18;7.18;13.07;12.52;30.47;22.95;49.82;16.17;50.87;23.30;11.78;45.92;38.00;37.87;19.31;18.77;48.54;18.66;22.78;13.61;43.55;6.57;41.12;41.70;31.14;29.31;47.62;28.64;11.65;32.80;24.34;15.46;17.98;47.17;32.86;6.63;19.46;28.17;30.48;NaN;28.18;25.42;19.93;82.56;21.92;41.59;40.32;51.92;41.03;30.67;25.02;11.89;15.91;19.41;8.67;48.66;49.94;7.72;23.60;33.67
2019.08.01 00:00;19.97;54.13;41.58;46.06;29.48;27.84;8.55;59.99;30.12;26.31;34.15;32.70;14.18;37.48;15.67;8.28;13.29;13.12;31.20;22.62;50.49;15.88;51.80;24.36;11.91;45.76;40.63;40.02;19.36;19.08;49.29;18.71;23.18;13.37;42.79;6.49;43.95;41.18;32.50;30.31;47.92;27.69;11.72;32.87;25.51;15.08;18.68;48.52;34.45;6.69;20.10;28.05;31.46;NaN;27.75;24.96;19.90;84.36;21.65;42.42;40.23;53.77;40.97;30.65;25.46;11.94;16.12;19.41;8.42;47.28;50.07;8.20;23.22;34.75
2019.08.02 00:00;20.04;53.60;41.85;46.07;29.57;28.03;8.49;60.55;29.92;26.45;34.10;32.24;14.28;37.78;15.47;7.92;13.28;13.61;31.36;22.94;50.04;15.51;52.81;24.20;11.85;45.98;41.44;40.82;19.41;19.32;49.37;18.72;22.91;13.44;43.07;6.48;42.60;41.65;34.33;30.49;47.87;27.59;11.64;32.91;25.67;15.02;18.76;49.40;35.33;6.81;20.05;28.19;31.80;NaN;28.59;25.85;19.50;87.53;21.95;43.20;39.98;54.38;41.10;30.21;25.45;12.25;16.07;19.41;8.42;46.73;50.42;8.19;23.52;34.02
2019.08.05 00:00;19.72;51.65;40.25;45.21;29.03;27.33;8.50;58.29;28.56;26.10;33.66;31.77;13.93;35.94;15.07;7.73;13.00;12.93;30.95;22.65;48.45;14.59;51.86;23.49;11.61;45.09;40.94;39.96;19.02;19.23;48.63;18.36;22.53;12.97;42.94;6.30;40.90;41.42;34.24;29.82;46.79;27.63;11.45;32.46;25.28;14.98;18.03;48.33;34.39;6.88;19.55;27.28;31.60;NaN;27.41;24.91;19.30;83.55;21.67;41.68;39.41;52.24;40.29;30.15;25.19;11.91;15.94;18.59;8.14;44.93;49.33;7.92;23.09;33.10
2019.08.06 00:00;20.03;52.97;41.54;45.82;29.47;28.00;8.82;61.69;28.80;26.31;34.56;31.60;14.30;36.55;15.28;7.86;13.41;13.16;31.98;22.55;48.46;14.51;52.35;24.31;11.50;46.14;41.13;40.16;19.46;19.76;48.52;18.75;22.65;12.96;44.10;6.34;41.09;42.50;34.16;30.61;47.54;29.25;11.83;33.44;26.21;14.78;18.17;50.09;36.48;7.39;20.49;27.63;32.95;NaN;27.87;25.23;19.88;86.03;22.03;42.44;39.78;53.05;42.05;30.27;25.89;12.16;16.06;18.84;8.09;45.54;50.14;8.18;23.68;34.55
2019.08.07 00:00;20.18;53.12;42.16;45.77;30.09;28.57;8.83;62.03;28.69;26.04;34.61;31.10;14.65;34.82;15.46;7.84;12.94;12.90;32.14;22.69;50.23;14.27;51.01;24.23;11.54;45.09;40.28;39.13;19.50;19.71;48.40;18.75;22.49;12.84;44.60;6.23;39.64;43.14;33.52;30.97;47.78;29.84;12.14;34.68;26.14;14.75;17.74;49.75;36.19;7.51;20.77;28.07;32.64;NaN;27.61;24.96;19.76;93.99;22.00;41.11;40.92;53.33;45.31;30.40;25.80;12.31;16.26;18.58;7.91;45.40;50.72;8.44;24.09;33.91
2019.08.08 00:00;19.73;54.55;43.99;46.10;30.24;29.79;9.08;63.48;29.18;26.25;36.32;30.39;14.68;36.85;15.55;7.61;13.41;13.00;32.12;22.61;51.72;14.62;51.80;24.90;11.68;45.19;41.82;40.05;19.60;20.01;49.52;18.89;22.84;13.26;46.84;6.51;40.13;44.28;34.18;30.44;48.06;29.20;12.26;34.86;26.19;15.08;17.83;50.21;37.02;7.68;21.72;27.89;32.45;NaN;28.26;25.69;19.73;91.36;22.78;42.53;42.05;54.98;46.40;31.10;25.93;12.26;17.55;18.91;8.22;46.09;50.86;8.53;24.22;33.91
2019.08.09 00:00;19.63;55.47;44.16;45.96;29.74;30.67;9.05;63.44;28.93;26.54;38.16;30.22;15.12;43.39;15.68;7.65;13.50;13.27;32.01;22.87;52.22;14.33;56.60;24.35;11.89;45.53;42.72;40.99;19.55;20.06;50.11;19.24;22.91;13.16;46.99;6.40;40.71;44.15;34.28;31.02;47.97;30.06;12.20;34.60;26.80;14.88;19.01;50.15;37.66;7.80;20.39;27.78;32.81;NaN;28.02;25.62;26.96;91.50;22.90;42.16;41.52;55.99;45.96;30.46;26.03;12.01;18.49;18.89;8.03;44.44;50.03;8.53;23.96;33.81
2019.08.12 00:00;19.06;54.30;42.93;44.40;29.12;29.91;8.74;61.72;28.32;26.45;38.63;30.09;14.93;42.50;15.21;7.46;13.43;13.05;31.80;22.47;51.02;14.20;54.89;23.58;11.63;44.90;41.44;39.78;19.43;19.87;49.33;18.87;22.94;12.80;46.47;6.26;37.78;44.04;34.15;30.12;46.92;29.62;11.77;33.17;28.34;14.79;18.47;49.50;36.30;8.08;20.23;27.73;31.93;NaN;27.26;25.00;25.84;89.42;22.47;41.51;40.89;56.10;45.21;30.84;26.07;11.87;18.01;18.56;7.89;44.11;49.51;8.28;23.53;32.90
2019.08.13 00:00;18.96;53.55;44.51;44.92;29.41;30.24;8.64;63.26;29.09;26.45;39.00;30.76;14.93;43.67;15.69;7.57;13.72;12.85;31.78;22.75;50.33;14.65;54.72;23.85;12.10;45.57;42.04;39.65;19.50;19.87;49.53;19.20;23.43;13.14;46.49;6.49;38.24;44.00;34.21;30.25;47.14;30.32;12.07;33.82;27.34;15.28;18.48;49.94;37.73;7.90;19.45;28.01;32.93;NaN;27.54;25.31;25.03;89.90;22.95;42.51;41.06;56.10;44.64;32.65;26.52;11.90;17.99;18.35;8.10;45.42;49.89;8.46;24.06;33.16
2019.08.14 00:00;18.60;50.97;42.41;43.35;28.83;29.63;8.29;61.59;28.35;26.31;38.00;29.94;14.54;43.54;15.29;7.45;13.41;11.37;31.20;22.20;47.58;14.05;54.35;23.01;11.64;43.92;39.64;37.93;18.36;19.37;48.55;18.70;22.95;12.58;45.94;6.18;36.53;45.99;33.57;29.85;45.80;30.31;11.91;33.07;26.73;14.64;17.69;48.20;36.83;7.82;18.58;27.31;31.89;NaN;26.69;24.45;24.35;87.54;21.97;41.65;39.83;54.40;43.65;32.06;25.87;11.73;17.94;17.99;7.71;43.84;48.93;8.11;22.88;31.59
2019.08.15 00:00;18.37;50.56;42.07;43.32;28.63;29.38;8.24;61.07;27.85;25.89;38.16;29.47;14.39;41.43;15.28;7.34;13.04;10.71;30.63;22.01;47.53;13.60;52.96;22.30;11.61;43.14;38.93;38.04;18.05;18.96;47.97;18.60;22.17;12.16;46.26;6.03;35.84;47.05;32.39;29.21;45.18;30.02;11.96;32.98;27.97;14.57;17.46;47.94;36.19;7.77;17.96;26.73;31.98;NaN;26.10;23.78;23.82;86.73;22.17;41.07;39.89;51.18;43.14;31.84;25.43;11.48;17.66;16.47;7.37;42.87;49.34;7.69;22.15;31.02
2019.08.16 00:00;18.49;50.47;43.19;43.20;28.69;29.50;8.23;60.68;27.59;26.97;38.57;28.79;14.36;41.81;15.61;7.27;13.44;10.68;31.19;22.11;48.55;13.80;53.15;22.91;11.93;42.95;39.94;38.93;18.00;19.32;48.90;19.15;22.98;12.55;47.24;6.21;35.11;48.89;32.41;30.95;45.50;30.72;12.01;33.11;28.44;14.53;17.81;49.26;37.44;7.74;17.66;26.69;31.64;NaN;25.98;23.46;24.67;88.07;23.20;42.52;40.13;51.04;44.29;32.04;25.43;11.88;17.53;16.10;7.23;42.68;50.52;7.12;22.59;30.83
2019.08.19 00:00;18.69;49.83;44.16;42.35;28.28;29.42;8.23;63.00;27.23;27.18;38.26;28.22;14.05;41.62;15.54;7.20;13.64;10.75;30.97;22.13;48.56;13.57;53.71;22.62;11.75;42.95;39.22;38.65;17.95;19.22;48.18;19.06;22.65;12.21;47.08;6.07;35.03;47.63;32.41;30.79;45.06;30.33;11.80;32.97;28.25;14.42;17.58;49.10;37.71;7.65;17.37;26.79;31.54;NaN;26.34;23.58;24.25;88.81;23.04;42.30;39.83;51.12;43.70;31.93;25.23;11.78;17.55;15.47;7.00;42.64;50.04;6.73;22.34;30.70
2019.08.20 00:00;18.53;49.68;44.41;42.32;28.00;29.36;8.09;64.68;27.50;27.70;37.89;27.49;14.06;42.90;16.24;7.53;13.65;11.09;31.01;22.52;47.72;14.06;54.00;22.25;12.06;42.15;38.63;38.49;18.00;18.83;47.43;18.90;23.15;12.26;47.84;6.13;35.53;48.68;31.85;30.54;45.21;30.34;11.61;32.60;27.99;14.29;17.70;49.00;36.41;7.64;17.09;26.34;31.07;NaN;26.09;23.57;24.67;89.43;23.18;41.85;39.28;51.43;43.87;31.15;24.88;11.64;17.67;15.46;7.20;42.82;50.70;7.06;22.40;32.10
2019.08.21 00:00;18.39;50.85;44.47;44.73;28.56;29.55;8.12;65.18;27.63;28.15;38.36;27.57;14.20;43.34;16.55;7.88;14.22;11.14;31.25;22.62;48.37;13.74;55.89;24.06;12.30;42.40;43.41;43.03;18.14;19.07;47.43;19.20;23.64;12.49;48.88;6.24;35.31;49.88;32.31;31.38;45.55;30.79;11.76;32.85;28.59;14.32;17.62;49.82;36.42;7.86;18.12;26.58;31.33;NaN;27.48;24.97;26.51;89.02;23.57;42.91;39.70;53.84;43.85;30.40;25.37;11.77;17.90;16.32;7.36;43.13;51.17;7.18;22.85;32.24
2019.08.22 00:00;18.07;48.94;44.13;44.43;28.19;28.93;8.40;66.36;27.61;27.64;39.56;27.13;14.08;42.42;16.28;7.56;13.90;10.65;30.92;22.04;48.12;13.46;55.50;23.37;12.30;41.87;45.18;44.76;18.15;19.08;47.43;19.15;23.94;12.55;50.08;6.25;33.52;49.87;31.40;30.68;45.18;30.39;11.56;32.33;28.40;14.29;17.07;48.76;34.32;8.18;18.42;26.10;30.64;NaN;27.21;24.75;27.22;88.82;22.80;42.18;39.21;53.17;45.02;29.40;25.50;11.66;17.53;16.73;7.44;42.87;50.23;6.90;22.52;31.91
2019.08.23 00:00;17.93;47.30;42.54;42.81;27.57;28.57;8.00;56.27;26.68;27.33;38.59;26.07;13.80;41.74;15.91;7.18;13.47;10.26;30.62;21.46;46.99;13.32;52.59;22.76;11.96;41.60;43.61;44.14;17.85;18.57;46.56;18.72;23.46;12.24;49.76;6.02;33.52;48.10;31.27;30.35;44.90;30.30;11.40;31.96;27.03;13.98;16.49;47.76;33.67;7.98;17.97;25.60;30.45;NaN;26.36;23.83;26.64;88.52;21.95;41.36;38.61;50.97;47.46;28.00;25.10;11.56;17.56;15.82;7.16;42.28;49.84;6.79;22.02;30.21
2019.08.26 00:00;17.70;46.00;41.05;42.61;27.29;28.30;8.09;45.88;26.47;26.97;37.88;25.62;13.55;40.92;15.93;7.24;13.29;9.85;30.44;21.08;46.56;13.24;52.49;22.09;11.85;40.94;42.26;43.61;17.66;18.77;45.71;18.48;22.87;11.96;49.28;5.86;32.51;48.19;30.39;29.91;43.79;29.70;11.35;31.95;27.10;13.94;16.44;46.76;33.59;7.80;16.94;25.37;30.14;NaN;26.01;23.51;25.18;87.51;21.60;40.56;38.22;50.26;47.85;28.04;24.74;11.52;17.23;15.41;7.07;41.81;48.79;6.48;21.35;30.26
2019.08.27 00:00;17.77;45.98;41.73;42.27;27.63;28.49;8.13;53.85;26.42;27.17;38.01;25.40;13.65;41.19;16.10;7.16;13.37;9.76;30.49;21.45;46.20;13.07;51.80;22.71;11.92;40.88;41.19;42.12;17.55;18.92;46.17;18.24;22.79;11.72;50.11;5.75;32.94;48.84;30.92;29.88;44.76;30.21;11.54;32.32;27.22;13.96;16.79;47.15;34.10;7.69;17.57;25.63;31.41;NaN;26.51;23.88;25.91;88.82;21.72;42.25;38.21;49.39;47.17;28.52;25.18;11.69;17.10;15.39;6.94;42.32;49.32;6.85;21.48;29.64
2019.08.28 00:00;17.75;46.54;42.34;41.91;27.47;28.86;8.23;52.65;26.89;27.62;39.09;27.04;13.79;44.26;16.11;7.20;12.96;9.86;30.32;21.51;47.98;13.13;51.58;22.65;12.15;41.34;42.64;43.09;17.72;18.84;45.75;18.28;22.76;11.86;51.18;5.78;32.44;48.89;31.42;30.10;44.87;30.00;11.71;32.69;28.04;14.18;17.06;48.31;34.79;7.67;17.55;25.94;32.76;NaN;26.69;24.13;26.20;93.08;22.22;42.60;38.85;49.40;48.12;28.72;25.26;11.62;17.34;15.77;6.95;42.47;49.84;7.00;21.89;29.98
2019.08.29 00:00;18.15;48.55;42.98;42.93;27.99;29.18;8.49;55.49;27.97;27.96;38.87;28.15;13.79;45.60;16.65;7.43;13.37;10.18;30.44;22.18;48.56;13.90;53.15;23.29;12.57;41.88;43.87;44.18;18.01;18.93;46.32;18.54;23.51;12.47;53.67;6.04;33.88;50.38;31.67;31.42;45.26;31.36;11.77;32.86;28.78;14.49;17.84;49.87;37.14;8.19;18.89;26.05;33.35;NaN;27.70;25.02;26.22;91.61;22.51;43.67;40.00;49.78;46.94;29.00;25.56;12.00;17.50;16.63;7.58;44.06;49.88;7.31;22.20;31.75
2019.08.30 00:00;18.31;47.10;43.48;44.04;28.42;29.00;8.49;57.84;27.94;27.96;38.14;27.45;13.48;46.84;16.50;7.69;13.65;10.08;30.63;22.06;48.95;14.05;53.07;24.05;12.40;42.79;44.32;44.89;17.95;19.56;46.92;18.91;23.43;12.81;55.89;6.22;33.32;51.59;32.55;31.24;45.55;32.71;11.80;32.72;28.97;14.68;18.55;50.24;36.17;8.35;18.90;25.79;32.87;NaN;27.84;25.02;25.65;91.54;22.10;44.46;40.08;50.26;47.31;29.08;25.89;12.09;17.72;16.21;7.83;44.51;51.25;7.73;22.30;30.88
2019.09.02 00:00;17.98;47.14;42.64;43.48;28.13;28.98;8.10;58.06;28.24;27.91;38.41;27.28;13.80;46.64;16.55;7.53;13.78;10.07;30.89;22.01;48.65;14.04;53.70;24.65;12.53;42.10;44.49;45.20;17.71;19.61;47.28;19.39;23.43;12.60;56.81;6.13;32.76;52.08;32.30;31.66;45.59;31.57;11.67;32.31;28.50;14.59;18.42;50.03;36.49;8.34;19.09;25.99;33.02;NaN;27.55;24.83;26.46;89.71;22.76;44.33;39.53;50.54;47.04;29.14;25.78;12.14;17.77;16.39;7.75;44.94;51.88;7.79;22.57;31.40
2019.09.03 00:00;18.12;45.96;42.46;42.67;27.67;28.60;7.84;55.29;27.89;27.50;37.72;26.73;13.61;45.74;16.55;7.64;13.51;10.05;30.55;21.90;48.51;13.63;53.24;23.95;12.48;41.80;43.03;44.43;17.88;19.30;46.84;19.25;23.43;12.52;57.20;6.10;31.67;51.88;31.91;31.83;45.11;31.08;11.49;31.69;28.30;14.43;18.45;49.45;35.76;8.50;18.17;25.83;32.09;NaN;27.69;25.12;25.66;90.21;22.38;44.01;38.68;49.46;45.07;28.62;25.80;11.84;17.30;16.78;7.67;44.47;51.62;7.56;21.99;32.36
2019.09.04 00:00;18.39;47.11;43.31;43.68;28.01;28.95;7.92;54.90;28.45;27.31;37.89;28.08;13.58;46.91;17.00;7.84;13.58;10.27;30.62;21.86;49.60;13.81;52.20;22.72;12.82;42.07;44.09;44.83;18.05;19.29;47.43;19.60;23.37;12.52;55.81;6.06;32.12;50.17;31.85;32.33;45.46;31.21;11.67;31.91;29.22;14.72;18.86;50.21;37.08;8.52;17.00;26.09;32.32;NaN;28.39;25.77;26.01;91.01;22.88;44.59;39.32;50.10;45.70;28.75;26.26;11.79;17.62;17.38;7.58;45.44;52.52;7.62;22.42;32.47
2019.09.05 00:00;18.28;49.22;43.96;45.20;28.66;29.13;7.96;53.82;28.65;27.38;38.06;27.77;13.69;46.44;17.60;7.69;13.70;10.32;30.32;21.62;50.16;13.94;51.80;22.82;12.78;42.52;44.38;45.13;18.40;19.35;47.56;19.34;23.21;12.61;55.11;6.12;34.13;50.10;31.56;32.49;45.90;30.86;12.09;32.82;29.56;14.61;18.80;49.94;36.58;8.57;17.24;26.36;32.25;NaN;28.56;25.90;26.06;90.48;23.24;44.66;40.43;50.66;45.90;29.55;26.17;11.75;17.73;17.67;7.63;45.44;53.13;7.55;22.57;31.84
2019.09.06 00:00;18.31;49.35;44.54;47.04;29.86;29.05;7.87;52.14;28.45;27.51;37.38;27.82;13.58;45.94;16.85;7.69;13.60;10.39;30.16;21.32;50.63;13.76;50.83;22.34;12.98;41.86;43.41;44.21;18.01;19.18;47.74;19.25;23.24;12.38;54.24;6.09;34.18;49.09;31.42;32.08;45.49;30.52;12.45;33.92;29.38;14.62;18.57;49.67;35.88;8.57;16.74;26.09;32.39;NaN;28.75;26.02;25.61;90.32;23.32;44.26;41.40;50.17;44.91;29.67;26.13;11.60;17.56;17.81;7.60;45.37;52.18;7.38;22.63;31.64
2019.09.09 00:00;18.46;48.39;42.53;47.62;30.24;28.78;8.30;49.92;29.27;26.87;36.95;28.93;13.23;43.35;16.66;7.43;13.38;10.34;29.34;20.51;51.38;14.20;51.70;20.91;12.90;41.62;43.40;44.30;18.31;18.73;45.30;18.67;22.90;13.05;52.31;6.35;32.82;47.97;30.38;31.60;43.57;31.22;12.60;34.75;28.34;14.82;18.27;49.19;34.09;8.90;16.15;25.34;32.28;NaN;29.32;26.43;24.54;90.33;23.16;43.02;42.05;48.18;43.70;31.62;25.89;11.31;16.74;18.09;8.21;46.78;50.60;7.01;22.38;31.08
2019.09.10 00:00;18.41;48.15;42.60;46.82;29.70;29.04;8.38;50.77;29.65;26.78;37.90;28.98;13.32;41.26;17.10;7.46;13.31;10.68;29.31;20.87;51.75;14.62;50.85;21.33;13.00;41.49;43.02;44.13;18.85;18.78;45.86;18.93;22.90;13.46;52.32;6.51;32.82;49.15;29.98;31.64;44.26;31.30;12.48;34.07;28.34;14.71;17.69;49.15;32.39;8.90;16.28;25.86;31.94;NaN;29.55;26.59;25.01;92.00;23.18;42.51;42.23;49.07;43.94;31.29;25.69;11.54;16.93;18.15;8.24;47.12;50.19;6.78;22.72;32.14
2019.09.11 00:00;18.50;49.39;43.22;45.70;29.57;29.72;8.72;52.89;29.53;27.08;38.45;29.18;13.88;42.60;16.92;7.64;13.62;10.52;29.95;21.56;52.62;14.17;52.50;21.82;12.97;42.21;44.11;45.01;18.64;19.13;46.88;19.55;23.24;13.17;54.15;6.39;34.45;51.20;30.98;31.89;45.75;31.85;12.44;33.92;27.95;14.84;18.61;50.72;34.49;8.97;17.75;26.84;33.66;NaN;29.03;26.37;25.55;93.94;23.58;43.23;41.62;49.59;44.85;30.92;26.43;11.65;17.52;17.68;8.17;46.84;50.99;6.98;22.87;32.39
2019.09.12 00:00;18.95;52.05;43.17;45.90;29.25;30.08;8.71;54.47;30.76;26.99;38.03;29.24;13.59;42.97;17.31;7.65;13.58;11.12;30.21;21.30;53.66;14.49;51.96;21.58;13.17;42.50;43.24;44.41;19.46;19.21;47.32;19.84;23.65;13.55;53.21;6.52;35.88;49.81;31.87;31.84;45.11;31.66;12.60;34.13;28.44;14.90;18.68;50.00;34.88;9.01;17.42;26.65;34.33;NaN;29.38;26.55;25.35;93.12;23.75;43.04;41.96;50.07;44.72;32.55;26.72;11.95;17.56;17.78;8.20;48.54;51.13;7.10;22.84;33.58
2019.09.13 00:00;18.68;51.34;41.73;45.08;28.87;29.86;8.81;54.42;30.73;26.49;38.00;28.96;13.30;41.61;16.75;7.58;13.34;10.71;30.01;20.88;53.41;14.27;51.30;21.03;12.79;41.88;41.92;43.02;19.47;18.86;47.79;19.77;23.73;13.50;52.57;6.47;34.88;50.08;31.84;31.66;44.27;31.05;12.65;34.59;29.16;14.93;18.26;48.50;33.99;9.59;16.98;25.75;34.51;NaN;29.21;26.38;24.78;92.10;23.49;41.52;42.53;49.75;45.02;33.30;26.41;11.75;17.44;17.29;8.06;48.64;49.47;6.91;23.50;32.90
2019.09.16 00:00;18.73;47.00;41.80;44.61;28.49;29.67;8.86;53.77;30.57;26.73;38.10;28.82;13.34;42.63;16.91;8.04;13.04;11.21;29.95;20.91;53.43;14.07;50.70;20.81;12.77;42.26;42.33;43.43;19.43;18.78;48.01;19.84;23.58;13.44;54.36;6.41;32.17;50.33;31.25;31.66;43.97;32.26;12.61;33.97;29.07;14.98;18.50;48.40;34.76;9.84;16.71;26.12;35.62;NaN;30.53;27.54;25.29;92.13;23.02;41.89;41.85;49.24;44.89;34.28;26.25;11.76;17.54;17.97;8.04;47.46;50.13;6.95;23.03;33.03
2019.09.17 00:00;19.01;48.45;42.82;45.23;29.25;29.93;9.16;54.75;30.66;26.37;38.16;29.64;13.73;43.26;17.32;8.16;13.33;11.29;31.10;21.61;52.75;14.34;51.10;21.80;12.82;41.76;42.90;43.90;19.30;18.97;48.10;19.85;24.03;13.52;55.56;6.48;33.95;51.38;32.41;31.81;45.26;33.99;12.67;34.10;28.88;14.89;18.97;49.13;34.74;9.92;17.90;26.75;36.05;NaN;30.06;27.17;25.09;93.56;23.12;42.14;42.42;48.83;45.31;34.10;26.58;11.85;17.76;18.78;8.24;47.77;51.25;6.97;23.58;33.23
2019.09.18 00:00;18.84;49.20;43.59;45.92;29.34;30.13;9.23;56.12;30.69;26.07;38.39;30.68;13.88;44.75;17.47;8.89;13.22;11.27;31.02;21.54;52.41;14.02;52.85;21.79;12.95;41.83;42.06;43.36;19.50;18.90;48.41;20.11;24.13;13.37;54.37;6.44;33.76;51.18;32.41;31.85;46.04;33.62;12.69;33.99;28.79;15.14;18.97;49.40;34.94;9.86;17.48;27.00;36.02;NaN;29.57;26.71;25.51;91.66;23.56;42.74;42.06;48.93;45.07;33.79;26.72;11.70;17.83;18.55;8.34;47.28;51.03;7.03;23.78;33.54
2019.09.19 00:00;18.93;49.28;43.26;44.73;28.99;30.51;9.21;57.23;30.84;26.11;37.72;29.92;14.33;47.32;17.57;8.43;13.27;11.28;31.37;21.80;52.87;13.89;53.95;22.29;13.40;42.97;41.05;42.76;19.49;19.10;49.99;20.18;23.96;13.34;53.45;6.42;34.23;51.37;33.07;32.24;47.04;33.81;12.57;33.43;28.97;15.16;19.48;50.35;35.69;10.53;17.56;27.95;36.42;NaN;29.78;26.78;25.39;92.56;23.51;43.44;41.67;49.37;44.83;32.99;27.05;11.72;18.29;18.03;8.17;47.20;51.79;7.40;23.48;34.43
2019.09.20 00:00;18.97;48.73;43.98;45.43;29.49;30.75;9.55;56.73;31.20;26.60;38.47;31.50;14.49;47.36;17.43;8.32;13.21;11.25;30.74;21.96;53.05;13.98;53.22;22.45;13.64;42.71;38.68;40.46;19.52;18.74;50.48;20.16;24.54;13.19;53.83;6.36;33.33;51.60;33.02;32.98;47.93;33.53;12.73;33.51;30.20;15.04;19.51;49.80;36.44;11.00;17.56;28.47;35.74;NaN;29.86;26.49;25.92;93.11;24.02;43.53;41.48;47.65;44.81;31.90;26.54;11.79;18.60;18.11;8.06;47.30;52.06;7.40;24.18;34.22
2019.09.23 00:00;18.99;48.13;43.54;45.21;29.55;30.65;9.58;56.28;30.71;26.50;38.75;31.93;14.45;47.13;17.36;8.54;13.13;11.42;30.42;21.16;51.71;14.15;51.25;22.46;13.70;42.49;39.26;40.78;19.12;18.81;49.87;20.02;24.90;13.15;53.95;6.37;32.70;53.02;33.17;32.51;47.36;33.73;12.59;33.41;30.01;14.98;19.36;49.15;35.87;11.04;17.37;28.47;35.93;NaN;29.99;26.97;25.91;93.29;23.92;42.08;41.32;47.72;43.94;32.99;26.55;11.67;18.75;18.02;8.06;46.99;51.56;7.56;24.01;34.55
2019.09.24 00:00;18.93;47.28;42.99;43.84;29.18;30.60;9.90;56.19;30.08;26.31;39.84;31.28;14.58;49.18;16.84;8.51;12.99;11.64;30.39;21.04;52.32;13.59;51.07;22.25;13.40;42.54;38.15;39.97;18.46;18.55;49.71;19.96;24.92;12.89;52.67;6.23;32.52;52.08;32.43;32.23;46.87;33.29;12.55;33.06;32.14;14.82;19.63;49.20;36.65;11.34;17.04;28.34;36.29;NaN;29.61;26.76;25.92;95.88;23.59;41.29;41.40;47.52;43.39;32.41;26.40;11.54;18.90;17.68;7.83;45.84;51.54;7.47;23.70;34.70
2019.09.25 00:00;19.17;48.50;42.99;43.55;29.36;30.87;9.96;56.59;30.64;26.23;40.50;31.46;14.47;47.34;17.22;8.33;12.85;11.29;30.28;20.97;53.13;13.82;50.90;21.88;13.63;41.87;38.34;39.85;18.62;18.61;48.98;19.64;24.70;13.05;53.02;6.26;33.62;52.08;31.96;32.37;46.55;33.25;12.63;33.44;32.45;14.91;19.85;49.23;36.60;11.25;16.71;28.21;35.48;NaN;29.65;26.83;27.02;95.40;23.66;42.27;41.87;46.85;44.67;33.40;26.28;11.67;18.62;17.77;7.98;46.75;51.81;7.64;24.05;34.40
2019.09.26 00:00;19.10;49.87;43.73;43.71;29.79;31.51;9.95;57.88;30.65;26.77;39.92;31.54;14.52;47.62;16.95;8.26;13.04;11.39;30.71;21.20;53.83;13.63;52.22;22.46;13.70;41.76;38.49;40.16;18.22;18.78;49.40;19.66;24.89;13.07;53.02;6.24;34.35;52.83;32.36;32.63;47.13;33.49;12.90;34.41;32.06;14.84;19.83;49.83;36.45;10.94;16.90;28.47;35.23;NaN;29.89;27.18;26.48;95.56;23.60;42.02;42.34;47.55;45.16;33.34;26.00;11.88;18.88;18.07;7.97;46.75;51.99;7.86;24.05;34.84
2019.09.27 00:00;19.03;49.62;43.35;43.36;29.77;31.65;9.94;57.52;30.75;26.61;38.70;31.79;14.36;48.66;17.16;7.89;13.04;11.29;30.87;21.02;52.41;13.37;54.74;22.49;14.15;41.81;38.77;40.30;18.13;18.60;48.80;19.68;25.09;12.97;53.42;6.21;32.12;53.08;33.46;32.63;46.48;33.90;12.87;34.26;31.72;14.76;19.70;49.94;36.68;10.99;16.91;28.35;34.73;NaN;29.96;27.14;27.23;95.77;23.91;41.82;43.12;47.10;46.23;33.75;26.08;11.72;19.08;18.20;7.93;46.56;52.48;7.87;23.94;34.91
2019.09.30 00:00;18.83;49.71;42.62;43.50;29.27;31.09;9.79;57.81;31.01;26.73;38.20;31.63;14.41;48.19;17.51;7.96;13.25;11.17;31.09;20.82;52.09;13.22;55.85;22.96;14.10;42.23;38.74;40.18;17.91;19.08;49.35;19.80;25.79;13.10;54.07;6.22;32.42;53.73;34.20;32.56;47.07;34.07;12.67;33.78;32.05;15.00;19.77;50.23;36.92;11.02;16.93;28.62;33.74;NaN;29.70;27.03;27.90;95.43;24.50;43.05;42.65;48.22;46.73;33.65;26.54;11.71;18.99;18.26;7.74;46.64;52.46;7.92;24.04;35.41
2019.10.01 00:00;18.89;48.94;42.76;42.99;28.87;30.54;9.95;57.07;30.59;26.26;37.99;30.85;14.21;48.44;17.26;7.82;13.41;11.10;31.02;20.42;52.49;13.21;56.20;23.14;13.95;42.28;37.92;39.64;17.84;18.83;48.71;19.60;25.48;13.03;53.34;6.20;31.91;53.08;33.40;32.26;46.50;33.70;12.45;33.01;32.21;14.77;19.53;50.25;37.33;11.65;17.23;27.88;33.63;NaN;29.53;27.00;27.80;95.55;24.50;42.06;42.46;48.37;46.67;33.65;26.40;11.58;19.23;19.02;7.67;46.60;51.49;7.80;24.04;34.60
2019.10.02 00:00;18.45;47.91;42.10;41.52;27.76;29.82;10.33;55.57;29.09;25.68;37.54;29.90;13.89;47.95;17.07;7.47;13.03;10.79;30.39;20.18;51.60;12.76;54.98;22.29;13.66;41.49;36.23;38.34;17.47;18.54;48.02;19.30;24.27;12.54;53.32;5.96;31.11;52.38;32.76;31.66;45.92;33.14;12.16;32.11;30.79;14.47;19.23;48.28;36.38;11.66;17.08;27.16;33.08;NaN;28.47;26.22;27.60;94.82;23.87;40.44;41.17;47.64;45.46;32.78;25.76;11.33;19.01;19.08;7.41;44.06;50.21;7.47;23.65;33.32
2019.10.03 00:00;18.18;49.89;42.59;43.31;27.83;29.67;10.38;53.47;29.75;26.07;36.51;29.77;14.08;47.94;17.25;7.78;12.89;10.90;30.82;19.98;51.99;13.07;54.91;23.31;13.85;41.83;36.85;38.73;17.95;18.61;48.12;19.45;24.41;12.72;54.31;6.02;32.82;53.88;32.90;32.06;46.14;32.20;12.02;32.12;31.18;14.44;19.00;48.55;37.18;11.62;17.30;27.39;33.50;NaN;28.68;26.24;27.34;95.18;24.25;40.85;41.78;49.05;45.39;32.33;25.98;11.35;19.74;18.76;7.41;44.39;50.14;7.80;23.50;33.80
2019.10.04 00:00;18.79;50.95;43.52;43.61;28.12;29.72;10.67;51.10;30.82;26.18;37.38;29.86;14.16;48.83;17.24;7.67;12.91;11.09;31.22;20.25;52.49;13.29;55.68;23.96;13.83;41.87;37.48;39.19;17.72;18.75;49.24;19.81;24.41;12.97;56.31;6.11;33.18;53.88;34.18;32.44;46.76;32.88;12.03;32.27;30.84;14.53;19.59;48.73;38.65;11.87;17.52;27.91;34.43;NaN;28.42;26.01;27.45;101.09;24.49;41.53;41.96;49.14;45.87;32.83;25.99;11.38;19.57;18.42;7.52;45.51;51.08;7.89;23.43;34.40
2019.10.07 00:00;18.46;50.59;42.00;41.89;27.94;28.85;10.55;49.98;30.39;25.73;36.74;28.80;13.81;48.70;16.80;7.60;12.74;10.79;31.06;19.76;50.41;12.98;54.53;23.39;13.37;40.84;34.52;36.60;17.34;18.18;48.92;19.29;23.63;12.72;55.96;5.95;32.51;54.19;33.98;32.32;45.84;31.84;11.71;31.67;30.38;14.35;19.37;48.17;38.27;11.84;16.95;26.95;33.07;NaN;27.97;25.68;26.64;101.72;23.89;40.91;41.01;47.12;46.13;32.25;25.15;11.20;19.34;18.05;7.34;44.97;50.22;7.83;22.67;33.33
2019.10.08 00:00;18.19;50.20;42.30;41.13;27.91;28.62;10.38;50.97;30.06;25.73;37.21;27.99;13.80;47.51;16.97;7.46;12.77;10.39;30.83;18.98;51.52;12.42;53.85;23.30;13.41;40.59;34.71;36.13;17.01;18.48;48.18;19.04;23.48;12.49;56.08;5.82;32.22;53.93;33.49;32.43;45.75;32.09;11.67;31.54;29.96;14.07;19.07;48.19;37.94;11.47;16.70;26.94;32.34;NaN;27.80;25.53;27.09;99.61;23.86;40.67;40.95;47.91;45.54;31.64;25.29;11.31;19.31;18.18;7.28;44.27;50.42;7.72;22.63;32.73
2019.10.09 00:00;18.26;49.50;42.88;42.27;28.71;29.11;10.30;51.66;30.11;25.85;36.60;28.47;14.16;49.32;17.05;7.61;12.76;10.54;30.91;19.00;52.70;12.42;53.80;23.16;13.50;40.41;34.29;36.21;17.10;18.36;48.66;19.27;23.64;12.47;56.27;5.80;33.22;54.47;33.30;32.60;46.05;32.52;11.85;32.04;28.78;14.18;19.57;48.70;39.58;11.49;17.11;27.42;31.76;NaN;28.49;26.02;27.78;101.05;23.95;40.80;42.30;48.73;46.43;32.23;25.34;11.40;19.34;19.01;7.23;44.61;50.61;7.59;22.69;33.47
2019.10.10 00:00;18.02;49.68;43.04;42.46;29.03;29.33;10.32;53.03;30.95;25.80;36.86;28.38;13.91;48.93;17.07;7.43;12.64;10.37;30.91;18.69;53.37;13.08;52.63;23.46;13.40;40.15;34.06;35.85;17.05;18.09;48.66;19.52;23.64;12.92;57.56;6.09;33.22;54.77;33.16;32.65;45.19;32.41;11.95;32.27;28.49;14.28;19.50;48.36;38.87;11.45;17.15;27.39;31.71;NaN;28.63;26.24;27.21;100.31;23.64;39.84;43.24;48.42;46.54;33.95;25.27;11.48;19.02;18.42;7.40;46.15;50.73;7.53;22.79;35.61
2019.10.11 00:00;18.18;50.40;44.01;43.25;29.36;30.41;10.39;54.12;31.76;26.51;37.10;29.19;14.24;52.82;17.85;7.71;12.82;10.64;31.19;19.16;54.52;13.31;53.15;23.78;14.07;41.01;33.57;35.13;17.27;18.43;49.10;19.98;24.02;13.23;59.30;6.28;34.77;56.14;33.64;33.24;45.49;32.89;12.21;32.69;28.74;14.91;20.39;50.05;40.43;11.66;17.16;27.84;31.73;NaN;29.06;26.75;28.79;100.58;24.17;41.00;43.98;49.03;47.11;35.24;25.77;11.58;18.91;18.96;7.60;47.51;51.06;7.75;23.49;36.11
2019.10.14 00:00;18.31;51.18;44.11;43.03;29.78;30.41;10.73;55.03;31.70;26.68;36.38;29.33;14.39;53.82;17.69;7.74;12.82;10.66;30.77;19.11;54.97;13.23;53.77;24.11;14.14;41.69;33.13;34.52;17.35;18.25;48.62;20.32;24.17;13.19;59.35;6.27;35.73;56.37;33.59;33.34;45.80;33.34;12.41;33.24;28.34;15.04;20.70;50.49;42.10;11.51;17.20;28.28;31.79;NaN;29.22;26.80;29.12;100.65;24.25;41.72;44.18;48.77;47.90;34.82;25.87;11.41;18.88;19.05;7.52;46.88;50.91;7.78;23.57;36.51
2019.10.15 00:00;18.48;51.21;43.48;42.44;30.02;30.54;10.60;56.21;31.88;26.07;35.99;29.46;14.70;54.61;18.07;7.54;12.85;10.50;30.12;19.19;55.32;13.61;53.65;24.37;14.06;41.12;33.63;34.84;17.50;18.19;46.81;19.32;24.02;13.43;60.49;6.34;35.88;56.17;33.10;33.52;45.70;33.45;12.43;33.16;28.44;15.31;20.99;51.05;41.73;11.43;16.73;28.72;31.72;NaN;29.62;27.08;28.90;100.72;23.69;42.53;43.52;48.98;47.16;35.11;25.63;11.32;18.73;19.06;7.63;46.80;51.08;7.79;23.60;37.30
2019.10.16 00:00;18.48;51.30;44.15;43.03;30.74;30.97;10.55;57.46;31.48;26.07;36.28;29.49;14.96;55.94;18.13;7.61;12.80;10.47;30.11;19.26;56.35;13.20;53.00;25.00;14.35;41.20;35.09;36.24;17.45;18.37;47.23;19.74;24.41;13.29;61.91;6.26;35.98;57.33;32.83;34.12;46.49;33.29;12.66;33.63;28.68;15.54;21.11;51.58;42.69;11.43;16.87;29.33;31.99;NaN;30.03;27.41;30.70;102.47;23.47;41.94;44.41;50.20;47.33;34.43;25.59;11.39;18.75;19.20;7.56;45.72;52.16;7.82;24.18;37.89
2019.10.17 00:00;18.36;51.26;45.08;42.95;30.22;31.13;10.46;57.62;31.25;25.82;35.93;29.10;15.07;54.66;17.85;7.56;12.87;10.77;30.16;19.33;55.52;13.28;52.45;25.15;14.44;41.45;35.08;36.05;17.64;18.35;46.62;19.59;24.41;13.34;61.41;6.27;36.13;56.99;33.10;34.10;46.25;33.89;12.64;33.43;28.48;15.45;20.91;51.52;43.10;11.57;16.86;29.08;32.38;NaN;29.75;27.14;30.29;101.04;23.10;41.89;43.82;49.21;47.74;34.09;25.64;11.50;18.89;18.86;7.56;45.63;52.56;7.90;24.05;37.59
2019.10.18 00:00;18.26;50.99;45.36;44.05;30.07;30.59;10.30;57.47;30.62;25.87;36.15;28.55;15.17;54.31;18.19;7.61;12.62;10.74;30.04;19.48;55.58;13.04;51.76;24.82;14.46;41.63;36.84;37.26;17.53;18.48;46.83;19.82;24.15;13.10;61.78;6.12;35.57;57.39;33.05;34.08;46.64;33.70;12.56;33.03;28.38;15.30;20.93;51.05;42.93;11.65;16.95;29.19;32.17;NaN;29.50;27.08;30.40;103.22;22.98;42.55;43.24;49.81;49.47;33.81;25.86;11.49;18.70;19.27;7.51;44.96;52.38;7.84;24.17;37.62
2019.10.21 00:00;18.58;51.35;45.80;44.37;30.28;30.89;10.50;58.00;31.00;26.28;37.75;28.69;15.27;54.31;18.06;7.66;12.67;10.60;30.72;19.69;55.91;13.38;51.40;24.72;14.57;41.99;36.81;37.38;17.88;18.72;46.85;20.12;24.20;13.17;62.14;6.17;35.31;56.57;32.90;33.65;46.79;34.96;12.75;33.57;29.18;15.40;20.89;51.84;43.03;11.55;16.97;29.09;32.12;NaN;29.89;27.25;32.00;105.13;22.98;42.24;43.78;50.14;50.23;34.88;26.06;11.60;18.49;19.25;7.56;46.12;52.24;7.81;24.25;39.26
2019.10.22 00:00;18.36;52.99;46.43;45.33;31.15;31.38;10.72;58.56;30.91;26.31;37.53;28.06;15.09;54.49;18.13;7.85;12.67;10.78;30.56;19.37;56.46;13.54;52.60;25.11;14.51;41.81;36.23;37.23;17.95;18.49;46.68;19.71;24.02;13.22;60.39;6.17;37.42;56.02;32.60;33.76;46.68;35.46;13.03;34.62;29.57;15.56;20.69;51.66;43.65;11.86;17.26;28.82;32.56;NaN;30.81;28.04;31.41;105.79;23.00;42.32;45.35;51.14;50.05;34.92;26.02;11.59;18.82;19.19;7.49;46.20;52.15;7.81;24.55;41.26
2019.10.23 00:00;18.27;52.15;47.12;45.52;31.41;31.54;10.73;61.01;30.75;26.93;36.80;28.56;15.02;54.19;17.99;7.79;12.55;10.43;29.91;19.01;56.10;13.42;53.01;24.54;14.33;41.61;36.19;37.40;17.87;18.24;45.84;19.43;24.09;13.25;59.95;6.15;37.10;55.67;31.37;33.53;46.46;35.41;13.13;35.11;29.01;15.64;20.74;50.85;43.42;11.49;16.97;28.57;31.82;NaN;30.96;28.41;31.30;102.97;23.00;42.03;46.30;52.47;49.46;34.50;25.89;11.62;19.21;19.22;7.41;46.02;51.76;7.65;25.64;39.70
2019.10.24 00:00;18.77;52.90;47.49;45.23;31.38;31.64;10.74;63.59;30.39;27.44;37.21;27.65;15.05;54.59;18.13;7.60;12.47;9.95;30.04;19.35;55.43;12.50;53.05;24.54;14.35;41.68;36.02;37.44;17.99;17.88;46.05;19.59;23.93;12.94;60.83;6.00;37.13;56.77;30.85;33.71;46.49;35.19;13.12;35.27;28.44;15.66;20.60;49.03;43.18;11.25;16.57;28.52;31.11;NaN;30.35;27.79;31.72;105.08;22.65;39.43;46.20;51.82;49.56;32.96;25.80;11.62;19.08;18.96;7.18;45.67;51.48;7.49;25.90;39.32
2019.10.25 00:00;17.22;52.54;47.29;45.64;31.79;31.23;10.71;63.59;31.63;27.62;36.57;27.58;15.13;53.79;17.70;7.85;12.17;9.79;29.98;19.49;56.02;12.11;53.32;24.80;14.11;41.41;36.12;37.56;17.73;17.58;44.92;19.27;24.32;13.18;60.33;6.17;36.61;56.52;30.67;33.72;46.62;35.01;13.26;35.50;27.71;15.38;20.26;50.26;41.93;11.38;16.66;28.45;31.84;NaN;31.23;28.70;31.95;106.62;22.82;39.56;46.36;51.14;49.45;32.70;25.70;11.46;19.00;19.24;7.16;47.43;51.18;7.43;25.21;39.16
2019.10.28 00:00;17.16;53.16;47.62;46.66;32.93;30.87;10.47;63.39;31.96;28.14;35.60;27.93;15.35;52.97;17.60;7.77;12.26;9.77;30.27;19.28;55.94;12.20;52.65;25.02;14.08;42.07;36.95;38.09;17.83;18.02;45.60;19.49;24.81;13.15;60.10;6.16;37.64;57.07;30.54;33.57;46.56;34.95;13.37;35.99;28.09;15.20;20.27;49.81;42.60;11.11;16.81;28.79;31.09;NaN;31.47;29.05;31.80;106.57;22.85;39.23;46.77;50.99;48.68;32.68;25.80;11.51;19.17;19.15;7.19;47.57;50.89;7.36;25.38;38.87
2019.10.29 00:00;17.20;53.50;46.79;46.53;32.48;30.34;10.20;62.70;31.98;27.51;35.70;27.85;15.15;52.00;17.21;7.90;12.26;9.54;30.81;18.95;55.52;12.01;52.00;24.91;13.86;42.52;36.39;37.84;17.79;18.15;46.29;19.69;24.85;13.05;60.10;6.13;38.40;56.77;30.67;33.47;46.36;34.19;13.25;35.35;27.88;15.09;20.17;49.97;41.08;11.10;17.32;28.07;30.22;NaN;31.75;29.26;31.85;108.96;22.92;39.23;46.65;51.58;48.51;32.72;25.80;11.39;20.39;18.75;7.30;47.52;50.80;7.35;25.32;38.67
2019.10.30 00:00;17.18;53.64;47.38;47.26;32.63;30.18;10.27;63.52;32.10;27.91;35.66;27.81;15.34;52.75;17.40;7.61;12.53;9.60;30.84;18.99;57.56;11.79;51.50;25.28;13.92;43.11;37.54;38.82;17.65;18.36;46.88;20.19;24.93;13.32;59.93;6.37;38.99;56.27;30.70;33.53;47.05;33.79;13.41;35.57;28.28;15.27;20.45;50.04;43.95;11.04;17.43;29.12;30.90;NaN;32.14;29.52;32.60;108.86;23.10;40.65;45.87;53.32;48.28;32.30;26.35;11.50;20.80;18.76;7.30;47.46;50.84;7.40;25.65;38.38
2019.10.31 00:00;17.00;52.52;47.26;46.05;31.30;30.15;10.34;64.14;31.46;27.45;35.51;27.70;15.35;50.63;17.13;7.52;12.62;9.67;31.22;18.90;56.58;11.79;51.23;25.71;13.75;43.06;38.17;39.19;17.53;18.46;47.35;20.11;24.85;13.37;59.80;6.26;36.73;56.17;31.00;33.55;47.44;34.18;13.18;34.95;27.65;15.42;19.80;50.51;44.56;10.75;16.88;29.10;31.05;NaN;32.21;29.82;31.90;109.56;22.80;40.89;44.51;53.10;47.30;32.64;26.61;11.36;20.49;18.63;7.19;46.11;50.68;7.42;25.30;38.52
2019.11.01 00:00;16.95;53.55;48.06;45.86;31.03;30.46;10.38;65.53;32.02;27.59;35.20;27.87;15.47;50.96;17.48;7.36;12.43;9.85;31.29;19.31;57.62;11.92;53.05;26.94;13.94;43.74;38.33;39.31;17.72;18.40;46.93;20.00;24.92;13.85;60.64;6.52;36.53;56.62;32.86;34.61;48.53;34.69;13.23;35.08;27.68;15.73;20.19;51.42;47.11;10.84;17.51;28.93;31.69;NaN;32.25;29.86;31.76;112.52;22.91;41.00;44.55;53.67;48.29;35.01;26.41;11.40;20.82;19.16;7.35;47.32;50.95;7.64;25.68;39.75
2019.11.04 00:00;17.19;53.50;48.13;45.61;31.06;29.84;10.79;65.17;32.63;26.96;36.30;28.53;15.43;50.37;17.74;7.48;12.42;9.89;31.47;19.28;58.75;12.09;52.39;27.17;14.13;43.77;38.87;39.28;18.01;18.49;45.78;20.26;24.90;14.54;58.88;6.78;35.74;55.72;33.29;34.75;48.43;34.95;13.36;35.20;28.54;16.49;20.01;50.81;44.89;10.97;18.33;29.21;30.93;NaN;32.47;29.79;31.80;113.35;22.78;40.01;44.69;53.96;48.11;36.44;26.72;11.82;20.37;19.20;7.52;48.67;51.32;7.57;25.93;38.40
2019.11.05 00:00;17.32;53.37;48.16;45.89;31.48;30.58;11.25;66.16;32.51;26.67;36.57;29.61;15.20;52.37;17.49;7.36;12.26;9.90;31.21;19.05;58.26;12.30;52.10;26.49;13.80;43.73;38.58;39.11;18.19;18.30;45.54;20.24;25.09;14.69;58.86;6.83;34.86;54.23;32.85;34.84;47.48;35.01;13.53;35.81;27.44;16.82;19.84;49.28;43.97;10.92;17.97;28.43;30.09;NaN;32.06;29.10;31.28;111.44;22.97;39.94;45.34;53.24;47.23;37.16;26.60;11.89;19.70;19.06;7.52;48.71;50.64;7.38;26.53;37.63
2019.11.06 00:00;17.14;51.73;47.77;45.59;31.31;31.39;11.50;65.41;32.66;26.70;35.52;29.00;15.39;54.08;17.59;7.34;12.14;9.86;31.22;18.87;57.84;12.29;51.69;26.41;14.08;43.78;39.07;39.51;18.05;18.37;46.72;19.98;25.24;14.67;59.08;6.83;35.13;54.88;33.65;34.80;47.95;34.38;13.42;35.32;26.00;16.50;20.29;50.15;45.12;10.90;17.94;29.07;31.50;NaN;31.92;29.15;31.81;112.19;23.56;39.95;44.70;52.43;47.85;36.95;26.48;12.41;20.24;19.31;7.62;48.54;52.10;7.45;26.96;38.74
2019.11.07 00:00;17.18;52.49;48.25;45.59;31.39;31.47;11.80;66.16;32.89;26.42;35.96;30.72;15.41;52.92;18.53;7.61;12.25;10.00;31.49;18.96;58.61;12.59;51.82;26.65;14.88;44.00;38.78;39.24;18.29;18.47;47.12;20.19;25.68;15.26;58.84;7.07;35.70;55.21;33.65;34.60;48.11;32.88;13.40;35.54;26.54;17.51;20.13;49.95;44.12;11.34;17.80;29.36;34.10;NaN;32.95;30.32;32.69;111.60;23.78;40.10;45.18;53.36;48.58;38.26;26.59;12.43;20.09;20.32;8.22;48.95;52.04;7.42;27.87;38.14
2019.11.08 00:00;16.92;50.92;47.57;44.95;30.48;30.79;11.82;66.45;32.57;26.88;34.45;31.25;15.16;51.90;18.09;7.72;12.10;9.82;30.39;18.66;58.16;12.29;44.49;26.29;14.50;43.00;36.87;37.82;18.08;18.27;46.44;19.79;25.25;15.18;58.58;7.01;34.09;55.56;32.36;34.35;46.64;31.75;13.23;35.01;26.97;17.42;19.24;48.69;43.74;11.05;17.29;28.65;33.58;NaN;32.41;29.46;32.48;111.05;23.49;39.35;44.07;52.40;49.50;38.00;26.00;12.74;20.18;20.22;7.94;48.04;51.56;7.25;28.02;36.96
2019.11.11 00:00;17.16;50.45;48.94;45.18;30.41;30.69;11.96;66.16;31.91;27.47;34.67;31.40;15.29;52.92;18.56;7.99;12.15;9.80;30.16;18.60;59.32;12.20;43.70;26.40;14.73;42.88;37.48;37.97;17.80;18.22;47.45;20.29;25.46;15.21;59.24;7.08;34.31;57.35;32.15;34.63;46.57;32.97;13.35;35.16;27.18;17.63;19.68;50.31;44.94;11.24;17.17;29.01;33.40;NaN;32.64;29.88;32.76;111.55;23.82;39.90;44.17;51.70;50.93;38.24;25.92;12.60;20.57;20.24;7.83;47.01;51.52;7.31;28.87;37.45
2019.11.12 00:00;16.99;48.51;48.06;44.68;30.13;30.32;11.67;65.96;32.03;26.49;33.20;30.36;15.07;52.11;17.95;7.92;11.94;9.50;30.16;18.20;56.40;11.83;40.80;25.50;14.35;42.40;35.71;36.65;17.19;18.45;47.61;20.13;25.13;15.26;58.10;7.09;32.98;56.37;30.78;34.02;45.87;33.08;13.20;34.56;26.90;17.53;19.31;49.27;43.33;10.79;16.97;28.68;32.43;NaN;32.19;29.62;32.49;109.55;23.05;39.10;43.40;50.73;50.69;38.24;26.19;12.24;20.48;20.17;7.64;46.79;51.56;7.09;28.28;36.10
2019.11.13 00:00;16.99;48.13;48.38;43.94;29.82;30.36;11.71;64.85;31.40;26.16;32.89;30.49;15.09;51.81;17.98;7.98;11.88;9.67;29.78;17.82;57.77;11.27;40.70;25.40;14.35;42.27;35.07;35.73;17.37;18.38;46.86;20.18;25.41;15.29;58.60;7.09;33.14;56.36;31.32;33.98;45.34;33.03;12.98;34.21;26.31;17.34;19.37;49.05;42.43;10.67;16.89;28.46;32.09;NaN;32.08;29.51;32.68;108.06;23.25;38.98;42.70;50.09;49.46;37.64;26.08;12.56;20.41;19.75;7.52;46.03;51.36;7.02;28.99;36.93
2019.11.14 00:00;17.07;50.10;48.65;44.48;29.69;30.53;11.90;66.26;31.60;26.64;32.96;28.81;15.78;54.03;18.24;7.86;11.91;10.28;30.28;17.97;59.53;11.43;40.66;26.13;14.62;42.16;34.54;35.60;17.29;18.64;48.05;20.61;26.36;15.41;57.34;7.16;34.31;54.22;31.78;33.79;46.04;33.88;13.10;34.44;25.64;17.38;19.80;51.45;44.17;10.44;16.26;29.25;32.03;NaN;31.39;28.91;33.79;111.75;24.02;39.54;43.52;50.44;50.44;36.65;25.80;12.93;20.88;19.99;7.52;45.91;52.41;7.60;29.04;38.67
2019.11.18 00:00;17.18;50.90;47.90;44.50;29.50;30.09;12.09;65.76;31.83;26.69;33.28;28.53;15.66;53.50;17.97;7.63;11.65;10.29;29.87;18.59;60.41;11.43;39.18;25.98;14.58;42.57;34.46;34.92;17.35;18.59;47.62;20.46;26.28;15.23;56.21;7.09;34.52;54.26;30.89;33.09;45.85;32.95;13.07;34.28;26.14;17.43;19.49;50.83;44.90;11.02;16.11;29.20;31.00;NaN;31.38;28.70;34.25;110.91;23.81;38.97;43.38;50.75;49.88;37.82;26.03;13.14;21.30;20.06;7.46;46.51;53.58;7.56;29.08;37.20
2019.11.19 00:00;17.28;50.49;46.83;44.29;29.44;30.20;12.34;67.93;32.12;26.68;33.56;28.06;15.50;53.78;17.72;7.63;11.60;10.25;30.09;18.22;59.09;11.59;39.00;25.59;14.41;42.53;33.68;34.23;17.40;18.49;46.95;20.26;25.98;15.27;56.81;7.10;34.32;53.57;30.83;32.95;45.55;33.46;12.90;33.91;25.90;17.44;19.78;50.34;44.44;11.29;16.65;28.60;31.18;NaN;30.94;28.40;34.11;111.35;23.80;38.85;43.02;50.18;50.44;37.92;25.99;13.27;21.68;20.40;7.57;47.05;53.26;7.45;28.98;36.61
2019.11.21 00:00;17.68;52.20;47.75;44.86;29.61;31.20;12.79;70.62;32.68;26.59;33.68;27.58;15.67;54.77;17.93;7.62;11.65;10.54;30.27;18.65;60.62;12.03;41.25;26.28;14.59;42.54;34.17;34.49;17.60;18.49;46.58;20.61;27.09;16.42;58.49;7.61;34.04;55.40;31.17;33.41;46.86;34.12;12.99;34.25;25.08;17.49;20.20;50.82;44.92;10.85;17.28;29.43;31.90;NaN;31.76;29.46;34.05;112.25;24.04;41.02;43.44;52.32;50.68;38.23;26.12;13.41;22.04;21.67;8.08;47.30;52.71;7.55;28.66;36.46
2019.11.22 00:00;17.79;54.67;48.34;45.53;30.10;31.24;12.63;70.36;33.50;26.59;34.09;27.90;15.72;55.79;17.79;7.51;11.93;10.45;30.54;18.51;61.60;12.09;41.90;26.02;14.58;43.15;34.22;34.75;18.11;18.53;46.16;20.36;27.12;16.66;59.95;7.74;34.88;57.06;31.55;33.78;46.86;34.21;13.18;34.48;24.83;17.53;20.14;51.06;45.41;10.69;17.85;29.39;32.00;NaN;31.90;29.58;35.32;113.30;24.19;41.92;43.80;53.55;50.84;38.31;26.37;13.58;21.59;22.40;8.13;48.87;52.90;7.86;28.84;37.14
2019.11.25 00:00;17.80;53.84;46.66;45.38;29.95;30.72;13.47;68.93;33.37;26.77;36.11;27.85;15.70;54.93;17.96;7.80;11.83;10.36;30.26;18.68;61.19;12.34;42.06;26.04;14.82;43.14;33.67;34.38;18.02;18.57;45.90;20.35;27.79;16.77;59.65;7.79;34.77;57.66;31.10;33.84;46.77;34.10;12.86;33.99;27.21;17.29;20.40;51.05;44.22;11.26;17.95;29.13;31.92;NaN;31.70;29.34;36.75;111.09;24.17;41.72;43.29;52.86;51.42;38.00;26.21;13.73;21.65;21.89;8.31;49.68;53.14;7.93;28.88;36.96
2019.11.26 00:00;17.64;51.40;45.42;44.80;29.31;30.08;13.85;67.45;34.22;26.99;36.80;27.90;15.73;53.24;17.98;7.56;11.73;9.95;29.97;18.31;60.27;12.86;41.59;25.55;14.59;42.66;33.47;33.95;17.93;18.72;45.50;19.84;27.87;17.23;58.80;7.98;33.44;56.87;30.35;33.60;46.20;33.57;12.55;33.30;26.55;17.41;20.27;50.77;42.97;10.74;17.77;28.39;32.09;NaN;31.08;28.81;36.00;111.45;24.14;41.21;42.30;52.75;51.21;38.08;26.20;13.55;21.53;21.66;8.40;50.03;51.68;7.95;28.41;38.11
2019.11.27 00:00;17.57;50.99;46.35;46.10;29.80;30.13;14.04;67.29;34.21;27.10;36.62;27.76;15.41;55.71;17.91;7.44;11.70;10.07;29.86;18.23;60.28;12.65;40.84;25.15;14.46;43.25;33.42;33.76;17.98;18.76;45.65;20.10;27.53;17.39;57.31;7.97;33.26;56.38;30.96;32.90;45.77;33.66;12.71;33.49;26.98;17.69;21.11;50.91;45.52;10.77;17.10;28.39;32.40;NaN;31.14;28.94;36.00;113.10;24.15;40.98;42.38;53.13;51.70;39.10;26.33;13.58;21.73;21.53;8.32;49.41;52.66;8.27;28.83;39.90
2019.11.28 00:00;17.62;52.75;47.03;46.35;29.57;30.59;14.83;67.64;33.61;27.26;36.20;27.70;15.72;54.97;18.24;7.72;11.85;10.27;30.25;18.51;61.01;12.60;40.40;25.78;14.72;44.11;33.38;34.21;17.93;19.04;45.65;20.23;27.32;17.14;57.07;7.88;34.56;54.92;31.51;32.83;46.36;34.18;12.74;33.39;28.00;17.47;21.77;51.52;45.52;10.79;17.37;28.93;33.20;NaN;31.27;29.14;36.20;114.14;23.91;42.38;41.64;54.69;52.28;38.57;26.33;13.85;21.66;21.63;8.35;49.20;53.57;8.59;29.20;41.81
2019.11.29 00:00;17.66;53.10;46.61;46.56;29.71;30.58;14.70;69.37;33.61;27.42;36.60;27.99;15.57;56.15;17.92;7.78;12.06;10.25;29.87;18.61;60.80;12.55;40.14;25.63;14.40;44.50;33.62;34.36;18.00;19.36;45.43;20.37;27.82;16.97;56.50;7.78;34.18;55.57;31.58;32.55;47.00;33.76;12.76;33.59;27.84;17.55;22.07;51.55;44.95;10.70;17.24;28.81;33.12;28.81;30.89;28.77;36.80;112.54;24.43;42.65;41.71;55.80;52.10;38.56;26.56;13.47;21.41;21.54;8.43;48.82;53.71;8.81;30.19;41.63
2019.12.02 00:00;17.58;52.94;46.50;46.19;29.91;30.64;15.40;67.77;34.51;27.63;36.42;28.26;16.18;58.60;17.80;7.75;12.00;10.44;29.87;18.60;63.15;13.27;40.86;25.42;14.11;44.57;33.94;34.39;18.45;19.25;45.45;20.33;27.79;17.42;58.99;8.03;33.75;56.12;31.06;32.84;48.23;33.82;12.86;34.06;27.56;17.92;22.51;52.15;44.84;10.85;17.12;29.23;33.40;30.12;30.85;28.69;35.80;109.56;25.19;42.20;42.07;56.48;52.69;38.80;26.75;13.61;21.01;21.82;8.60;50.15;53.63;9.17;29.93;40.73
2019.12.03 00:00;17.48;53.50;46.99;47.12;30.01;31.83;15.65;67.10;33.83;27.29;35.80;28.70;16.19;59.55;17.51;7.81;11.85;10.49;29.88;18.78;62.17;12.77;40.46;26.01;14.06;45.15;34.21;34.82;18.50;19.49;46.20;20.60;27.83;17.02;60.41;7.83;35.11;57.01;31.52;32.16;48.43;33.84;12.83;34.07;27.39;17.90;22.78;52.39;44.51;11.27;18.35;29.11;34.00;30.12;30.76;28.60;35.30;110.05;25.24;42.46;41.93;55.76;52.89;38.95;26.85;13.64;20.68;22.11;8.52;49.25;53.23;9.50;30.47;41.77
2019.12.04 00:00;17.90;53.41;48.24;47.81;30.78;32.05;14.51;70.06;33.84;26.70;36.40;28.83;16.28;59.00;17.49;7.66;11.91;10.62;30.25;18.76;63.74;13.12;41.06;26.36;13.95;46.09;34.41;35.01;18.38;19.56;47.66;21.05;27.81;17.23;59.74;7.90;34.57;57.89;32.74;31.53;48.78;33.55;13.14;35.30;26.61;17.89;22.90;52.65;44.00;10.98;18.35;29.66;34.27;56.28;31.14;29.27;34.89;106.82;25.35;42.05;42.66;56.61;52.39;37.91;27.01;14.02;21.13;21.87;8.73;49.74;53.71;9.45;31.58;41.22
2019.12.05 00:00;17.75;53.41;48.11;47.40;30.91;32.57;15.07;70.19;34.81;26.81;36.30;28.64;16.40;59.30;17.61;8.05;12.09;10.66;30.39;18.88;64.28;12.97;40.70;26.46;13.97;46.78;34.41;35.09;18.41;19.71;48.91;21.49;27.64;17.27;59.02;7.89;34.47;57.86;32.35;31.40;49.22;33.82;13.08;35.25;26.93;17.95;22.82;52.73;44.81;11.07;18.04;30.09;34.33;70.42;31.54;29.65;34.79;105.11;25.22;42.65;42.75;56.71;51.68;38.00;27.12;14.08;21.27;21.41;8.72;49.77;54.01;9.32;32.52;41.08
2019.12.06 00:00;18.05;54.70;47.96;47.20;30.56;32.59;15.08;73.79;35.11;26.63;36.90;29.31;16.55;61.20;17.73;8.04;12.04;10.94;30.42;19.52;65.15;13.32;41.40;27.47;14.00;46.79;34.57;35.56;18.56;19.49;49.17;21.50;28.19;17.57;60.66;8.08;36.19;57.65;33.01;31.57;49.01;33.70;12.96;34.61;26.83;18.21;24.43;53.90;45.32;11.10;18.90;30.41;34.32;73.15;31.75;29.95;35.15;104.50;25.20;43.28;42.25;56.83;52.45;38.20;27.18;14.21;21.64;21.23;8.92;50.16;54.29;10.00;32.49;43.32
2019.12.09 00:00;18.04;54.71;46.55;47.35;30.82;32.50;15.25;75.54;35.32;26.06;36.85;29.04;16.48;60.52;18.16;8.11;11.91;10.99;30.67;19.43;64.48;13.15;41.20;27.67;14.16;46.65;34.52;35.57;18.50;19.81;49.38;21.64;28.36;17.15;58.54;7.88;36.82;55.67;33.02;31.33;48.93;33.47;13.17;35.29;25.93;17.80;24.83;52.65;45.77;10.87;19.09;30.37;34.08;72.86;31.91;29.81;34.82;102.38;25.20;42.75;42.09;58.04;50.75;37.78;27.41;14.35;21.52;21.11;8.62;50.25;54.36;10.23;31.67;41.66
2019.12.10 00:00;17.97;53.60;45.71;46.67;30.71;32.12;15.04;73.42;35.52;26.64;36.80;29.13;16.96;61.09;17.87;8.07;11.78;11.16;30.68;19.32;64.95;13.32;41.62;27.68;14.16;46.42;34.54;35.39;18.43;19.82;49.17;21.89;27.77;17.64;57.98;8.04;35.13;54.49;33.06;31.71;49.27;33.50;13.15;34.78;25.41;18.07;24.84;52.46;46.52;11.19;19.17;30.43;34.64;55.13;32.11;30.04;34.38;103.49;25.05;42.09;42.02;58.23;50.76;38.09;27.64;14.04;21.46;21.38;8.72;50.01;54.19;10.20;31.72;41.57
2019.12.11 00:00;18.05;54.64;45.13;46.60;30.54;32.26;14.79;72.75;35.77;26.91;35.88;29.33;17.10;61.19;18.03;8.22;12.02;11.95;30.73;19.85;67.08;13.65;41.81;27.73;14.60;46.89;34.81;35.38;18.57;19.95;49.40;22.26;27.82;17.57;57.77;7.98;35.43;56.09;34.09;31.59;49.52;33.40;13.11;34.37;24.87;18.46;24.69;53.18;47.50;11.10;19.65;30.33;34.55;55.13;32.12;30.00;34.40;101.09;25.65;43.19;41.92;59.79;51.68;39.18;27.76;14.10;21.42;21.48;8.85;50.63;53.42;10.32;32.82;43.33
2019.12.12 00:00;18.29;55.07;45.61;47.78;30.94;32.40;14.30;73.50;36.35;27.19;35.51;29.29;17.17;64.39;18.01;8.37;12.04;12.10;31.10;20.75;67.51;14.08;43.43;28.39;14.60;46.97;34.92;35.41;18.82;19.99;49.88;21.89;27.77;17.88;59.25;8.08;35.83;57.07;33.48;32.01;49.86;34.13;13.09;34.36;24.68;18.55;26.18;53.79;47.75;10.97;20.86;30.68;35.32;55.13;32.54;30.56;34.03;103.33;25.88;44.30;42.00;57.79;51.86;39.16;28.05;14.36;22.17;21.79;9.20;51.72;53.29;10.00;33.54;44.18
2019.12.13 00:00;18.60;56.86;45.32;47.41;31.00;33.15;13.73;73.76;37.17;26.91;33.95;29.13;17.39;65.97;18.28;8.75;12.05;12.20;31.58;20.57;67.85;14.16;43.63;29.14;14.79;47.13;34.71;35.66;19.03;20.13;50.75;22.38;28.10;18.46;59.80;8.55;36.31;56.05;33.07;32.38;49.54;33.35;13.19;35.09;25.06;18.65;26.73;53.99;48.99;10.91;22.16;30.73;36.71;40.31;31.02;29.58;34.22;106.71;25.41;44.35;42.29;56.78;52.60;38.88;28.49;14.60;22.73;21.98;9.16;52.51;53.79;10.87;33.79;46.33
2019.12.16 00:00;18.66;57.27;45.15;46.76;30.45;32.68;13.47;73.25;37.10;27.87;34.74;28.64;17.36;66.31;18.52;8.30;12.40;12.10;31.86;20.79;67.88;13.99;43.38;29.82;15.21;46.65;34.99;36.19;18.96;20.06;50.79;21.78;28.26;18.08;61.38;8.46;36.46;57.71;33.59;32.75;50.18;33.40;13.07;34.29;24.92;18.34;26.49;54.19;49.22;10.87;22.35;30.96;38.00;47.01;30.78;29.02;33.95;105.04;25.37;44.98;42.13;56.91;53.21;39.20;28.55;14.44;22.50;22.15;9.04;52.10;54.07;11.25;33.23;46.47
2019.12.17 00:00;18.50;56.87;46.68;47.82;31.02;33.33;12.68;73.90;36.98;28.55;33.63;28.46;17.39;64.06;18.50;8.76;12.48;12.00;31.62;21.24;66.97;13.86;42.66;29.37;15.15;46.45;34.68;36.01;19.16;19.95;50.51;21.80;28.13;17.99;62.79;8.41;35.46;58.13;32.77;32.87;49.65;33.84;13.32;34.81;24.43;18.57;25.86;53.88;47.80;10.70;21.87;30.61;36.86;46.00;31.20;29.46;34.15;105.71;25.26;44.79;42.50;56.51;53.18;40.03;28.55;14.53;22.47;22.71;9.16;52.18;54.30;10.99;33.70;45.49
2019.12.18 00:00;18.67;57.61;47.43;49.47;31.88;33.75;12.93;74.32;36.75;28.57;34.33;28.77;17.67;63.66;18.98;8.71;12.55;11.64;32.34;22.07;67.68;13.71;43.07;29.41;15.51;48.79;34.16;34.95;19.42;20.17;51.08;22.09;29.14;17.80;65.11;8.37;35.28;60.58;32.75;34.13;50.07;34.74;13.45;35.25;25.30;18.66;25.69;54.84;48.45;10.25;21.54;30.98;36.76;46.00;32.03;30.14;35.68;104.64;25.26;45.85;43.79;57.66;54.33;39.57;28.68;14.71;22.40;23.39;9.16;52.30;54.48;11.26;33.64;47.25
2019.12.19 00:00;18.75;57.71;47.43;49.98;32.47;33.99;12.37;75.36;36.85;28.78;34.37;28.01;18.00;63.59;19.00;8.51;12.66;11.21;33.17;22.09;66.94;13.71;44.59;29.01;15.96;47.87;34.62;35.48;19.29;20.59;51.35;22.26;29.68;18.24;66.47;8.68;36.57;62.02;33.59;34.68;50.38;34.77;13.46;35.43;25.66;18.61;25.84;55.37;48.54;9.72;21.73;31.54;38.85;110.00;31.98;30.21;37.00;105.46;25.48;46.39;44.50;57.98;55.58;39.67;28.77;14.62;22.50;23.99;9.23;52.82;54.66;11.24;33.34;48.78
2019.12.20 00:00;18.91;57.00;47.96;49.88;32.21;33.50;12.08;74.63;37.23;28.65;34.81;28.38;17.95;62.49;18.84;8.44;12.62;10.89;33.31;22.75;68.16;13.79;43.59;28.90;15.86;47.65;34.73;35.60;19.65;20.80;50.88;22.03;29.12;19.12;67.01;8.91;36.02;63.80;33.87;34.61;51.10;35.41;13.34;35.27;25.41;18.52;26.13;55.44;48.51;9.49;20.95;31.89;39.04;85.00;31.61;29.86;36.90;106.97;25.67;45.37;44.79;58.02;55.68;40.18;28.72;15.20;22.65;24.30;9.24;53.59;55.25;11.37;33.63;47.23
2019.12.23 00:00;18.96;57.60;45.78;51.38;32.41;33.68;12.07;73.86;37.77;29.53;34.53;29.25;18.16;62.39;19.23;8.50;12.67;11.20;33.43;22.98;67.75;14.51;43.46;28.97;16.29;48.95;37.16;36.82;19.73;20.94;52.00;22.11;29.29;19.43;66.16;9.00;36.46;63.05;34.92;34.95;51.99;35.57;13.44;35.60;25.73;18.57;26.39;55.83;48.66;9.40;20.98;32.04;39.85;72.50;32.08;30.10;36.40;108.06;25.94;46.62;44.80;58.36;56.46;40.04;28.91;15.31;22.39;25.01;9.44;53.38;55.74;11.67;33.56;48.09
2019.12.26 00:00;19.22;57.07;45.57;51.97;32.81;33.51;12.64;74.24;38.37;29.47;35.18;30.17;18.28;62.52;19.50;8.67;12.88;11.60;33.85;23.10;67.63;14.48;43.53;29.71;16.55;50.20;36.58;36.95;19.72;21.20;52.86;22.43;29.39;19.85;68.09;9.12;36.65;64.25;34.47;35.26;53.29;36.34;13.67;36.14;25.89;18.54;26.64;56.67;49.01;9.69;21.53;33.14;39.44;128.70;32.36;30.50;38.12;109.44;26.60;48.07;45.74;59.90;57.22;40.72;29.24;15.51;22.23;25.28;9.44;53.59;56.23;11.80;34.62;47.70
2019.12.27 00:00;19.16;57.80;43.19;51.74;32.68;33.59;12.74;74.85;38.49;29.76;35.24;30.44;17.98;62.19;19.16;8.51;12.88;11.61;33.47;23.05;68.57;13.94;44.16;29.73;16.46;49.90;36.43;36.43;19.72;21.15;52.96;22.44;29.68;19.84;68.90;9.08;36.92;63.65;33.59;34.96;52.74;35.93;13.61;36.05;25.80;18.51;26.08;55.90;48.65;9.76;21.94;32.91;38.87;130.00;31.85;30.47;37.67;109.61;26.87;47.77;45.87;60.11;58.07;40.00;29.17;15.51;21.51;25.40;9.34;53.60;55.84;11.50;35.10;47.90
2019.12.30 00:00;18.67;58.28;41.97;51.60;32.64;33.46;12.84;75.17;38.28;29.41;35.20;29.85;18.06;62.65;18.98;8.34;12.97;11.43;33.61;23.10;68.12;14.09;43.80;29.40;16.30;49.89;36.48;36.57;19.73;21.51;52.89;22.50;29.81;19.96;68.02;9.26;36.80;63.75;33.62;35.14;52.39;35.41;13.57;35.85;25.22;18.39;25.90;55.99;47.62;9.96;21.55;32.97;38.67;85.01;31.68;30.13;37.10;111.33;26.10;47.23;46.84;58.88;58.95;39.68;29.41;15.59;21.42;25.16;9.42;53.30;55.36;11.17;34.43;46.62
2020.01.02 00:00;19.20;58.80;44.40;52.56;33.85;33.82;12.57;75.34;38.03;30.06;35.88;30.40;18.22;64.96;19.00;8.56;13.05;12.20;33.29;23.67;70.21;14.67;44.71;30.81;16.30;51.06;36.85;37.01;20.20;21.65;53.58;23.25;30.28;20.72;71.42;9.66;37.17;66.29;34.14;35.45;53.97;36.27;13.82;36.77;26.59;18.74;26.79;57.29;49.28;10.06;22.20;33.55;38.33;84.99;32.47;30.65;39.20;114.51;26.40;49.43;48.17;58.87;61.32;40.79;29.20;15.69;22.95;25.28;9.61;54.33;55.39;11.73;35.00;45.89
2020.01.03 00:00;18.93;56.76;43.12;52.47;33.86;33.44;12.90;75.39;38.57;29.88;35.94;31.75;18.63;64.08;18.79;8.45;12.91;12.15;33.08;24.28;71.57;14.56;44.20;32.48;16.17;51.36;36.29;36.86;20.41;21.79;53.78;22.97;29.49;20.38;72.75;9.68;35.90;69.09;34.55;36.18;54.05;35.98;13.62;36.38;26.85;19.37;26.84;56.89;48.84;10.28;22.20;33.55;41.00;75.99;31.67;30.40;40.01;111.96;25.63;48.71;48.17;57.86;63.80;40.65;29.21;15.72;23.43;24.98;9.51;53.93;55.88;11.48;34.56;44.92
2020.01.06 00:00;19.02;55.00;42.71;51.77;33.26;33.99;12.89;74.50;38.75;28.39;35.57;33.40;18.50;63.68;18.31;8.24;13.09;11.99;33.39;23.22;71.15;14.20;43.82;32.18;16.08;50.93;36.46;36.92;20.38;21.62;53.94;23.00;30.36;20.33;69.75;9.63;34.25;66.94;33.59;35.35;53.96;35.65;13.59;35.84;26.21;19.11;26.53;56.84;48.88;10.09;21.90;33.49;40.13;90.00;32.70;30.76;41.65;109.75;24.90;48.14;46.90;56.97;63.37;40.58;29.24;15.70;22.90;24.44;9.33;53.61;55.02;11.48;34.65;45.79
2020.01.07 00:00;19.06;56.82;44.09;51.38;32.68;34.01;13.48;75.28;38.92;28.35;35.16;32.53;18.80;63.52;18.72;8.00;13.57;12.08;33.00;23.09;72.43;14.20;44.40;32.28;16.44;51.03;37.40;37.48;20.50;21.49;53.31;22.88;30.67;20.65;67.37;9.70;34.45;65.10;32.24;35.00;54.12;35.88;13.41;35.01;26.68;19.14;26.00;56.82;48.74;10.40;22.00;33.58;40.78;85.01;32.25;30.64;40.59;108.25;25.27;48.61;46.62;56.00;62.52;41.10;29.00;15.87;23.00;24.98;9.42;54.00;55.13;11.65;34.92;44.93
2020.01.08 00:00;18.97;56.92;43.97;50.91;32.17;33.99;13.63;74.78;38.91;28.21;36.51;34.16;18.25;64.37;18.59;7.82;13.95;12.00;32.80;22.65;71.24;14.18;44.34;31.28;16.48;50.52;37.94;37.80;20.33;21.46;53.65;23.04;30.49;20.73;67.77;9.64;35.81;63.76;31.49;34.55;54.27;36.02;13.20;34.44;27.34;19.20;25.81;57.18;50.23;10.66;21.62;33.71;40.99;94.01;31.73;30.45;39.81;109.69;25.60;48.37;46.18;55.17;62.30;43.15;28.41;16.04;22.69;24.79;9.30;54.01;54.88;11.60;33.59;44.67
2020.01.09 00:00;18.82;57.28;43.95;49.88;31.66;33.90;13.42;75.48;38.41;27.47;36.84;34.85;18.51;67.81;18.14;7.34;13.83;12.10;33.39;23.15;70.48;14.03;43.39;31.13;16.43;50.67;37.98;38.35;20.19;22.00;53.93;23.32;31.05;20.62;68.14;9.65;36.65;63.38;31.54;35.29;54.26;37.41;12.94;33.75;27.67;19.42;26.51;56.75;52.02;10.91;21.46;33.50;42.00;82.02;31.91;30.35;40.10;112.99;25.93;48.63;45.45;56.02;63.87;43.04;28.56;15.82;23.06;24.84;9.24;53.30;54.82;11.66;33.10;45.06
2020.01.10 00:00;18.89;57.50;43.60;48.71;31.08;33.49;13.36;75.47;38.29;27.58;36.34;34.45;18.64;66.55;18.17;7.39;14.04;12.20;34.02;23.38;71.52;14.19;42.04;31.34;16.37;51.43;38.70;38.87;20.11;22.40;54.74;23.59;30.51;20.90;68.55;9.86;37.24;62.03;31.69;35.48;54.21;37.43;12.86;33.45;27.52;19.50;26.46;56.92;51.74;10.75;21.25;33.15;42.89;93.50;31.78;30.22;40.65;109.49;25.67;47.66;45.07;55.81;63.28;43.11;28.65;16.24;22.89;24.78;9.06;53.36;55.48;11.70;33.77;45.26
2020.01.13 00:00;19.21;58.30;43.65;49.25;31.42;33.24;14.56;75.90;39.90;28.15;36.70;34.00;19.04;68.93;18.30;7.42;14.44;12.55;33.90;23.17;73.35;15.05;41.60;31.94;16.65;52.40;38.80;39.00;20.46;22.40;54.60;23.58;30.36;21.80;69.72;10.37;38.00;62.37;32.47;36.62;55.78;37.75;13.03;33.90;28.08;20.43;26.99;58.16;54.17;11.05;21.57;33.50;43.73;91.00;31.77;30.28;41.95;112.06;25.95;47.81;45.87;58.24;61.84;44.70;28.97;16.25;23.11;25.00;9.45;55.30;56.82;12.70;34.09;46.82
2020.01.14 00:00;19.10;59.19;43.95;48.99;31.38;33.64;14.45;74.59;40.28;28.16;36.55;34.27;19.22;68.12;18.91;7.48;14.59;12.79;33.65;23.15;75.69;14.81;42.50;32.18;17.36;53.13;38.12;38.39;20.37;22.40;54.46;24.13;30.81;21.38;70.68;10.12;37.99;62.48;32.89;37.23;55.61;37.49;13.18;33.90;28.05;21.06;27.87;57.42;53.94;11.36;22.05;34.00;44.26;94.50;31.51;29.95;42.96;113.73;25.80;48.01;45.36;59.51;63.35;44.25;29.06;16.31;23.11;25.28;9.49;55.64;56.59;13.35;34.77;47.80
2020.01.15 00:00;18.76;59.30;42.77;48.09;30.83;33.68;14.40;74.07;40.38;27.81;36.47;33.62;19.13;69.87;18.51;7.26;14.49;12.35;33.89;22.60;74.45;14.61;41.39;31.69;17.50;52.49;37.95;38.27;20.00;21.94;53.93;23.94;30.58;21.06;72.63;10.14;36.97;60.99;31.82;36.75;54.90;38.37;12.96;33.48;27.96;20.61;27.50;57.04;53.60;11.91;21.70;33.97;44.58;95.00;30.81;29.50;42.39;114.07;24.97;48.02;44.31;59.21;62.27;44.94;28.97;16.32;23.17;25.05;9.30;55.46;56.26;13.55;34.99;47.38
2020.01.16 00:00;18.70;59.44;43.26;48.31;31.27;33.19;14.99;74.52;40.24;27.54;35.87;34.08;18.75;70.12;18.78;7.29;14.58;12.02;34.51;23.18;75.59;14.74;41.07;31.81;17.99;52.13;38.80;39.07;19.65;22.13;54.06;24.09;30.59;21.26;71.66;10.18;36.64;63.04;31.91;36.92;54.66;38.00;12.99;33.55;28.16;20.59;27.85;57.50;53.40;12.10;21.62;34.15;45.41;96.00;30.91;29.47;41.63;113.50;24.34;48.96;44.69;58.87;63.10;44.30;29.10;16.50;23.17;25.10;9.58;55.17;57.61;13.59;35.63;47.60
2020.01.17 00:00;18.70;61.35;44.63;48.96;32.00;33.25;14.85;76.48;41.97;28.11;35.75;34.27;18.97;71.02;19.03;7.22;14.71;11.67;35.26;23.14;76.37;14.76;41.64;32.81;18.20;52.47;38.85;39.37;19.55;22.13;53.97;24.19;30.74;21.53;73.85;10.39;37.93;62.98;31.41;36.85;54.96;39.28;13.10;33.78;29.08;20.74;28.33;59.01;54.29;12.10;21.69;34.56;45.88;96.00;31.53;29.80;41.81;115.36;24.30;49.30;45.55;58.48;63.95;43.78;29.66;16.55;24.01;25.94;9.67;57.00;57.72;13.73;36.55;49.08
2020.01.20 00:00;18.80;61.77;44.79;48.65;31.38;33.27;14.87;76.38;42.39;28.49;36.05;34.43;18.97;75.42;19.45;7.04;14.49;11.53;35.93;23.28;77.90;15.08;41.00;33.52;18.40;52.44;38.94;39.33;19.39;22.62;53.69;24.22;31.56;22.23;76.07;10.82;37.80;63.13;30.99;37.17;55.81;39.87;12.92;33.09;29.15;20.88;29.01;59.29;55.94;12.27;22.29;34.48;46.50;100.00;31.66;29.95;42.60;118.78;24.69;49.41;45.34;58.62;65.51;42.95;30.23;16.29;24.18;26.41;9.66;57.36;58.49;14.01;37.68;51.04
2020.01.21 00:00;18.74;60.05;44.00;47.24;30.33;33.13;15.22;76.92;41.59;28.07;35.43;35.54;18.39;76.30;19.44;6.89;14.31;11.18;35.70;22.72;76.44;14.64;39.33;33.19;18.58;52.64;38.19;38.90;18.93;22.61;53.87;24.09;31.48;21.76;74.22;10.48;36.68;63.78;27.09;35.95;55.34;39.10;12.62;32.39;29.41;20.59;29.01;58.74;55.85;12.35;21.65;34.25;45.95;90.00;30.71;29.57;43.33;125.15;24.23;49.01;43.10;58.65;65.13;42.70;30.04;16.70;23.96;26.02;9.46;56.03;58.50;14.32;37.24;50.52
2020.01.22 00:00;19.05;59.60;46.75;47.61;30.44;33.30;14.05;77.84;42.25;28.41;35.60;36.36;18.47;75.59;19.30;7.15;14.15;11.30;35.63;23.03;78.71;15.66;39.74;33.70;18.39;52.65;40.32;40.56;19.20;22.61;54.75;24.08;32.19;22.03;74.29;10.68;37.18;63.95;27.07;35.05;55.43;40.82;12.80;32.58;29.37;21.68;28.52;59.63;55.63;12.10;21.81;34.73;47.75;89.99;30.71;29.24;44.49;125.40;24.32;49.64;43.21;59.36;65.90;44.85;30.18;17.00;24.58;27.07;10.78;56.30;59.33;15.00;38.64;50.06
2020.01.23 00:00;18.65;61.20;47.94;50.29;31.24;33.35;14.27;77.91;41.66;28.82;34.84;39.00;18.86;75.09;20.08;7.11;14.37;11.69;36.21;23.49;79.02;15.47;40.41;34.05;18.96;52.64;40.06;40.65;18.99;22.92;55.07;24.10;31.58;22.12;72.40;10.59;39.05;64.28;26.47;34.94;56.53;39.89;13.05;33.35;29.15;21.76;29.06;60.65;56.52;12.14;21.75;35.52;49.38;89.99;30.92;29.55;44.99;123.14;24.79;51.54;44.05;60.89;66.06;44.45;30.38;16.77;24.84;27.46;11.01;55.50;58.65;15.16;39.38;51.03
2020.01.24 00:00;18.99;59.46;48.22;49.62;31.01;33.03;13.10;77.91;40.84;28.94;33.83;37.63;18.74;74.00;19.82;6.99;14.52;11.67;35.86;23.40;78.89;14.89;39.54;33.02;18.90;52.90;39.33;40.52;18.55;22.81;55.65;24.11;31.69;21.63;70.41;10.35;37.82;64.48;26.95;34.49;54.37;38.93;12.86;33.10;28.64;21.74;28.95;59.95;56.09;12.10;21.65;35.13;49.18;81.50;30.80;29.30;43.98;123.65;24.33;51.21;43.25;60.73;65.70;43.87;30.20;16.39;24.38;27.19;10.72;53.80;58.03;15.00;41.15;51.07
2020.01.27 00:00;18.55;57.48;46.90;49.14;30.30;32.21;12.03;73.27;38.26;28.02;31.78;35.22;18.44;71.88;19.42;6.99;14.31;11.28;34.98;22.41;77.16;13.73;37.82;31.89;19.02;51.87;37.21;39.41;18.14;22.62;55.56;23.75;31.48;19.91;67.98;9.58;35.30;61.21;25.98;33.61;52.91;38.09;12.58;32.39;26.68;20.79;28.22;58.67;53.74;11.22;20.17;34.08;47.47;81.50;29.50;28.03;41.86;124.65;23.90;51.24;42.82;59.87;61.98;40.93;29.71;16.50;23.98;26.12;9.96;50.51;58.51;13.90;40.70;49.90
2020.01.28 00:00;18.80;62.41;48.31;49.54;30.33;32.21;12.15;74.78;38.25;28.36;31.36;34.17;18.80;74.79;19.45;7.24;14.58;11.70;35.18;23.14;78.67;13.63;38.41;32.76;19.10;52.53;38.90;40.79;18.20;22.87;56.50;24.32;31.83;20.16;70.25;9.84;36.19;62.48;26.13;33.29;53.62;40.28;12.63;32.38;27.55;20.81;28.47;59.46;56.93;11.57;20.11;34.65;49.04;89.99;30.20;28.80;43.53;124.52;23.90;52.69;42.96;62.71;63.42;41.65;30.17;17.02;24.74;26.61;9.95;51.20;59.06;14.64;41.73;51.26
2020.01.29 00:00;18.30;59.87;47.84;48.32;29.90;32.78;11.93;74.49;37.53;28.02;31.10;32.85;18.96;75.18;19.00;6.95;14.49;11.70;36.14;23.34;78.32;13.35;37.01;32.42;18.87;52.07;39.11;40.67;18.18;22.24;55.96;23.96;30.52;20.10;70.25;9.65;34.94;61.28;26.06;34.22;53.53;40.00;12.49;31.87;26.77;21.13;28.40;59.78;57.23;11.10;21.05;35.03;48.35;89.98;30.06;28.85;42.44;128.23;23.65;54.04;42.16;60.67;63.14;41.02;29.97;16.87;24.39;25.78;9.79;50.75;58.67;14.45;42.11;50.88
2020.01.30 00:00;18.34;59.71;48.03;48.65;30.20;32.77;11.42;74.98;37.67;28.33;30.60;31.80;18.76;73.75;18.80;7.08;14.29;11.49;36.36;22.87;78.99;13.40;36.23;32.16;18.36;51.56;38.29;39.59;18.10;21.97;55.33;24.07;31.00;20.70;70.08;9.88;35.04;60.09;25.48;34.91;52.96;40.16;12.60;32.34;26.34;21.17;27.71;58.99;56.44;10.82;21.18;35.01;48.95;86.00;30.68;28.94;41.70;124.95;23.22;53.62;42.48;60.56;62.30;40.51;29.55;16.72;24.12;25.64;9.68;51.50;57.96;14.65;40.70;51.32
2020.01.31 00:00;17.85;59.26;47.44;47.42;29.69;32.00;11.93;74.58;37.01;28.16;30.55;31.55;18.40;70.96;18.24;7.07;14.06;11.62;36.18;22.34;78.03;12.89;36.50;31.49;17.73;51.11;37.63;39.08;18.14;22.08;54.51;23.53;30.36;20.01;69.97;9.51;34.25;60.05;24.52;35.02;52.78;40.76;12.39;31.73;26.96;20.73;27.55;57.24;55.74;10.97;20.87;34.68;47.58;89.99;30.05;28.45;41.46;123.87;23.20;53.42;41.46;59.30;61.98;39.67;29.20;16.75;24.77;24.94;9.54;50.27;57.50;14.00;39.15;51.73
2020.02.03 00:00;17.59;60.13;49.30;47.65;29.88;32.14;12.31;75.07;37.68;28.70;31.57;33.45;19.05;71.18;18.45;7.16;14.28;11.65;36.87;22.30;80.52;13.01;36.66;32.14;18.00;51.65;37.29;38.47;18.04;22.69;56.50;24.58;31.05;20.51;73.19;9.87;34.35;61.78;24.70;35.95;53.54;37.07;12.38;31.82;27.48;20.57;27.30;57.57;56.47;11.25;20.58;35.22;47.79;88.88;29.71;28.18;43.82;123.46;23.26;54.25;41.26;60.04;61.46;39.50;29.38;17.06;26.02;25.04;9.61;50.91;58.34;14.49;40.40;53.85
2020.02.04 00:00;17.65;60.80;49.18;47.13;29.90;31.70;12.04;75.22;38.60;28.58;32.18;33.40;19.18;73.20;18.10;6.96;14.46;12.30;36.26;22.83;79.70;13.24;37.20;32.53;17.75;51.90;37.05;38.85;18.25;22.24;57.11;25.53;31.98;21.39;73.25;10.05;35.16;61.33;25.54;37.16;54.14;37.54;12.40;32.07;26.86;20.94;27.80;56.70;57.60;11.30;21.15;35.18;48.52;87.00;30.44;28.63;43.72;122.78;23.73;54.79;41.59;61.19;61.29;38.89;29.37;16.91;25.88;24.82;9.70;52.27;59.06;14.95;40.25;55.55
2020.02.05 00:00;17.25;61.27;48.58;49.23;30.47;31.86;12.10;78.46;38.86;28.94;32.07;34.31;19.10;73.25;18.35;7.04;15.02;12.18;37.06;22.69;80.58;13.29;37.00;32.68;17.86;51.85;36.46;38.52;18.41;22.18;57.88;25.54;32.81;21.36;72.24;10.21;36.19;58.36;25.21;37.70;53.68;38.64;12.47;32.27;26.60;20.89;27.45;56.99;57.24;11.63;21.60;34.77;48.50;91.16;30.18;28.39;43.60;121.47;23.70;55.30;41.83;63.14;61.28;38.40;29.58;16.80;25.97;25.09;10.18;52.99;58.91;15.14;41.09;54.47
2020.02.06 00:00;16.87;59.07;47.93;48.40;30.12;32.02;11.90;77.76;38.93;28.65;31.85;31.75;18.34;71.26;17.80;7.37;14.75;11.85;36.16;22.37;79.27;13.21;36.52;32.68;17.43;50.88;34.82;37.54;18.65;21.97;57.21;25.13;31.44;21.20;71.76;9.86;35.75;58.68;24.99;37.47;52.98;38.77;12.35;32.19;26.18;21.07;26.69;55.02;55.77;11.44;21.10;33.78;47.04;90.90;30.99;29.18;43.65;120.91;23.56;53.63;40.89;62.03;60.80;38.90;29.10;16.63;25.44;24.78;9.95;53.28;58.28;14.85;42.55;52.67
2020.02.07 00:00;16.92;56.29;47.54;48.45;30.47;32.54;11.17;77.00;37.82;28.20;31.54;31.78;18.04;67.73;17.28;7.36;14.28;11.29;35.74;22.29;77.25;12.71;35.00;32.41;16.82;49.41;34.22;36.69;18.39;21.24;56.33;24.85;30.55;20.21;69.90;9.45;34.46;57.61;24.38;38.04;53.25;35.94;12.32;32.61;25.09;20.54;26.20;55.37;54.17;11.09;20.03;33.24;45.57;87.10;31.15;28.93;42.20;120.16;23.20;52.72;41.39;61.61;59.87;37.64;28.74;16.66;25.04;24.04;9.53;52.10;57.88;14.32;40.83;51.82
2020.02.10 00:00;16.73;56.82;47.87;47.97;30.79;32.96;10.68;73.41;36.91;28.11;30.84;31.39;17.87;65.55;17.26;7.24;13.76;11.09;34.86;21.91;77.25;12.15;32.89;30.49;16.76;49.03;32.93;35.69;18.51;21.01;54.79;24.66;30.29;19.89;68.17;9.40;34.16;55.74;24.20;37.47;51.69;30.01;12.57;33.16;24.93;20.16;25.99;54.76;52.32;10.32;19.80;32.70;44.98;94.00;31.26;29.13;40.40;119.39;22.70;52.12;41.99;59.63;58.54;37.00;28.76;16.33;24.73;23.64;9.20;50.19;57.21;13.79;41.25;51.19
2020.02.11 00:00;16.80;58.34;48.13;50.13;31.06;33.93;11.39;75.94;38.64;29.43;30.90;32.16;18.24;70.36;17.96;7.13;14.16;11.15;35.62;21.81;81.95;12.71;34.60;31.85;17.27;49.95;33.40;35.96;18.94;21.11;56.37;25.27;30.52;21.05;69.99;9.81;36.20;57.99;24.20;38.06;54.23;31.50;12.79;33.92;25.37;20.78;27.11;56.29;54.21;10.91;20.16;33.66;47.80;94.00;31.69;29.48;42.42;120.95;23.75;53.89;42.13;61.29;60.01;38.49;29.06;16.81;24.96;24.79;9.83;52.05;57.55;14.62;42.76;52.02
2020.02.12 00:00;16.65;59.66;49.10;50.43;30.65;34.18;11.66;78.96;38.99;30.07;31.25;31.86;18.56;70.69;18.16;7.32;14.18;11.60;35.89;21.90;82.44;12.97;33.74;32.50;17.60;49.89;33.98;36.38;19.13;21.33;58.05;25.95;31.13;21.24;72.39;9.99;36.30;58.71;24.62;38.40;55.07;30.64;12.88;33.79;25.23;21.72;27.29;56.45;55.88;10.78;20.45;34.00;49.28;92.00;32.22;30.13;43.26;121.82;24.44;55.26;42.06;62.16;61.18;40.00;29.73;17.49;26.02;24.77;9.77;53.07;58.37;14.99;44.26;53.13
2020.02.13 00:00;16.27;59.00;48.80;49.64;30.06;34.27;11.84;80.99;38.18;30.40;31.33;30.83;18.40;73.08;18.00;7.20;13.90;11.80;35.49;21.78;81.53;12.98;33.88;32.45;17.20;49.44;33.83;36.24;19.17;21.36;57.22;26.02;30.04;21.14;72.25;9.99;35.40;58.68;25.19;37.91;54.12;29.82;12.68;33.26;25.70;21.68;27.59;57.10;56.99;11.30;20.52;33.44;49.17;90.01;31.61;29.72;42.45;119.66;23.80;54.81;41.25;62.04;60.63;41.30;29.41;17.39;25.92;24.21;10.25;52.14;58.06;15.01;45.27;52.38
2020.02.14 00:00;16.41;59.24;49.41;48.70;29.38;33.44;11.79;77.56;37.53;29.80;30.90;30.93;18.08;70.36;17.90;7.29;13.94;11.71;35.52;21.41;80.97;12.65;33.10;32.18;17.03;49.30;34.53;36.70;18.56;21.26;57.46;25.62;30.35;20.46;71.80;9.65;36.00;58.47;24.65;36.76;54.38;31.50;12.52;32.70;25.20;21.34;27.12;56.25;56.27;11.65;19.96;33.54;50.88;94.50;31.30;29.42;41.70;121.84;23.02;54.79;40.13;62.65;60.20;39.81;29.28;16.89;25.78;23.85;9.81;51.00;56.56;14.73;45.27;52.51
2020.02.17 00:00;16.60;58.70;50.88;47.96;29.14;32.71;12.25;76.87;39.00;29.83;31.00;31.20;17.76;71.41;17.94;7.24;14.17;11.71;36.07;22.16;79.37;13.08;33.34;32.50;17.15;49.69;34.68;36.94;18.87;21.28;58.29;26.03;30.44;20.66;72.17;9.74;36.39;59.85;24.75;36.91;54.86;33.27;12.52;32.40;25.23;20.96;27.43;56.99;58.79;12.54;20.00;33.20;50.61;94.50;31.38;29.36;42.60;120.41;22.72;55.01;40.19;63.51;59.17;40.00;29.54;17.19;27.78;24.32;9.64;53.41;56.34;15.10;45.47;52.85
2020.02.18 00:00;16.18;58.02;50.33;48.42;29.02;32.32;12.50;74.53;38.64;29.60;30.85;31.35;17.67;71.76;18.12;7.40;14.16;11.40;35.93;21.80;77.88;13.31;32.51;32.17;17.18;49.93;36.75;38.87;18.77;21.34;57.92;25.47;30.31;20.48;71.47;9.62;35.87;58.96;25.35;35.83;54.73;33.00;12.70;32.54;25.12;21.00;27.30;56.65;58.16;13.46;20.19;33.82;49.86;94.50;31.62;29.75;41.28;119.56;23.19;55.08;40.36;63.32;59.95;40.10;29.61;17.11;27.41;23.80;9.68;52.80;55.94;14.97;44.40;53.21
2020.02.19 00:00;16.13;58.08;52.30;48.54;29.44;32.95;12.55;74.53;38.98;29.26;31.16;31.90;17.95;72.95;18.76;7.45;14.09;11.15;36.35;21.56;79.41;13.52;32.60;33.27;17.47;49.97;37.61;39.34;19.04;21.83;57.80;26.12;31.33;20.39;71.75;10.11;36.35;59.52;24.62;36.09;55.12;33.34;12.85;33.00;26.19;21.00;27.22;56.31;57.80;13.75;20.39;34.07;50.35;94.50;32.24;30.55;41.80;119.90;24.07;54.84;40.65;64.62;61.46;40.17;29.69;16.96;27.29;23.56;9.63;52.81;56.51;15.90;48.49;54.38
2020.02.20 00:00;16.17;56.40;51.49;48.04;29.01;32.43;12.41;72.49;38.30;28.89;30.68;31.58;17.66;70.75;18.41;7.20;13.73;11.05;35.74;21.24;78.20;13.21;32.07;33.42;17.52;48.48;36.65;38.60;19.68;21.19;57.45;25.63;30.80;19.49;70.93;9.37;34.80;57.77;23.82;35.66;55.06;31.27;12.76;32.89;25.21;21.03;26.84;55.33;56.48;13.77;20.46;33.60;50.00;85.30;31.43;29.92;39.81;118.76;24.13;54.51;40.59;63.29;59.03;40.19;29.02;16.91;27.29;21.83;9.37;52.20;55.38;15.95;47.17;53.98
2020.02.21 00:00;16.25;55.65;51.23;48.08;28.79;32.00;12.76;72.08;37.72;28.35;30.36;30.60;17.87;72.51;18.15;7.05;14.07;11.05;35.68;21.27;77.94;13.12;30.88;33.52;17.37;49.24;36.13;37.99;19.54;21.40;58.05;26.01;30.60;19.07;68.93;9.06;33.82;55.98;23.54;35.64;55.41;29.56;12.73;32.50;25.39;21.82;28.90;55.80;56.39;13.99;20.51;33.80;48.50;87.01;30.54;29.14;39.19;122.33;23.89;54.19;40.28;63.84;59.03;41.42;29.05;17.06;27.55;21.28;9.09;50.13;55.04;16.64;49.47;54.96
2020.02.26 00:00;15.82;48.25;47.20;44.52;27.24;30.77;11.80;66.98;34.10;26.65;28.45;28.87;16.68;65.46;16.63;6.86;13.04;10.26;34.35;20.23;73.79;11.69;27.38;30.94;16.10;47.13;32.76;35.37;17.84;20.55;55.33;24.61;29.48;17.07;62.79;7.98;28.98;52.50;22.43;34.41;51.51;29.09;12.00;30.88;22.98;20.00;26.75;52.46;52.82;12.66;19.19;31.26;46.34;88.16;27.50;26.21;35.79;118.86;21.98;50.43;37.97;59.69;54.67;38.60;28.02;16.64;26.02;19.54;8.14;45.35;52.31;15.00;46.68;52.46
2020.02.27 00:00;14.50;45.13;45.32;45.07;27.12;30.52;11.64;65.34;32.89;25.63;27.53;27.40;16.33;62.50;15.84;6.49;12.88;9.94;33.69;19.40;70.67;11.31;26.21;29.21;15.54;45.56;32.14;34.04;17.18;19.85;54.34;23.93;28.57;17.06;61.69;7.85;26.40;53.23;21.63;33.54;50.06;31.03;11.80;30.90;22.08;19.33;26.03;50.87;50.19;12.05;18.17;30.69;45.53;82.00;26.56;25.30;34.90;112.94;21.36;49.16;37.77;57.86;52.72;38.13;27.77;16.17;24.44;18.91;8.11;44.47;51.78;14.08;43.83;50.35
2020.02.28 00:00;14.54;44.44;47.25;46.13;27.63;30.89;11.62;67.18;33.39;25.52;27.04;26.89;16.34;61.94;16.33;6.85;13.13;10.09;33.59;20.46;71.64;11.17;25.73;29.54;15.78;46.67;33.13;34.28;16.96;20.19;53.67;24.34;29.76;16.90;63.02;7.93;25.60;55.18;22.27;33.77;49.54;30.23;11.94;31.82;22.19;19.25;26.60;53.11;50.46;12.07;19.49;30.52;45.51;82.00;26.88;25.34;34.25;119.56;21.12;49.35;39.28;57.12;53.18;38.14;28.29;16.13;23.56;19.08;8.09;44.31;51.68;13.81;43.01;50.93
2020.03.02 00:00;14.72;45.19;49.22;46.41;28.00;30.65;12.08;67.92;34.59;25.92;28.20;27.50;16.75;63.13;16.64;7.08;13.53;10.25;35.06;21.27;73.97;12.34;23.00;30.33;16.28;47.63;33.99;34.34;17.15;20.59;55.61;25.56;30.90;17.31;63.82;8.22;26.11;54.54;22.71;39.39;51.33;27.59;12.26;31.72;22.89;20.33;26.65;52.81;52.49;12.90;19.32;31.68;44.81;73.73;27.82;26.53;35.06;124.22;21.71;49.66;39.14;58.47;52.23;39.65;28.55;16.60;24.62;19.72;8.39;46.36;53.51;14.34;46.84;49.19
2020.03.03 00:00;14.74;44.00;48.83;45.05;27.27;29.71;11.97;63.84;34.10;25.68;26.15;28.08;16.54;66.28;16.44;7.20;13.56;10.49;35.05;21.66;74.38;12.16;22.51;30.27;15.99;47.66;33.61;34.16;16.91;20.17;56.94;25.43;30.62;17.46;63.78;8.17;25.12;55.40;22.46;40.42;50.33;25.46;12.08;31.14;22.17;20.80;27.09;53.14;52.79;12.30;18.67;31.22;44.50;74.63;27.23;26.05;36.69;124.54;21.03;49.47;38.15;58.33;51.55;39.94;28.30;16.47;24.32;19.98;8.21;46.35;54.15;14.37;47.76;50.14
2020.03.04 00:00;15.31;44.75;49.01;45.10;27.57;30.10;12.20;65.46;35.05;25.91;26.66;28.98;16.98;68.35;16.55;7.37;14.18;10.43;36.97;22.06;75.45;12.31;22.18;31.87;16.20;49.89;34.71;34.85;17.24;21.22;59.63;26.55;31.01;18.33;62.79;8.65;24.81;53.51;22.82;41.14;52.28;17.32;12.15;31.44;23.16;22.06;27.70;54.35;52.39;12.73;19.04;32.24;44.17;74.50;27.94;26.89;36.00;124.55;21.29;50.60;37.98;61.07;51.56;43.54;29.23;17.20;24.56;19.95;8.79;48.57;56.01;14.98;48.30;49.09
2020.03.05 00:00;15.23;38.25;46.37;42.44;26.67;29.52;11.30;59.66;33.45;24.56;25.60;26.74;15.84;62.14;15.35;6.88;13.51;9.98;35.74;21.05;70.49;11.94;20.00;29.13;15.10;47.92;33.67;34.47;16.55;20.56;56.44;25.45;29.99;17.43;59.80;8.15;20.65;51.28;21.48;40.08;49.21;14.52;11.78;30.36;21.70;21.59;25.94;51.61;47.74;11.83;17.27;30.22;41.25;71.09;26.54;25.29;33.16;123.86;20.90;48.06;36.82;58.49;49.47;42.62;28.21;16.72;23.06;18.10;8.32;46.85;55.33;13.96;46.55;45.74
2020.03.06 00:00;15.32;38.68;45.75;41.64;25.91;29.56;10.40;57.30;32.46;24.09;23.11;25.07;15.01;56.07;14.41;6.56;12.88;9.00;34.98;21.09;67.91;11.10;22.88;27.48;14.36;47.14;31.04;32.89;15.92;19.93;54.90;24.58;29.56;16.15;58.80;7.60;21.05;50.00;20.69;39.01;47.65;14.88;11.51;29.72;20.54;20.98;23.85;50.60;45.28;11.26;17.30;29.46;39.80;69.31;23.82;22.83;32.73;122.81;19.30;44.87;35.98;55.78;48.21;40.03;28.05;16.31;21.55;17.20;7.80;44.61;54.78;11.56;43.87;43.77
2020.03.09 00:00;14.67;32.10;40.26;37.04;24.04;27.53;8.54;46.95;27.50;21.71;20.00;21.88;13.85;49.08;12.70;6.02;11.57;7.54;32.14;20.02;61.68;8.29;19.50;22.90;12.02;43.96;26.43;28.52;14.96;18.84;50.52;21.96;27.01;13.25;50.83;6.25;17.38;45.11;18.67;34.96;41.75;12.51;10.78;27.66;17.59;19.59;21.91;45.83;40.32;8.57;15.35;26.89;36.00;65.30;16.75;16.05;28.60;115.57;17.35;39.64;32.41;50.55;41.33;37.95;27.13;15.11;19.35;15.41;6.54;37.83;51.05;9.58;39.62;39.34
2020.03.10 00:00;14.42;36.18;45.28;38.99;24.62;28.12;8.85;50.97;31.46;23.84;20.84;25.12;14.29;54.73;14.90;6.34;11.89;8.15;32.58;20.92;65.86;9.36;21.76;24.93;13.80;46.15;30.39;30.97;15.17;19.20;51.20;22.21;27.27;14.34;54.76;6.79;18.32;48.88;20.20;36.64;44.23;12.46;11.01;28.35;20.29;19.71;23.55;50.07;46.94;9.92;16.58;28.03;39.10;66.50;18.18;17.56;30.87;116.47;18.55;41.79;33.10;53.20;44.90;38.86;28.57;15.51;20.67;17.88;7.05;44.81;52.47;11.62;41.77;44.18
2020.03.11 00:00;13.75;30.25;41.88;35.62;22.63;26.94;8.56;44.16;28.94;22.19;18.50;21.75;12.48;51.61;14.11;5.95;10.71;7.55;30.35;20.22;58.26;8.01;19.24;24.06;13.25;44.46;27.83;29.49;14.22;18.42;47.86;21.12;26.20;12.69;48.83;5.97;15.65;44.98;18.86;34.27;40.63;11.55;10.35;26.04;18.55;18.20;21.65;46.92;43.03;9.18;15.78;25.97;35.91;62.40;16.21;15.85;28.85;114.68;17.12;38.81;30.36;49.10;41.77;35.46;28.06;15.70;19.48;16.67;6.44;40.74;52.73;11.00;39.07;41.57
2020.03.12 00:00;11.58;20.30;36.31;30.89;19.59;24.45;6.97;32.30;26.08;18.80;15.25;16.50;11.30;42.85;11.87;4.69;8.64;5.98;26.35;17.80;47.52;6.57;13.64;18.13;10.79;43.05;22.76;23.79;10.46;16.07;41.00;18.83;22.80;10.60;41.26;4.70;9.97;38.95;14.83;30.59;34.92;8.32;9.23;23.48;16.37;15.80;17.74;43.05;33.96;7.34;12.60;22.44;28.51;57.69;12.79;12.60;24.56;99.96;14.29;32.87;26.26;41.65;36.39;29.74;26.38;13.38;17.01;13.13;5.55;35.35;47.95;8.50;32.89;35.92
2020.03.13 00:00;12.70;24.71;40.24;36.07;22.90;25.81;7.96;41.31;30.84;20.19;16.49;19.77;11.93;54.59;14.50;5.67;9.88;6.67;28.66;19.11;54.29;7.94;15.35;20.85;13.13;47.32;26.93;27.65;11.68;17.80;46.21;20.04;23.60;12.45;46.04;5.67;11.17;43.60;16.41;32.89;36.83;9.09;10.16;26.08;20.40;16.16;21.47;46.61;41.95;9.19;13.97;23.85;33.00;65.50;15.70;15.40;26.00;104.70;17.45;35.86;29.54;48.92;37.89;31.58;26.97;14.32;19.13;16.20;6.46;42.90;51.71;9.71;34.42;33.76
2020.03.16 00:00;11.03;15.60;33.75;30.05;19.63;23.35;7.00;34.92;27.36;17.40;13.25;16.98;9.96;49.33;11.90;5.00;8.77;5.29;26.57;17.41;48.21;7.19;10.40;16.89;10.84;42.77;22.56;23.51;10.00;15.96;42.91;18.32;20.00;10.69;40.61;5.04;8.04;36.99;13.82;27.89;28.83;7.95;9.06;23.68;17.49;13.79;17.49;36.77;34.03;7.58;12.73;18.51;25.00;62.37;13.00;13.09;22.00;94.73;14.56;27.45;26.01;46.18;31.24;28.37;24.85;12.96;16.43;12.74;5.83;39.04;49.30;7.56;27.32;25.26
2020.03.17 00:00;11.69;15.23;34.98;31.51;21.21;25.86;7.11;34.80;29.19;17.85;14.25;17.08;10.51;53.52;12.05;5.46;9.33;5.91;27.60;19.58;50.96;7.74;9.95;16.69;11.37;45.98;23.27;24.34;10.48;16.70;45.23;19.53;21.11;10.82;41.46;5.04;7.78;37.57;14.99;30.71;30.55;8.05;9.50;25.07;18.21;14.28;18.40;38.40;35.53;7.90;12.86;19.50;27.84;68.00;12.95;13.00;23.32;102.97;16.60;27.65;27.20;44.71;30.08;28.00;25.82;14.14;16.80;14.00;5.79;41.51;53.00;7.04;28.59;26.13
2020.03.18 00:00;11.19;10.35;32.29;26.31;18.73;26.04;6.60;31.82;27.89;15.26;13.01;12.90;8.00;50.83;10.68;5.09;8.63;4.75;23.82;19.97;45.04;6.70;6.49;13.24;9.80;43.10;18.73;20.42;9.03;15.18;39.80;17.77;18.14;9.51;33.39;4.32;5.60;31.71;12.49;28.79;26.81;6.55;9.03;23.33;16.47;12.81;16.17;31.88;28.78;6.44;10.28;17.20;25.20;59.87;10.94;11.29;20.01;100.52;15.32;23.83;25.42;36.74;26.07;24.62;24.80;13.55;14.23;12.07;4.56;38.65;52.62;4.82;26.38;23.09
2020.03.19 00:00;11.70;11.97;32.00;25.28;18.79;23.73;7.80;32.07;25.70;14.63;14.90;12.55;8.80;48.50;10.52;4.65;8.88;4.86;23.16;21.51;46.12;6.35;7.45;14.56;9.53;40.93;16.69;18.56;9.65;14.60;40.75;17.57;19.50;9.59;36.03;4.24;6.25;36.09;13.26;30.78;30.15;6.90;8.72;22.73;19.55;14.42;16.34;36.67;30.52;7.11;10.71;19.98;25.89;64.46;12.33;12.21;21.00;106.87;18.00;26.03;25.34;35.86;28.23;27.33;24.29;14.90;13.97;12.20;4.46;36.40;56.23;5.11;28.64;23.83
2020.03.20 00:00;12.05;13.80;31.93;24.32;17.42;23.75;7.73;29.83;24.35;14.36;14.15;11.80;8.27;49.04;10.36;4.43;8.37;4.91;23.87;22.55;49.44;6.15;8.21;14.03;9.11;39.43;16.13;18.08;8.40;14.16;38.21;17.05;19.24;9.25;39.85;4.15;7.28;38.99;13.34;28.80;27.83;6.64;8.27;21.94;18.75;13.76;17.61;34.34;30.62;7.11;11.56;19.03;25.17;67.23;12.10;12.00;21.49;112.05;18.41;27.50;25.38;32.77;29.77;27.39;24.59;13.88;14.51;12.33;4.28;35.19;51.91;4.97;32.26;21.99
2020.03.23 00:00;11.51;14.28;29.97;21.88;16.00;21.72;8.20;25.96;24.68;13.44;14.03;10.07;7.90;45.19;9.92;4.14;7.67;4.53;22.22;22.18;47.95;5.79;7.61;12.83;8.71;37.30;14.62;17.67;7.74;13.63;35.28;16.08;18.76;8.64;39.51;3.84;6.93;38.19;11.04;26.39;26.92;6.36;7.50;20.42;18.90;13.51;17.49;29.94;30.18;7.43;10.36;17.51;21.25;71.88;11.50;11.50;20.80;114.58;17.60;24.06;23.96;29.70;28.82;28.80;23.15;12.30;14.51;10.69;3.77;34.10;47.63;4.41;35.11;20.61
2020.03.24 00:00;11.29;16.17;35.74;25.62;18.41;23.96;8.40;32.41;26.18;14.57;15.04;11.40;8.94;54.61;11.88;4.05;7.90;4.48;23.92;21.56;51.79;5.79;8.75;15.15;9.98;37.09;16.65;19.59;9.05;13.91;35.13;16.62;19.44;9.52;44.15;4.17;8.10;42.29;12.13;28.53;31.45;7.44;8.03;22.39;20.74;13.39;19.29;32.93;36.64;7.90;12.03;20.54;24.90;72.00;13.34;13.25;22.16;107.92;19.01;27.13;27.17;31.21;32.27;28.90;23.32;12.20;15.23;11.97;3.98;37.64;46.51;5.01;35.97;21.37
2020.03.25 00:00;11.65;19.17;38.18;28.70;19.78;25.74;8.19;34.02;28.32;16.19;15.91;15.02;9.96;59.80;13.20;5.00;8.53;5.00;24.61;20.62;55.81;6.54;9.35;16.41;10.85;37.54;19.06;22.90;10.57;14.44;35.95;16.78;20.08;10.52;48.34;4.56;10.94;45.39;14.81;32.22;34.40;8.18;8.57;23.48;21.55;13.88;20.03;36.73;39.96;8.29;13.10;23.09;28.90;70.00;14.40;14.32;23.60;112.57;19.55;34.41;29.10;34.34;35.58;29.35;23.41;12.76;18.25;12.31;4.84;40.85;45.68;5.71;37.27;26.29
2020.03.26 00:00;12.80;20.52;38.64;30.14;20.20;25.75;7.70;37.02;28.41;17.41;15.97;19.23;11.49;55.92;13.82;5.00;9.41;5.85;26.54;21.36;60.18;7.09;12.38;18.05;11.30;40.51;20.48;24.20;10.13;15.91;38.94;17.87;20.90;10.93;53.11;4.81;13.04;50.37;16.21;31.46;36.38;9.03;8.94;24.13;21.38;14.13;20.85;38.62;41.07;8.40;14.24;23.81;29.00;66.32;14.45;14.39;25.85;110.15;21.03;34.63;29.73;38.90;38.09;28.05;24.53;13.59;17.64;14.31;5.09;42.00;47.49;5.70;37.86;31.74
2020.03.27 00:00;12.49;19.50;36.91;27.92;18.89;23.76;7.80;36.20;27.18;15.80;14.87;17.72;10.90;51.11;12.73;4.61;8.67;5.32;25.52;21.02;54.48;6.76;12.84;15.91;10.57;38.39;20.22;23.72;8.97;15.32;36.77;16.34;19.70;10.10;47.74;4.60;12.59;45.49;15.46;30.85;34.53;9.45;8.46;22.85;20.42;14.98;19.00;35.93;38.96;8.52;13.60;21.31;28.55;64.02;12.90;13.30;23.53;106.98;19.15;31.26;26.84;38.96;35.62;32.87;24.03;12.77;15.11;13.10;4.85;40.10;47.16;5.70;35.27;27.48
2020.03.30 00:00;12.55;19.09;37.00;28.66;19.48;24.04;7.85;35.88;28.57;15.40;14.51;17.70;10.80;50.82;12.29;4.76;8.57;5.06;25.58;21.34;54.42;7.05;12.95;15.55;10.20;39.08;22.36;25.28;9.32;16.10;37.62;17.36;20.65;9.78;48.00;4.50;12.30;45.02;15.06;30.47;34.91;9.76;8.78;23.99;21.08;15.73;19.04;35.62;41.55;8.95;13.04;20.95;27.43;65.00;13.31;13.38;24.08;104.16;19.80;28.65;27.79;39.68;35.52;33.99;23.84;13.27;15.58;12.60;4.74;41.77;47.94;5.45;33.94;26.27
2020.03.31 00:00;11.92;17.55;35.90;27.57;18.81;24.10;7.95;33.05;29.16;15.17;15.09;17.22;9.98;47.84;11.73;4.44;8.38;4.00;25.40;20.41;52.64;6.97;11.10;13.99;9.45;38.22;22.89;24.89;9.54;16.09;37.57;17.37;20.24;10.05;44.96;4.65;11.37;42.39;14.70;28.38;31.07;8.80;8.73;22.97;19.88;15.99;18.00;33.50;38.95;8.85;12.24;19.08;25.74;66.34;14.00;13.99;23.60;101.68;19.65;26.25;26.28;38.02;33.45;35.79;24.37;12.44;15.49;12.53;4.87;43.22;48.00;5.28;33.49;21.76
2020.04.01 00:00;11.69;14.85;34.65;26.41;17.98;23.33;8.25;29.83;29.26;13.71;15.61;16.27;9.46;47.92;11.63;4.28;7.93;3.87;24.85;19.51;48.86;6.83;9.40;12.83;9.06;37.51;21.26;23.85;9.44;15.50;35.63;16.20;20.00;9.57;41.42;4.46;9.98;40.07;13.36;27.01;29.73;8.46;8.22;21.30;21.28;15.75;17.95;32.19;37.44;9.20;11.00;18.53;23.19;63.95;14.07;14.30;22.39;103.22;19.56;23.66;24.38;35.62;33.98;37.38;23.97;12.77;14.86;11.46;4.65;43.37;49.70;4.65;32.35;21.30
2020.04.02 00:00;11.99;14.61;36.80;26.71;18.08;22.77;8.57;31.73;28.99;14.03;16.25;16.87;9.53;49.57;11.44;4.23;7.72;3.66;24.49;21.24;48.67;6.96;10.25;12.33;9.00;37.42;21.58;24.13;9.25;15.22;35.78;16.03;20.20;10.04;42.46;4.56;10.13;40.80;13.98;29.30;29.32;8.34;8.33;21.40;20.43;16.85;18.55;32.08;35.85;8.85;11.40;18.62;23.88;64.99;15.28;15.51;22.61;104.67;20.34;26.09;25.14;34.85;35.18;39.90;24.86;12.59;15.13;11.53;4.59;42.78;50.40;4.38;34.01;20.24
2020.04.03 00:00;11.39;14.10;35.85;25.21;17.41;22.59;8.75;32.13;26.92;13.54;15.26;15.62;8.85;44.95;11.25;3.98;7.48;3.72;24.42;20.95;47.09;6.24;9.90;12.65;8.25;36.88;20.79;23.86;8.48;14.61;35.78;15.68;19.21;9.33;37.35;4.18;9.47;37.74;13.13;28.51;28.65;7.81;8.07;20.57;19.94;16.61;17.44;30.90;35.50;8.62;11.23;18.14;23.68;62.91;15.17;15.34;21.36;94.84;20.64;23.27;23.52;33.23;33.95;39.80;25.00;12.35;14.58;11.12;4.04;40.50;48.91;4.10;32.81;20.64
2020.04.06 00:00;11.86;15.60;37.21;27.54;19.06;22.92;9.00;35.25;28.87;15.55;17.68;16.56;9.14;53.66;12.04;4.05;7.99;4.20;25.09;21.04;50.04;6.54;10.33;13.07;9.35;38.15;20.71;23.76;8.86;15.71;37.86;16.59;20.00;9.70;43.61;4.34;10.15;42.99;13.63;29.54;30.40;9.25;8.67;22.08;20.61;16.49;19.50;34.68;38.16;9.32;11.97;19.68;26.44;65.25;15.99;15.77;22.95;96.84;20.76;27.95;26.06;35.33;38.17;40.02;25.56;13.38;15.50;12.43;4.03;43.13;50.55;4.36;33.20;21.80
2020.04.07 00:00;12.41;15.60;38.50;28.84;19.77;24.23;8.96;38.02;29.22;17.88;17.53;16.72;9.12;57.30;12.13;4.11;8.15;4.48;25.83;20.63;51.40;6.94;11.60;13.67;9.35;37.75;21.39;24.50;8.75;15.88;37.96;16.27;21.39;10.32;48.68;4.60;10.95;48.29;13.62;29.83;30.85;9.27;8.93;22.90;19.40;16.10;20.46;36.93;40.05;8.94;12.37;20.12;28.96;65.76;16.39;16.40;25.17;100.32;19.61;29.17;26.96;37.27;39.30;37.19;25.47;13.38;16.89;12.87;4.07;43.78;49.81;4.42;37.21;26.01
2020.04.08 00:00;12.31;16.79;39.31;29.39;20.30;24.74;8.71;39.67;29.16;18.68;17.40;16.51;9.95;61.18;12.40;5.02;8.34;4.60;26.09;20.62;52.20;7.40;11.75;14.21;10.13;38.26;23.02;25.77;9.34;15.94;40.50;17.29;21.64;11.05;50.23;4.89;11.99;49.98;13.76;31.88;31.81;9.22;9.28;24.07;18.92;16.24;21.89;37.68;41.91;8.95;12.91;20.17;30.11;66.00;17.33;17.32;25.21;101.22;19.38;31.84;27.37;39.28;40.32;37.96;25.51;13.54;18.08;13.72;4.35;43.51;51.02;5.03;39.89;26.94
2020.04.09 00:00;12.10;16.30;39.01;29.31;20.29;25.00;8.63;41.52;28.61;18.99;18.04;16.29;9.45;57.53;12.81;4.83;8.62;4.58;26.28;19.78;50.49;7.16;12.95;14.46;10.70;38.56;24.23;27.10;9.63;16.09;41.45;18.09;21.55;10.70;52.15;4.72;11.63;48.85;14.27;31.23;30.53;9.18;9.20;23.39;18.57;16.00;21.30;36.51;41.60;8.86;13.36;19.56;28.98;63.30;16.69;16.82;24.05;101.79;19.47;30.10;27.18;40.62;38.89;35.40;25.24;13.31;17.84;14.24;4.29;43.28;49.39;5.15;38.20;26.55
2020.04.13 00:00;12.10;16.15;39.34;29.90;20.82;25.30;9.12;39.78;30.07;18.48;17.82;16.81;9.52;58.10;12.50;4.95;8.92;4.87;27.22;20.47;52.48;7.32;13.10;14.14;10.90;39.27;25.33;27.91;9.76;16.39;41.17;18.25;21.34;11.23;51.00;4.96;11.45;49.08;13.89;30.93;30.79;9.45;9.45;23.89;19.31;16.20;20.69;35.97;41.86;9.39;13.29;19.70;28.26;63.55;17.13;16.93;23.59;100.91;19.86;29.70;27.88;40.25;40.32;36.37;25.47;13.46;18.47;14.53;4.47;44.57;50.31;5.43;39.16;25.81
2020.04.14 00:00;12.09;16.35;39.56;29.87;21.04;25.35;9.28;40.23;29.99;18.69;18.86;21.63;9.71;59.30;12.92;4.83;9.35;4.96;27.89;20.09;52.87;7.43;14.28;14.29;10.90;40.26;26.38;28.87;9.62;16.97;41.36;18.20;22.40;11.56;56.07;5.11;11.46;52.97;13.91;31.76;31.31;10.89;9.56;24.19;19.65;16.45;21.02;35.99;42.85;9.50;13.39;19.60;29.78;64.28;17.01;16.73;25.33;99.79;20.09;30.44;27.66;40.79;43.82;38.00;25.94;13.35;18.25;14.10;4.73;44.53;50.49;6.09;38.80;26.67
2020.04.15 00:00;11.91;16.50;39.92;29.31;20.43;25.42;9.37;39.76;28.91;19.06;19.05;21.43;9.31;62.59;12.77;4.81;9.45;5.25;28.00;19.70;54.58;7.28;14.50;14.08;10.69;39.61;25.48;28.65;9.28;17.10;40.82;18.11;22.48;11.31;54.74;5.02;12.28;52.03;14.28;30.92;30.64;10.76;9.26;23.29;20.29;15.97;21.53;35.68;43.80;9.50;13.44;19.04;31.80;63.21;16.45;16.38;24.81;102.10;19.95;30.07;26.53;39.86;42.96;37.23;25.86;12.94;18.72;14.19;4.66;43.19;49.49;6.32;37.91;27.50
2020.04.16 00:00;11.45;16.00;39.31;28.47;19.91;25.02;9.90;39.40;28.72;18.12;19.27;21.60;9.38;64.47;12.26;4.62;9.51;5.11;28.14;20.31;55.52;7.43;14.60;13.91;10.12;39.77;24.81;27.81;9.25;16.93;41.55;18.16;22.72;11.58;54.93;5.10;11.76;51.94;14.29;30.95;30.32;10.74;8.98;22.71;20.34;15.94;22.37;35.58;45.52;9.39;13.35;18.80;32.33;64.85;15.97;15.72;25.02;104.88;19.35;29.51;25.51;40.31;41.91;36.18;25.48;13.24;19.27;14.21;4.51;42.76;47.72;6.41;37.92;27.97
2020.04.17 00:00;11.60;16.19;39.53;29.24;20.29;25.14;9.50;40.28;29.61;18.00;19.05;21.00;9.59;61.59;12.69;4.53;9.54;5.04;27.97;20.18;52.38;7.58;14.67;14.21;10.34;39.33;24.90;28.05;9.55;16.80;42.62;18.75;23.72;12.30;55.60;5.40;12.00;52.38;13.53;31.13;31.31;10.84;9.10;23.12;20.83;15.85;21.75;37.43;44.54;9.38;13.36;20.95;33.34;64.00;16.53;16.13;25.34;103.80;20.24;31.97;26.12;41.00;42.99;35.84;25.26;13.02;19.59;14.05;4.59;44.00;46.54;6.48;38.36;28.46
2020.04.20 00:00;11.61;16.68;40.59;28.66;19.64;25.46;9.50;39.28;28.84;18.26;18.92;20.89;10.15;64.44;13.14;4.40;9.46;5.09;28.38;19.87;55.31;7.31;14.56;15.47;10.92;39.90;24.66;27.93;9.20;17.19;44.41;19.04;24.58;11.85;57.54;5.20;12.07;54.05;14.26;31.14;32.61;10.85;8.93;22.54;20.87;15.95;23.01;38.93;48.43;9.57;13.70;21.60;33.46;65.00;16.38;15.95;26.46;108.33;20.04;33.94;25.58;40.36;45.32;34.92;25.33;12.82;19.58;14.20;4.63;42.46;47.05;6.59;39.00;28.46
2020.04.22 00:00;11.62;16.31;42.01;28.53;19.57;26.14;10.11;41.67;29.36;18.65;19.45;20.76;10.47;75.49;13.29;4.41;9.54;5.08;28.46;20.72;58.01;7.33;14.85;15.89;11.26;40.29;25.59;28.66;8.97;17.55;47.09;19.23;24.25;11.70;56.85;5.17;11.90;53.29;15.21;33.45;34.40;10.06;8.92;22.27;21.31;16.53;25.17;40.85;50.49;10.33;14.60;23.20;35.00;70.72;16.98;16.75;28.10;110.90;20.77;36.43;24.97;42.46;47.10;35.21;26.12;13.48;20.01;14.40;4.78;42.90;47.78;7.40;40.82;30.23
2020.04.23 00:00;11.55;16.37;41.25;27.73;19.29;25.39;10.09;40.37;29.40;17.90;19.51;20.69;10.61;72.55;13.09;4.26;9.26;4.90;28.31;20.38;58.07;7.49;13.92;15.84;11.52;40.13;24.03;27.45;9.27;16.95;45.17;18.47;24.20;11.93;54.28;5.32;12.11;50.95;14.69;30.62;35.58;9.20;8.80;21.95;21.31;16.96;24.46;39.38;49.42;10.47;14.18;22.98;34.60;69.33;17.17;16.95;27.19;106.83;20.98;34.92;24.67;41.20;44.92;36.56;26.30;13.35;19.45;14.54;4.72;43.51;47.33;7.36;39.49;28.37
2020.04.24 00:00;11.11;13.99;37.00;24.02;17.78;23.66;10.13;37.29;29.69;16.57;18.55;18.93;9.30;68.45;12.04;4.08;8.23;4.61;26.42;19.77;54.97;7.07;11.99;13.87;10.32;37.54;20.90;23.84;8.28;16.01;42.21;17.71;23.11;10.93;52.04;4.85;10.67;49.99;13.12;29.79;32.15;8.25;8.36;20.79;21.05;17.25;22.50;37.60;47.33;10.45;13.00;20.58;33.23;67.30;15.91;15.95;25.68;104.43;20.55;32.92;23.10;36.72;43.83;39.13;25.65;12.20;17.62;13.49;4.30;43.76;44.24;6.38;38.61;27.04
2020.04.27 00:00;11.61;14.11;39.23;25.40;18.30;24.54;11.23;39.93;30.30;17.85;20.56;21.49;9.55;74.93;12.31;4.11;8.30;4.60;28.05;19.91;57.88;7.24;12.36;14.11;10.78;39.37;21.39;24.66;7.66;16.57;44.32;18.45;23.40;11.32;54.79;5.03;10.92;52.67;13.49;29.11;33.65;8.60;8.63;21.47;22.85;17.82;24.00;38.59;49.45;11.50;13.70;21.06;35.40;69.47;16.63;16.45;25.05;105.93;20.67;33.44;24.07;39.83;44.39;40.10;26.53;12.55;19.39;14.31;4.30;44.55;45.69;7.57;40.50;27.78
2020.04.28 00:00;11.70;16.05;39.80;28.81;19.91;24.50;11.90;44.25;29.75;18.97;20.31;22.34;10.35;76.95;12.84;4.18;8.84;4.98;29.02;19.60;60.70;7.80;14.15;15.90;10.84;39.54;22.93;26.12;8.17;16.87;46.21;18.84;23.41;11.98;56.00;5.27;12.19;53.40;15.10;29.03;35.11;8.18;9.24;23.25;23.38;17.94;25.19;40.14;51.74;12.54;14.77;21.76;35.06;67.04;17.84;17.25;25.61;110.43;20.20;35.14;26.83;40.92;46.38;38.65;26.69;12.54;19.28;14.58;4.67;44.61;45.30;9.04;41.48;28.50
2020.04.29 00:00;11.67;17.12;39.90;29.22;20.57;25.21;12.30;43.50;31.32;20.16;20.38;21.95;10.67;77.53;13.08;4.23;9.18;5.59;28.40;19.98;60.55;9.02;14.19;16.91;11.04;39.29;23.88;26.53;8.82;16.97;45.94;18.62;23.29;12.46;57.00;5.50;13.34;54.35;15.19;29.65;35.45;9.32;9.22;23.55;24.00;17.55;25.77;40.49;50.56;12.51;15.65;22.37;36.32;67.60;18.81;18.20;26.64;108.46;19.76;36.08;27.89;41.23;47.14;38.72;26.13;13.09;19.55;15.37;5.06;46.73;45.76;9.18;41.30;30.15
2020.04.30 00:00;11.34;17.40;38.42;28.18;19.09;25.75;12.26;42.06;29.86;19.10;19.39;21.14;10.04;73.00;12.35;4.06;8.95;5.54;27.45;19.78;59.08;8.95;13.80;15.76;10.49;38.42;23.27;26.62;8.65;17.00;43.43;18.09;22.80;11.74;54.81;5.15;12.40;52.44;14.78;28.86;32.73;9.29;8.96;22.67;23.84;17.81;24.88;38.34;49.65;12.84;15.15;20.89;35.52;66.22;18.46;18.05;25.92;104.66;19.79;34.13;26.61;40.08;44.28;39.41;25.94;12.76;19.67;14.50;4.80;44.86;44.38;9.18;39.84;30.35
2020.05.04 00:00;11.76;15.16;38.38;27.44;18.24;24.54;12.65;40.98;28.91;19.14;18.40;21.10;9.35;73.82;12.18;3.94;8.69;5.22;27.84;19.82;58.29;8.22;12.91;14.69;10.16;38.19;22.00;25.15;7.72;16.94;41.76;17.77;21.71;11.47;53.50;5.10;11.15;51.16;14.14;28.48;31.13;8.72;8.66;21.81;22.77;17.78;25.26;37.16;51.38;12.47;14.84;19.98;34.40;66.20;17.87;17.38;24.53;104.45;19.70;33.35;25.37;39.91;42.45;40.50;25.85;13.45;19.96;14.60;4.68;43.93;46.99;9.50;39.74;28.53
2020.05.05 00:00;11.94;15.16;38.74;27.48;18.26;24.15;12.50;41.16;28.53;19.36;18.34;20.68;9.10;74.61;12.50;3.91;8.70;4.96;28.73;19.64;59.96;7.95;12.39;14.71;10.50;38.23;21.92;25.05;7.50;16.85;42.77;17.94;21.52;11.51;54.70;5.14;11.78;51.90;13.69;27.77;30.54;8.19;8.87;22.61;22.76;18.70;25.54;36.30;50.14;12.50;14.66;19.69;34.52;65.41;18.48;17.94;24.27;104.00;19.65;33.57;24.78;41.70;43.52;41.60;26.08;13.90;20.23;14.43;4.61;43.70;48.12;9.70;38.91;28.84
2020.05.06 00:00;11.83;14.77;38.44;26.68;17.88;23.78;12.88;39.28;28.92;18.93;18.31;20.10;8.74;88.88;12.29;3.81;8.30;4.98;28.46;19.66;59.09;8.09;11.66;14.21;10.46;38.09;21.59;24.73;7.16;16.83;41.52;17.39;21.60;11.64;54.26;5.20;11.52;52.21;13.29;27.64;29.71;8.31;8.66;22.16;23.08;18.58;27.42;35.58;55.09;12.69;14.50;19.30;36.50;64.88;17.76;17.28;24.17;103.41;20.14;32.44;24.55;40.51;44.17;41.87;26.03;13.59;19.65;14.05;4.59;44.33;47.98;10.01;38.73;28.04
2020.05.07 00:00;11.54;13.66;36.85;25.96;17.11;22.78;13.82;36.79;29.68;17.80;18.41;20.44;8.14;89.89;11.42;3.60;7.79;4.71;26.65;19.41;57.13;8.49;10.90;13.21;9.76;36.33;20.53;23.26;7.01;15.97;39.26;16.48;20.98;12.45;56.49;5.54;10.75;53.26;12.55;27.87;27.50;7.74;8.25;21.36;24.39;20.61;26.80;33.26;56.73;13.62;13.94;18.44;36.45;63.86;18.12;17.44;23.55;103.58;19.65;29.72;23.23;39.45;43.62;45.01;25.45;13.00;18.17;13.30;4.74;46.05;46.08;9.74;38.99;26.78
2020.05.08 00:00;12.04;13.60;37.76;26.79;17.88;22.57;13.80;37.21;32.19;18.63;18.74;20.38;8.18;87.20;11.42;3.76;8.12;4.73;28.03;19.53;60.99;8.51;11.89;13.47;9.78;37.54;21.32;24.29;7.54;16.08;40.57;17.37;20.66;13.00;55.69;5.83;11.00;50.60;12.30;27.89;28.55;8.22;8.45;22.24;23.45;21.49;26.90;33.85;55.48;13.25;13.83;18.84;35.70;65.80;19.35;18.48;22.90;104.56;20.30;29.60;24.29;41.00;42.96;47.35;25.68;13.16;18.46;13.88;4.81;48.85;46.85;8.85;38.14;27.04
2020.05.11 00:00;11.94;13.15;36.80;26.96;17.61;22.84;13.45;36.87;31.94;17.51;20.85;22.08;7.95;86.64;11.24;3.64;7.81;4.52;27.58;19.17;59.54;8.02;11.16;13.06;9.66;37.04;20.88;23.62;7.19;15.51;41.02;17.66;19.86;12.50;53.77;5.64;10.54;49.32;11.72;27.90;27.56;7.00;8.38;22.30;23.16;21.66;26.27;32.65;54.89;13.75;13.81;18.38;34.15;65.92;18.84;18.15;21.73;104.88;19.97;28.05;24.37;41.72;41.41;47.60;25.26;12.96;17.93;13.41;4.76;47.73;45.57;8.88;38.73;25.81
2020.05.12 00:00;11.72;12.53;35.73;26.01;17.06;22.16;14.40;36.29;32.97;17.21;20.37;20.47;7.82;89.21;10.99;3.54;7.58;4.36;27.41;18.34;58.23;7.88;10.75;12.93;9.45;36.43;19.81;22.23;6.78;15.47;40.88;17.08;20.00;12.13;54.37;5.44;10.00;50.91;11.45;27.70;27.13;7.31;8.14;21.53;23.74;21.60;26.22;33.03;54.74;14.27;13.62;17.99;32.05;65.18;18.68;18.14;20.85;108.15;19.52;27.46;23.10;39.81;40.25;48.55;25.02;12.64;17.22;13.73;4.59;47.46;45.30;8.55;37.41;24.65
2020.05.13 00:00;11.26;12.29;36.16;25.26;16.91;22.41;14.37;37.54;33.00;16.92;22.85;21.67;7.99;91.10;10.91;3.33;7.45;4.15;26.66;17.92;57.80;7.52;10.72;12.47;9.25;36.06;19.85;22.33;6.19;15.29;39.07;16.58;19.61;11.63;53.12;5.17;10.07;48.92;10.90;28.06;28.15;6.74;8.18;21.52;25.25;23.25;27.21;31.74;55.04;14.51;13.23;18.20;32.43;63.90;17.95;17.59;19.70;105.48;19.60;27.26;22.84;39.49;40.25;50.59;25.20;12.70;17.56;13.48;4.35;48.54;45.54;9.14;37.91;23.78
2020.05.14 00:00;11.74;11.60;37.82;26.35;17.84;22.99;14.33;37.91;32.35;18.14;23.06;22.17;8.61;88.55;11.46;3.55;8.08;4.20;27.75;17.70;57.84;8.39;10.61;13.50;9.63;37.66;21.80;24.07;6.57;15.76;41.24;17.41;20.83;11.74;52.59;5.25;10.43;47.41;10.96;28.39;28.88;6.40;8.48;22.46;24.45;22.40;27.17;33.25;55.44;14.35;13.51;18.67;33.24;59.90;17.51;17.40;20.04;105.42;20.54;29.24;23.80;40.14;37.47;47.54;25.64;12.82;17.70;15.00;4.55;48.09;45.67;9.02;37.26;24.12
2020.05.15 00:00;11.64;11.08;39.54;25.85;17.07;21.91;14.39;37.18;32.89;17.81;22.66;23.44;8.40;85.78;10.97;3.47;7.72;4.21;28.07;17.19;56.54;7.88;10.55;12.53;9.34;37.71;21.73;24.12;6.23;15.63;41.74;17.37;20.15;10.92;52.34;4.95;10.86;46.90;11.82;28.18;28.28;6.09;8.10;21.55;23.33;21.73;26.51;33.37;55.07;14.04;13.60;18.10;32.18;55.15;17.52;17.15;19.70;102.72;19.66;30.15;22.82;37.80;36.56;45.03;25.54;12.20;18.66;14.16;4.51;48.05;44.62;8.68;36.32;23.81
2020.05.18 00:00;12.10;14.39;41.99;27.09;17.97;22.79;12.96;40.60;35.65;18.59;21.74;26.95;9.00;83.83;11.83;3.70;8.26;4.65;28.60;16.99;59.83;8.28;12.58;13.40;10.16;39.17;23.40;25.41;6.59;16.23;43.73;18.06;20.70;11.82;55.38;5.42;12.43;49.54;13.02;29.14;30.07;6.68;8.50;22.58;21.79;20.00;26.89;36.15;55.69;13.11;15.48;19.39;33.36;55.85;19.23;18.54;19.92;105.81;20.84;33.45;24.40;41.00;38.59;41.18;26.40;12.91;19.10;15.09;4.90;51.26;46.42;8.87;36.53;26.44
2020.05.19 00:00;11.94;13.65;40.72;26.36;17.44;22.77;13.60;41.27;36.14;18.92;22.00;26.00;9.05;91.85;12.12;3.60;8.02;4.61;27.79;16.94;61.19;8.74;12.38;13.26;10.59;38.72;22.73;24.78;6.44;15.98;42.72;17.54;19.96;11.80;55.32;5.43;11.65;50.39;12.37;28.06;30.69;6.41;8.20;21.61;21.30;20.04;27.81;36.74;58.52;13.48;15.13;19.67;32.54;55.07;19.11;18.68;20.48;102.91;20.12;35.01;23.37;40.30;39.56;41.76;26.40;12.47;19.09;15.14;4.83;52.44;45.27;9.29;36.83;26.05
2020.05.20 00:00;12.14;15.33;40.64;27.02;17.62;22.82;13.16;42.73;36.59;19.12;22.47;26.17;9.47;88.23;12.70;3.56;8.25;4.57;27.07;17.21;62.08;8.57;13.23;13.86;11.19;38.35;22.53;24.88;6.58;15.74;41.45;17.27;20.87;11.92;55.47;5.42;12.68;50.90;12.93;27.53;31.58;6.92;8.21;21.52;21.05;19.85;26.84;38.23;56.84;13.06;15.07;20.62;33.71;55.00;19.68;19.30;21.57;102.84;20.33;35.24;23.63;39.32;40.23;40.25;26.36;12.88;19.38;15.46;5.05;52.50;45.64;9.16;37.55;25.95
2020.05.21 00:00;11.88;15.43;43.62;28.93;18.60;23.42;12.68;46.74;35.34;20.56;21.80;26.39;10.21;86.31;14.18;3.48;8.70;4.70;28.19;17.61;64.19;8.52;12.93;15.39;12.29;39.16;22.64;25.30;6.59;16.35;42.57;17.31;22.08;12.05;56.52;5.48;12.50;52.41;14.02;28.34;33.24;6.41;8.65;22.75;20.40;19.07;26.85;40.71;58.23;12.51;15.28;21.70;33.91;56.35;19.75;19.19;22.31;107.29;20.61;36.22;25.03;42.38;42.22;38.48;27.17;13.17;20.09;16.45;4.97;51.13;46.27;9.49;37.35;26.98
2020.05.22 00:00;11.74;14.80;43.88;28.19;18.71;22.80;12.86;45.81;34.65;19.69;21.76;25.99;9.65;84.86;13.47;3.41;8.80;4.30;28.90;17.42;61.67;8.50;12.47;14.74;11.91;38.58;24.38;26.60;6.47;16.31;42.73;17.80;22.23;11.60;56.59;5.32;12.23;52.20;12.74;28.19;32.52;6.52;8.82;22.87;20.65;19.20;25.35;37.32;57.59;12.63;14.93;21.19;34.10;57.21;19.32;18.67;22.31;105.44;20.89;36.12;24.46;44.17;40.82;38.61;27.18;12.80;19.69;16.10;4.72;50.27;45.64;9.70;37.15;25.58
2020.05.25 00:00;12.27;15.34;46.50;31.14;20.03;23.91;12.63;49.94;34.52;21.73;21.75;26.39;10.18;87.08;14.30;3.68;9.43;4.73;30.08;17.80;62.42;8.64;14.10;16.57;12.96;40.53;25.52;28.44;6.86;17.22;45.32;19.25;23.00;12.36;59.50;5.62;12.60;54.24;13.56;28.29;34.68;7.09;9.20;23.87;20.78;18.87;25.75;40.31;60.33;12.30;16.74;22.64;35.14;59.47;20.14;19.48;23.43;106.84;21.30;36.63;25.83;49.90;42.85;37.70;27.39;13.55;20.26;17.00;4.88;50.10;47.05;11.21;37.94;27.53
2020.05.26 00:00;12.53;14.75;46.50;30.44;19.17;24.42;12.83;48.93;33.69;21.00;22.50;26.47;10.03;95.08;14.69;3.81;9.85;4.81;29.83;17.60;62.54;8.53;13.50;15.99;13.12;40.91;26.13;28.58;6.64;17.17;44.42;19.14;23.10;11.95;62.40;5.44;12.29;54.81;13.36;30.27;33.47;6.72;8.88;22.92;20.67;18.85;26.90;38.10;64.41;12.35;16.33;21.78;36.08;59.84;20.34;19.67;23.52;108.99;21.41;36.81;24.99;50.15;43.63;37.88;27.35;13.43;20.62;17.10;4.90;49.20;47.64;11.57;40.32;27.93
2020.05.27 00:00;13.38;14.87;46.59;30.55;19.50;24.54;13.21;50.61;34.08;21.71;23.25;27.60;10.46;93.68;14.70;4.00;10.28;5.30;31.77;18.27;64.89;9.45;15.25;17.33;13.56;40.89;27.50;29.62;7.27;17.30;46.63;19.84;23.35;13.26;62.40;6.08;12.37;55.00;13.78;30.77;34.97;7.00;9.07;23.64;21.76;19.61;28.90;39.73;67.29;13.05;16.62;22.54;38.70;60.38;20.44;19.93;23.83;111.84;23.45;39.03;25.75;53.64;43.55;38.41;27.62;13.60;20.28;17.31;5.70;50.64;47.37;12.18;40.48;30.10
2020.05.28 00:00;12.82;14.75;45.95;30.44;19.06;24.84;13.05;49.31;33.76;21.69;23.21;29.00;9.95;92.18;14.78;4.05;9.98;5.23;30.99;17.79;63.82;9.61;14.74;17.33;13.42;41.51;27.27;29.48;6.98;17.41;46.60;19.64;22.86;13.53;62.59;6.20;12.24;55.01;13.22;31.02;32.74;7.39;8.96;23.22;22.00;19.49;28.71;38.98;65.18;12.89;15.75;21.30;37.74;60.85;20.35;19.77;23.29;109.35;23.17;37.25;25.08;53.09;43.53;38.36;27.73;13.41;20.45;17.39;6.00;50.09;46.90;12.58;40.58;28.51
2020.05.29 00:00;12.48;14.28;45.55;30.49;18.91;24.52;13.39;48.57;35.25;21.16;23.13;27.74;9.81;91.31;14.70;4.09;10.16;5.26;30.49;18.29;64.47;10.32;14.40;16.79;13.15;41.65;27.47;29.36;7.15;17.67;47.21;19.79;23.35;13.43;62.30;6.17;12.03;54.86;13.16;31.98;32.40;7.55;8.82;22.95;21.97;19.71;28.25;38.50;64.28;13.03;15.17;20.69;37.18;62.98;20.63;20.34;23.72;109.32;22.53;38.41;25.35;54.32;44.38;37.86;27.77;13.62;20.07;17.12;6.15;53.00;47.14;12.40;41.73;28.48
2020.06.01 00:00;12.60;15.35;45.53;31.44;19.75;24.88;13.08;49.86;35.80;21.12;23.67;27.92;10.43;91.09;14.59;4.17;10.25;5.63;29.99;18.21;66.86;10.35;15.50;16.91;13.19;40.84;28.14;29.42;7.41;17.57;46.51;19.59;23.99;13.52;61.75;6.21;13.06;54.50;13.58;32.68;34.84;7.55;9.05;23.59;21.96;19.65;29.30;40.93;63.63;13.15;15.79;22.28;37.97;64.75;20.74;20.33;24.23;109.63;22.62;37.54;26.38;54.15;45.13;38.45;28.11;13.51;20.40;17.19;6.19;53.42;47.40;13.43;42.05;29.82
2020.06.02 00:00;12.97;16.75;46.46;32.45;20.64;25.71;12.88;55.05;35.59;22.32;23.35;29.38;10.42;88.89;14.50;4.40;10.47;6.40;30.25;18.50;68.44;10.75;18.60;18.02;13.03;41.33;28.58;29.87;8.24;17.95;46.61;19.84;25.61;14.36;63.26;6.48;15.11;54.56;14.02;33.85;34.96;7.82;9.52;25.17;21.81;19.71;29.93;42.07;61.73;13.02;16.65;22.71;38.01;66.68;21.64;21.40;24.41;113.25;22.65;38.18;27.96;54.62;45.52;38.42;28.19;13.77;20.70;18.94;6.92;53.42;48.04;13.28;42.31;33.55
2020.06.03 00:00;13.25;18.45;48.82;34.35;21.56;27.05;12.45;59.17;35.44;22.93;22.65;27.95;11.23;87.05;15.15;4.54;10.59;6.78;30.35;18.65;70.33;10.60;19.82;20.69;14.17;42.12;28.35;29.99;8.52;17.97;47.14;20.53;25.85;15.34;62.75;6.95;17.59;58.05;15.26;33.93;37.12;9.77;9.79;25.84;20.60;19.48;30.23;44.12;62.31;12.75;17.58;23.56;38.33;67.50;21.84;21.47;26.82;111.85;23.15;40.95;29.22;54.84;47.04;38.13;27.70;13.67;21.43;18.76;6.90;53.66;47.25;13.48;42.49;35.14
2020.06.04 00:00;13.38;19.08;49.58;34.54;21.87;27.20;13.36;59.91;36.80;22.87;23.45;27.22;10.97;85.74;14.69;4.38;10.51;6.74;30.30;18.30;69.43;10.49;19.80;20.75;13.57;41.93;28.13;29.79;8.93;17.72;46.74;20.33;25.20;15.36;62.48;7.04;17.04;58.66;15.27;34.36;36.62;9.50;9.90;26.59;21.47;19.71;30.39;44.50;60.42;13.15;17.18;22.99;37.91;67.55;21.94;21.43;26.15;111.68;22.36;39.93;30.26;53.60;46.31;39.85;27.50;14.13;21.64;18.63;6.88;55.66;47.30;13.95;43.69;35.11
2020.06.05 00:00;14.05;21.16;49.07;34.80;22.27;27.63;13.01;59.90;36.06;22.41;22.70;27.24;10.90;86.04;14.60;4.50;10.72;6.90;30.63;18.06;69.22;10.63;20.91;20.48;13.99;41.91;28.41;29.94;9.04;17.80;47.08;20.29;25.79;15.17;64.10;7.07;18.70;59.55;15.32;34.24;37.17;9.77;10.02;27.18;20.95;19.10;29.70;45.92;59.38;12.68;17.49;23.09;40.14;66.84;22.62;22.10;26.85;110.88;23.11;40.77;30.95;52.99;45.62;38.30;27.94;14.60;20.71;18.68;6.90;54.61;47.77;14.85;44.22;38.56
2020.06.08 00:00;14.60;27.35;51.72;35.98;23.43;27.54;13.05;65.65;35.66;23.47;23.25;27.55;11.44;92.68;14.94;4.64;11.30;6.90;31.40;18.21;69.30;12.45;23.04;21.94;14.41;42.97;30.41;31.33;10.70;18.32;49.82;21.27;26.06;15.50;64.24;7.23;23.99;61.07;16.68;34.34;36.78;10.68;10.38;28.27;21.89;19.60;29.80;46.15;62.31;12.87;18.00;22.85;41.29;67.00;23.12;22.53;27.83;110.53;24.17;43.12;32.14;54.93;45.82;38.16;28.16;14.44;20.98;19.13;7.45;54.78;48.54;15.50;45.69;37.15
2020.06.09 00:00;14.32;25.78;51.07;35.38;22.92;26.79;12.59;65.21;36.14;22.89;23.07;27.00;11.77;94.18;14.48;4.84;11.33;6.95;31.62;18.18;68.53;12.05;24.05;21.22;13.98;42.58;30.58;31.76;10.31;18.55;49.18;21.49;25.59;14.96;63.66;7.03;22.40;60.09;16.30;34.74;38.57;12.02;10.34;27.71;22.06;19.68;30.25;45.76;62.31;12.66;17.15;23.93;41.21;66.88;22.46;21.72;27.09;110.33;24.31;42.82;31.70;55.30;45.34;38.17;28.04;14.48;21.06;19.27;7.30;54.99;49.00;14.97;45.70;36.64
2020.06.10 00:00;13.96;23.50;50.74;33.82;21.85;26.04;12.77;62.74;35.80;21.91;22.52;26.78;11.16;99.36;14.35;4.56;10.83;6.66;31.25;17.82;66.25;11.48;22.98;20.69;13.64;42.98;28.87;30.06;9.33;18.14;47.93;21.25;25.38;14.34;64.00;6.77;20.24;60.69;15.11;34.11;36.96;11.78;10.01;26.51;22.09;19.69;30.63;43.84;64.53;12.60;16.88;22.70;40.85;65.21;21.80;21.40;26.84;111.48;24.17;41.03;30.15;54.50;44.60;38.13;28.21;14.30;21.44;18.62;6.89;54.20;49.59;14.95;44.88;34.90
2020.06.12 00:00;13.57;22.12;49.85;32.97;21.60;25.62;13.07;62.66;35.40;21.92;21.56;24.70;10.79;99.13;14.36;4.21;10.37;6.35;30.55;18.30;65.76;10.87;20.81;20.14;13.50;41.98;28.72;30.05;8.82;18.11;48.47;21.32;24.91;13.88;63.84;6.51;18.54;59.71;14.02;33.14;35.57;10.45;9.77;25.98;21.98;19.24;31.30;42.92;63.88;12.88;16.35;22.00;40.02;64.09;21.03;20.60;25.98;108.18;24.07;40.22;29.74;53.96;44.29;37.01;27.76;14.34;21.50;17.99;6.41;53.40;49.83;14.64;44.14;33.43
2020.06.15 00:00;13.43;22.15;49.51;32.69;21.12;25.55;13.10;60.47;35.53;22.14;21.20;24.50;10.50;101.55;14.22;4.80;10.11;6.39;29.87;18.11;66.82;10.61;20.45;20.55;13.35;42.10;27.69;29.12;8.58;17.77;48.23;21.20;24.78;13.55;62.90;6.42;19.51;60.53;14.15;32.74;34.86;9.41;9.54;25.37;21.49;19.28;31.80;42.07;65.78;12.80;16.87;21.68;40.58;65.00;21.11;20.70;25.80;108.65;23.53;40.63;29.13;55.00;43.09;38.49;27.63;14.34;21.12;17.86;6.36;53.88;48.48;15.62;44.16;32.86
2020.06.16 00:00;13.26;22.59;49.50;33.12;22.00;25.36;13.93;62.55;36.37;21.77;22.10;25.07;10.37;99.74;13.98;4.96;10.46;6.15;29.47;18.80;67.70;11.30;19.77;20.74;13.10;41.98;27.65;29.40;9.05;17.62;47.70;21.08;25.00;14.80;62.84;6.89;19.16;60.35;13.95;31.93;34.32;9.28;9.74;26.10;21.55;19.11;31.56;41.70;65.93;13.12;16.85;21.42;40.31;65.40;21.98;21.37;25.88;108.88;23.67;40.10;30.19;54.47;41.72;38.10;27.58;14.75;20.98;17.50;6.55;55.39;49.50;15.15;44.65;32.01
2020.06.17 00:00;13.77;22.62;51.20;34.11;22.35;26.27;13.42;63.70;37.16;22.48;22.49;25.51;10.64;105.84;14.06;5.18;11.02;6.43;30.22;18.84;69.82;11.16;19.47;22.13;13.08;43.71;30.41;31.36;8.95;18.26;48.80;21.81;26.19;14.72;63.00;6.85;18.89;60.82;14.77;33.48;35.88;9.16;9.91;26.43;22.38;19.55;32.70;43.34;67.12;13.02;17.12;22.59;41.92;66.70;22.03;21.44;27.19;111.24;24.10;40.76;30.80;56.59;41.56;38.90;27.97;14.63;22.10;18.10;6.77;56.20;49.70;15.14;46.04;34.29
2020.06.18 00:00;13.68;21.93;50.36;34.01;22.27;26.98;13.46;69.51;37.13;22.37;22.36;25.61;10.56;104.52;14.61;5.63;10.68;6.33;29.96;18.96;71.60;11.65;19.20;22.13;13.00;42.82;29.64;30.77;8.87;17.95;47.30;21.45;26.00;15.30;62.98;7.02;18.66;60.30;15.02;34.08;35.37;9.23;10.23;27.46;22.45;20.08;33.40;42.98;69.62;13.47;16.78;21.81;41.54;66.16;22.37;21.60;27.70;108.98;23.46;41.14;30.53;57.80;43.45;39.55;28.09;14.61;22.69;18.84;6.80;56.17;50.50;15.13;46.01;34.10
2020.06.19 00:00;13.84;21.80;51.00;33.55;22.33;27.92;13.64;71.60;36.06;21.73;22.45;25.70;10.72;103.65;15.00;5.70;10.70;6.31;30.42;19.60;70.54;11.21;19.84;22.55;13.24;42.47;29.54;30.22;8.76;18.20;48.55;21.86;25.11;15.45;64.67;7.06;18.38;62.81;15.10;34.12;35.79;9.45;10.39;28.00;22.36;20.51;32.93;43.85;71.32;13.20;17.73;22.03;42.23;68.42;22.06;21.47;29.00;114.10;23.83;41.82;31.16;57.66;44.76;39.50;28.19;14.48;22.54;18.66;6.98;55.17;50.40;15.18;46.09;35.24
2020.06.22 00:00;14.11;20.63;50.33;32.86;21.55;27.96;12.98;75.56;36.07;21.31;22.01;24.83;10.60;102.05;14.69;5.51;10.89;6.61;29.87;19.19;70.29;11.12;19.60;22.64;13.01;42.92;29.45;30.47;8.45;17.92;48.29;21.89;24.80;15.22;63.98;6.99;17.95;60.68;14.53;34.61;35.99;11.00;10.13;27.14;21.65;20.36;32.50;42.88;70.82;12.83;17.78;22.00;41.05;68.04;21.65;20.95;29.40;107.76;23.39;41.17;30.61;60.20;44.34;38.99;28.07;14.40;22.59;18.34;6.96;55.00;49.70;14.90;45.49;35.20
2020.06.23 00:00;13.93;22.50;52.28;33.15;21.52;27.88;12.94;78.02;36.82;21.12;22.18;24.90;10.48;102.95;14.65;5.40;10.72;7.01;28.88;19.52;68.76;11.38;19.66;23.24;13.00;42.46;28.98;30.30;8.52;17.56;47.64;21.86;25.15;15.51;66.27;7.16;19.90;62.40;14.33;34.81;35.62;10.46;10.04;26.78;21.53;19.97;32.69;41.81;70.17;12.50;18.26;21.91;42.34;70.00;22.28;21.65;29.10;109.13;23.80;41.68;29.98;58.70;44.31;38.04;27.79;14.20;22.79;18.46;7.68;55.59;49.22;15.03;46.00;37.05
2020.06.24 00:00;13.68;21.10;52.65;31.85;20.82;27.51;13.15;76.27;36.53;21.02;21.87;23.79;10.34;105.91;14.40;4.70;10.38;6.76;28.62;19.42;68.79;11.08;18.76;22.42;12.69;41.62;28.24;29.45;8.09;17.55;47.37;21.89;24.56;15.74;65.17;7.19;18.24;60.71;14.24;34.15;34.82;10.06;9.75;25.76;21.83;20.48;31.80;41.05;69.72;12.91;17.84;21.40;41.30;69.28;21.69;21.00;27.95;107.88;23.08;40.98;28.58;60.07;43.97;38.60;27.43;13.99;22.36;18.49;7.33;55.39;48.82;14.58;45.93;35.13
2020.06.25 00:00;14.18;21.20;55.00;32.63;21.32;28.12;12.95;76.47;36.97;21.61;21.99;23.39;10.20;104.89;15.70;4.87;10.52;6.71;28.75;19.79;70.16;11.13;18.28;22.93;13.42;42.01;29.33;30.55;8.15;17.70;48.45;22.30;24.94;15.66;66.50;7.15;19.15;62.08;14.21;34.92;34.55;10.23;9.94;26.07;21.71;20.36;32.40;40.81;69.61;12.71;17.91;21.30;41.86;71.19;22.15;21.47;28.80;109.97;23.41;41.45;29.07;59.27;46.16;38.08;27.54;14.20;23.02;18.31;7.29;56.00;49.31;14.55;49.10;34.75
2020.06.26 00:00;13.95;20.00;53.45;31.46;20.66;27.01;12.79;72.26;36.43;20.75;21.45;22.91;9.64;102.75;14.80;4.63;9.97;6.36;28.32;19.29;68.69;10.71;17.70;21.71;12.92;40.85;29.05;30.03;7.83;17.40;47.31;22.20;24.36;15.18;66.52;6.97;18.33;61.32;13.75;33.50;33.09;10.78;9.64;25.63;21.18;20.51;31.13;40.60;69.27;12.55;17.36;20.23;39.90;68.81;21.66;20.84;27.68;108.52;22.79;40.25;28.17;56.30;45.31;37.88;27.31;14.03;22.21;17.64;7.10;55.62;48.54;14.29;49.88;33.09
2020.06.29 00:00;14.26;20.73;54.96;33.06;21.38;27.40;12.96;75.57;36.34;21.00;20.87;23.13;10.15;105.79;14.70;4.62;10.22;6.55;28.66;19.63;70.18;10.55;18.20;22.75;12.96;41.94;29.74;30.51;8.42;17.45;48.43;22.55;24.61;15.69;68.01;7.11;18.80;63.10;14.08;33.61;33.82;11.33;9.87;26.40;21.09;20.25;32.00;41.20;70.33;12.56;17.82;20.72;40.02;72.90;22.33;21.66;28.29;110.24;22.68;41.21;28.88;57.20;45.65;37.73;27.90;13.77;22.37;18.00;7.15;55.63;48.20;15.38;49.83;34.23
2020.06.30 00:00;14.14;20.11;54.96;31.78;20.67;26.45;13.15;76.07;36.51;21.07;21.26;23.22;10.08;106.69;14.50;4.62;10.36;6.61;28.99;19.54;70.92;10.68;18.14;22.63;12.97;41.33;29.74;30.83;8.09;17.42;48.70;22.92;24.59;16.01;68.01;7.31;18.55;62.17;14.15;33.30;33.35;10.00;9.57;25.37;21.15;20.33;32.18;41.80;71.57;12.61;18.00;20.50;39.90;70.98;22.12;21.55;29.00;110.62;22.49;40.91;27.85;57.70;44.77;36.79;27.34;14.20;23.10;18.38;7.27;55.92;47.56;15.31;50.51;33.65
2020.07.01 00:00;14.36;20.67;56.03;32.69;21.13;26.86;12.84;76.07;35.44;21.32;20.50;23.96;10.39;111.64;14.98;4.87;10.51;6.97;29.13;19.73;74.94;10.59;19.09;24.33;13.70;42.07;31.30;32.18;8.10;17.90;47.90;23.64;24.92;15.48;68.28;7.07;19.02;62.99;14.55;33.15;34.21;9.28;9.77;26.03;20.89;20.84;32.59;41.43;72.22;12.37;18.74;20.95;40.28;72.63;22.14;21.71;29.20;115.97;22.97;42.35;28.24;58.90;46.09;37.14;27.72;14.47;23.70;18.80;7.34;54.54;48.08;15.99;52.49;34.41
2020.07.02 00:00;14.17;20.76;56.20;32.78;21.20;26.70;12.81;78.56;35.96;21.50;20.40;23.65;10.30;107.56;14.87;4.85;10.46;6.92;28.77;19.91;74.03;10.86;19.28;24.32;13.85;42.87;30.76;31.96;8.17;17.65;47.15;23.31;24.65;15.78;65.50;7.23;18.87;60.73;14.38;32.20;33.67;8.15;9.93;26.48;21.30;20.72;31.20;41.46;70.02;12.20;18.55;20.75;40.81;71.32;22.41;22.06;28.45;114.53;22.46;42.39;28.52;57.59;45.90;36.82;27.65;14.55;24.08;18.64;7.35;55.49;48.05;15.39;53.47;34.20
2020.07.03 00:00;14.14;21.15;56.50;33.12;21.34;26.92;13.20;79.06;35.99;21.71;20.19;23.51;10.48;108.49;14.80;4.80;10.47;7.20;29.12;19.99;75.62;10.71;19.71;25.07;13.87;44.24;31.27;32.46;8.19;18.15;46.96;23.93;24.79;15.71;65.80;7.27;19.56;60.91;14.62;32.40;34.46;8.80;9.95;26.43;21.95;20.87;31.00;41.00;71.92;12.35;19.27;21.35;41.30;72.54;22.28;21.98;28.60;114.62;22.49;42.70;28.27;57.88;48.18;37.27;27.64;15.25;24.15;18.43;7.46;55.26;48.85;15.55;53.90;34.48
2020.07.06 00:00;14.36;22.05;56.52;34.27;22.63;27.18;13.32;79.55;36.46;21.98;21.15;24.13;10.93;117.85;15.40;4.83;10.68;7.60;29.77;19.85;76.78;11.20;21.79;25.35;14.64;43.76;31.48;32.28;8.47;17.96;46.96;23.84;24.98;16.15;65.96;7.36;20.17;61.00;15.16;32.62;36.10;8.65;10.34;27.66;22.32;20.64;32.60;42.52;71.91;12.62;19.06;22.80;40.66;72.77;22.92;22.51;30.71;114.70;23.28;43.25;29.65;59.17;47.74;36.90;27.71;15.30;24.31;18.54;7.61;56.57;48.93;15.96;53.10;34.96
2020.07.07 00:00;14.45;21.50;57.17;32.90;21.69;26.96;13.70;81.16;36.53;21.91;20.50;23.80;10.74;116.70;15.01;4.75;10.59;7.45;29.54;19.69;73.50;10.94;20.28;25.36;14.36;43.09;32.14;32.69;8.20;17.69;47.29;24.06;25.74;15.77;64.47;7.26;20.15;59.95;15.06;32.36;35.42;8.65;9.97;26.30;22.95;20.59;31.75;42.74;74.64;13.62;19.33;22.40;39.91;70.90;22.53;22.23;30.18;112.74;23.20;44.01;28.36;57.69;47.21;36.19;27.69;14.93;24.47;18.04;7.45;56.37;48.38;15.86;53.81;34.40
2020.07.08 00:00;14.71;21.53;60.65;33.70;22.43;27.48;13.59;84.52;37.17;22.45;20.91;25.35;10.87;115.02;15.22;5.00;10.82;7.66;29.22;20.48;75.24;11.36;19.05;26.48;14.90;42.73;32.48;33.08;8.18;17.95;47.70;24.21;26.27;15.96;64.59;7.37;19.84;60.72;15.22;32.54;35.50;8.47;10.15;26.87;22.62;21.00;32.12;43.60;76.62;13.31;20.20;22.85;42.32;72.30;23.09;22.65;30.75;112.49;23.13;44.42;29.33;58.75;47.13;36.15;28.08;15.26;24.27;18.77;7.70;57.32;48.88;16.37;54.20;34.55
2020.07.09 00:00;14.64;20.90;58.89;33.57;21.93;27.20;13.26;82.73;36.82;22.30;20.70;23.57;11.03;119.77;14.47;4.90;10.88;7.78;28.61;19.94;73.75;11.08;19.30;26.64;14.41;42.50;35.27;36.19;7.99;17.76;47.44;23.71;25.70;16.05;64.91;7.33;19.71;59.93;15.18;32.33;36.07;8.45;10.18;26.88;22.24;20.64;35.37;44.11;79.31;13.08;20.31;23.37;42.15;71.53;22.42;22.14;30.42;112.50;22.85;43.33;28.83;58.15;46.69;36.47;27.78;14.72;25.03;18.59;7.47;56.42;49.75;17.55;54.36;34.58
2020.07.10 00:00;14.85;21.91;59.95;33.75;22.25;26.88;13.44;84.92;37.56;22.11;20.60;23.60;11.27;119.83;14.50;4.91;10.83;8.64;28.68;19.99;74.40;11.23;22.00;27.76;14.29;42.17;34.80;35.47;8.06;17.72;47.28;24.12;25.44;16.10;63.75;7.32;20.90;60.47;16.14;32.31;36.54;8.36;10.21;27.13;22.84;20.45;35.16;44.41;80.09;13.28;21.57;23.40;42.03;70.70;22.77;22.51;29.65;110.60;22.84;43.54;28.86;58.72;47.68;36.68;27.72;14.91;25.01;18.51;7.43;56.97;48.85;17.62;54.60;35.55
2020.07.13 00:00;14.00;21.16;59.89;33.41;21.94;26.55;13.06;84.05;38.15;21.51;20.08;23.24;10.81;116.60;14.23;4.98;10.98;8.68;28.29;19.64;73.18;11.67;22.52;26.28;13.85;43.21;33.68;34.64;8.16;17.62;46.02;23.59;25.63;16.26;61.70;7.41;20.17;58.96;15.56;32.10;35.38;8.84;10.02;26.73;22.24;20.02;34.15;42.77;80.41;13.00;21.00;22.92;39.90;68.57;22.62;22.16;29.79;109.53;22.23;42.10;28.22;56.86;46.67;36.06;27.68;14.79;24.62;17.70;7.39;57.65;48.02;17.65;54.84;33.98
2020.07.14 00:00;13.91;21.75;61.14;33.96;22.31;26.49;13.54;83.20;40.72;22.24;20.10;23.70;10.85;115.30;14.27;4.90;10.73;8.62;28.73;19.68;74.51;12.19;22.70;26.62;14.03;42.61;33.39;34.55;8.01;17.48;46.11;23.39;25.63;16.60;64.11;7.63;20.52;59.89;15.32;31.70;35.30;9.15;10.14;27.18;22.01;20.40;34.65;41.91;80.41;12.87;20.86;22.87;39.68;69.87;23.40;22.90;29.20;110.15;22.24;43.90;28.63;56.80;47.30;36.66;27.53;14.82;24.63;18.84;7.52;61.70;47.99;17.75;53.89;34.50
2020.07.15 00:00;14.29;22.73;61.89;34.29;22.68;26.73;14.22;83.51;40.72;22.31;20.31;24.11;11.05;113.60;14.35;4.90;10.77;8.75;29.12;19.46;77.40;11.93;21.70;26.43;14.05;42.43;34.49;35.95;8.80;17.71;46.29;24.09;26.37;16.55;64.28;7.66;21.95;60.63;15.20;31.77;35.70;8.99;10.25;27.37;22.15;20.96;35.30;41.58;81.41;13.32;20.44;22.75;40.55;70.32;23.96;23.34;29.80;112.37;22.64;44.74;29.23;61.38;46.59;38.85;27.56;15.16;24.95;19.28;7.51;61.79;48.42;18.45;54.25;34.00
2020.07.16 00:00;14.05;22.05;61.50;34.01;22.28;26.57;13.65;85.55;39.98;21.85;20.15;24.24;11.01;110.23;14.38;4.82;10.58;9.19;28.59;19.23;77.73;11.69;22.20;25.90;13.65;42.41;33.90;34.89;8.26;17.56;46.03;24.07;25.81;16.24;63.03;7.55;21.03;60.87;15.40;32.45;35.36;8.81;10.13;26.91;21.42;20.68;34.72;41.54;80.09;13.44;20.70;22.53;40.44;69.57;23.39;22.72;29.11;112.00;22.65;44.59;29.08;60.00;46.27;38.73;27.36;15.55;25.08;19.34;7.39;60.12;49.75;19.00;54.45;34.00
2020.07.17 00:00;14.16;21.80;63.89;35.06;22.39;26.72;14.22;88.53;40.79;23.23;20.68;25.08;11.33;115.09;14.75;5.26;10.66;9.35;28.98;20.01;81.73;11.90;21.80;27.34;13.94;43.21;38.76;39.02;8.38;18.08;47.43;24.49;25.90;16.31;67.42;7.60;20.80;63.81;15.50;33.70;35.63;8.85;10.25;27.15;22.29;20.94;35.40;42.25;81.91;14.61;20.77;22.77;42.00;71.10;23.41;22.74;30.66;112.58;23.47;45.95;29.63;63.88;48.70;39.85;27.43;15.83;25.65;19.50;7.49;61.04;50.39;19.72;57.98;34.30
2020.07.20 00:00;14.12;21.59;67.40;34.92;22.60;27.46;14.34;91.98;41.28;22.99;21.25;25.11;11.50;119.23;15.00;5.24;10.95;9.60;29.44;20.11;84.75;11.87;21.62;27.76;14.35;43.69;38.38;38.63;8.32;18.30;47.42;24.30;25.51;16.31;69.11;7.68;20.62;65.78;15.48;34.25;36.20;8.78;10.40;27.23;22.66;21.27;35.33;42.75;86.90;15.10;21.24;23.19;43.44;72.00;23.27;22.74;31.85;115.92;23.92;46.21;29.67;62.61;51.05;40.24;27.56;16.80;26.33;19.75;7.46;60.80;53.41;21.17;60.05;35.29
2020.07.21 00:00;14.68;21.80;66.13;35.09;23.21;27.36;14.37;88.80;40.75;23.34;20.89;24.61;11.49;118.82;14.90;5.33;10.83;9.40;29.44;20.68;83.63;11.66;22.65;27.17;14.04;43.13;37.19;37.61;8.50;17.95;46.88;24.04;25.25;16.15;68.27;7.57;20.66;65.50;15.38;33.75;36.76;8.38;10.50;27.63;22.27;20.99;35.64;42.30;84.21;15.28;20.66;23.03;43.37;76.99;23.75;23.37;29.81;117.12;23.52;46.89;30.51;62.15;50.45;40.50;27.48;16.60;26.21;19.80;7.39;59.70;52.79;20.62;59.77;35.00
2020.07.22 00:00;14.71;21.68;66.70;34.80;22.81;27.47;14.27;88.70;41.40;23.11;20.58;24.22;10.93;125.12;14.77;5.52;11.66;9.39;29.98;20.63;84.02;11.81;21.90;27.07;13.95;43.61;37.52;37.95;8.31;18.11;48.05;24.30;24.95;16.74;69.65;7.97;20.00;65.10;15.41;33.59;35.25;8.04;10.50;27.00;22.06;21.15;36.60;42.68;84.56;15.36;20.49;22.17;43.48;75.87;23.50;23.05;28.10;117.95;23.22;46.39;29.40;63.22;50.84;39.50;27.56;16.13;26.24;19.73;7.51;59.24;51.50;21.29;68.07;34.59
2020.07.23 00:00;14.40;20.95;65.52;33.96;22.48;27.03;14.00;87.40;40.97;22.65;20.40;24.03;10.42;119.59;14.60;5.22;11.42;8.75;29.87;20.28;82.96;11.65;21.10;26.10;13.60;43.01;36.90;37.52;8.22;17.95;48.24;24.21;24.29;16.39;67.21;7.67;19.10;64.31;14.78;33.74;34.24;7.72;10.35;26.43;22.36;21.36;35.76;41.07;80.31;15.16;19.92;21.81;42.80;74.21;23.23;22.57;28.52;114.40;22.75;45.88;28.79;61.20;49.96;40.74;27.41;14.77;26.17;19.15;7.31;58.85;49.58;19.80;66.85;34.05
2020.07.24 00:00;14.93;20.54;65.35;33.56;22.62;27.15;14.00;86.92;41.34;22.44;20.33;24.14;10.30;121.18;14.64;5.27;11.30;8.28;30.46;20.41;82.44;11.61;20.64;25.84;13.72;43.39;36.55;37.34;8.02;18.36;47.70;24.64;24.43;17.14;68.06;7.89;18.84;65.69;14.62;34.25;33.68;8.20;10.43;26.40;22.07;21.45;35.53;41.20;79.58;14.83;19.48;21.37;42.60;74.90;23.33;22.73;28.20;114.15;22.30;44.70;28.86;61.54;50.69;42.30;27.60;14.41;26.30;19.15;7.55;58.60;49.27;19.54;66.58;33.45
2020.07.27 00:00;15.28;20.71;66.23;34.51;23.66;27.63;14.08;87.71;43.64;22.41;20.12;24.04;10.13;120.50;14.76;5.24;11.62;8.33;31.21;21.13;83.00;12.24;21.01;25.98;13.58;43.57;37.70;38.04;8.02;18.49;49.19;25.01;24.30;17.84;67.01;8.25;18.52;64.62;14.87;36.25;33.77;8.04;11.00;27.73;21.98;21.44;35.07;40.00;79.26;14.88;19.66;21.26;43.18;75.30;23.77;23.20;28.60;117.66;22.73;45.41;29.35;60.89;49.67;41.67;27.87;14.57;26.18;19.39;8.09;61.37;49.75;18.91;69.95;33.40
2020.07.28 00:00;15.09;21.52;65.23;34.63;23.50;27.22;14.74;84.87;42.92;22.36;21.30;23.80;10.31;121.83;14.45;5.12;11.65;9.00;31.20;22.26;82.65;12.30;21.49;25.66;13.33;43.16;37.32;37.92;8.17;18.13;49.71;24.85;24.54;17.73;68.05;8.17;19.08;65.18;14.61;36.18;34.58;8.07;10.86;27.57;22.25;21.14;34.72;40.15;80.31;14.95;19.65;21.59;44.12;77.72;23.39;22.80;28.07;117.50;22.81;44.89;29.73;60.12;49.09;42.00;28.22;14.88;25.89;19.50;7.99;60.34;50.97;20.41;67.19;33.38
2020.07.29 00:00;15.15;20.96;64.63;35.54;24.24;27.39;14.09;87.90;44.03;22.78;21.86;23.99;10.34;123.41;14.67;4.94;11.46;9.24;31.40;22.07;84.05;13.00;21.44;26.90;13.44;43.70;38.14;38.80;8.18;18.40;49.07;24.85;24.89;17.99;67.42;8.22;18.45;65.50;15.00;36.20;34.58;8.05;11.11;28.22;22.17;21.05;34.82;41.70;80.12;14.55;19.96;21.90;47.09;78.64;23.83;23.17;28.39;120.60;22.45;45.07;30.78;58.96;51.09;41.49;28.16;14.89;26.03;19.45;8.15;62.95;50.60;20.12;66.98;33.48
2020.07.30 00:00;14.55;21.02;64.61;34.40;23.39;27.22;13.97;86.86;42.86;22.49;21.20;23.81;10.30;122.00;14.83;4.84;11.51;9.46;31.73;22.41;88.10;12.78;21.50;27.62;13.58;43.87;38.15;39.19;7.95;18.52;49.12;25.45;25.63;17.74;68.90;8.12;18.55;66.20;15.19;36.26;34.30;7.94;10.89;27.74;21.97;21.29;35.02;41.39;83.20;14.63;19.75;21.60;48.67;73.71;23.32;22.82;28.73;125.27;22.73;49.96;30.87;59.14;50.85;42.22;28.41;14.80;26.06;19.75;8.21;61.27;51.13;20.20;68.00;35.09
2020.07.31 00:00;13.90;20.31;63.44;33.20;22.42;26.99;13.58;86.42;43.05;22.20;20.70;22.80;9.90;119.32;14.96;5.37;11.29;8.28;31.40;22.20;90.40;12.25;20.80;27.42;14.52;45.34;36.94;38.45;7.61;18.56;48.85;25.53;25.61;17.45;66.76;8.04;17.91;65.14;14.80;36.12;33.55;7.84;10.65;26.82;21.54;20.66;34.10;41.13;80.71;14.41;19.14;21.14;47.04;71.00;22.70;22.20;28.00;124.10;22.22;50.92;29.71;60.85;50.70;42.00;28.18;15.75;25.77;18.94;8.13;60.71;52.65;19.52;67.35;33.89
2020.08.03 00:00;13.71;20.10;63.89;33.96;22.18;27.42;13.42;89.75;43.24;21.80;20.63;23.30;9.59;126.00;14.58;5.40;11.31;7.85;31.04;21.69;88.01;13.02;20.00;26.75;14.18;45.29;37.55;38.50;7.66;18.34;48.63;25.35;26.44;17.50;68.66;8.07;17.63;65.21;14.37;36.09;32.80;7.58;10.68;27.23;22.50;20.87;34.39;40.82;82.57;14.50;18.46;20.58;46.61;68.88;22.34;21.80;27.99;118.46;22.05;50.29;29.47;60.14;50.05;43.09;27.88;15.28;25.77;18.96;8.40;60.26;51.00;20.11;66.57;33.75
2020.08.04 00:00;13.40;19.82;63.22;32.92;21.72;27.25;13.19;87.20;42.92;21.40;20.39;22.57;9.45;122.99;14.19;5.13;11.06;7.40;30.57;21.37;86.14;12.76;18.92;25.89;13.90;45.05;37.00;38.29;7.47;17.93;47.58;24.80;26.10;17.48;66.20;8.08;17.65;64.16;14.02;36.30;32.46;7.48;10.19;25.64;21.96;20.85;34.10;39.48;82.50;14.15;18.58;20.30;46.74;68.30;22.31;21.78;27.92;118.41;21.57;49.90;28.64;58.87;50.24;42.08;27.85;15.07;25.88;18.85;8.18;60.70;50.60;19.86;66.79;32.72
2020.08.05 00:00;13.18;20.16;63.50;32.95;21.82;27.36;13.31;88.20;44.24;22.17;20.66;23.40;10.18;121.50;14.24;5.06;10.97;7.38;30.85;21.17;87.91;13.12;19.85;26.23;14.08;44.55;36.70;38.22;7.66;17.82;47.69;25.17;26.20;18.52;67.99;8.53;17.63;65.27;14.23;35.27;34.98;7.41;10.18;25.62;21.81;22.89;34.19;40.74;83.00;14.06;18.86;21.93;47.81;68.65;23.75;23.18;28.13;117.95;21.89;51.01;28.83;58.45;50.78;45.28;27.61;14.88;25.94;18.89;8.50;62.19;50.19;20.00;68.20;32.75
2020.08.06 00:00;13.26;21.45;64.05;33.96;21.97;27.90;13.24;89.64;43.85;22.49;21.91;24.10;11.32;123.01;14.68;5.60;11.41;7.27;31.76;21.07;87.86;13.11;19.59;26.20;14.45;45.64;38.04;39.45;7.58;18.29;49.08;25.02;25.90;18.06;70.57;8.32;18.60;66.25;14.78;35.06;36.65;7.71;10.30;25.98;22.05;23.25;34.55;42.85;85.91;13.94;18.99;23.61;48.03;67.33;23.83;23.22;28.88;118.64;22.77;51.63;29.62;59.62;50.88;46.32;28.11;15.20;28.76;19.06;8.33;61.83;51.36;19.59;69.83;33.38
2020.08.07 00:00;13.31;21.01;62.55;33.72;21.84;27.69;13.11;87.76;43.19;22.11;22.42;23.39;10.84;121.67;14.47;5.25;11.18;7.29;31.18;21.02;87.10;12.95;19.01;25.84;14.54;45.41;37.66;39.28;7.50;17.98;48.77;24.65;26.04;17.61;70.43;8.10;17.97;65.52;15.86;34.44;35.85;7.64;10.19;25.43;21.67;23.07;34.49;43.22;85.65;13.86;18.55;22.80;46.79;67.95;23.31;22.79;28.68;119.01;23.33;50.81;29.25;59.49;49.40;46.18;27.99;15.42;28.72;19.22;8.30;60.45;50.61;19.03;68.45;32.18
2020.08.10 00:00;13.24;21.78;62.25;34.04;22.03;27.87;13.07;88.88;44.39;22.07;21.92;25.57;10.86;121.78;14.35;5.15;11.19;7.39;31.30;21.07;86.98;13.97;19.10;25.62;14.21;45.31;37.25;38.98;7.93;17.90;48.93;24.60;25.98;18.26;68.66;8.44;17.98;64.40;15.05;34.01;36.08;7.53;10.34;25.76;21.95;23.38;33.98;42.65;81.93;14.16;18.30;22.78;46.45;66.58;24.10;23.45;28.30;115.90;22.87;50.91;30.34;58.99;49.10;47.36;28.15;15.80;26.59;19.02;8.68;62.20;51.84;19.17;68.99;32.03
2020.08.11 00:00;13.41;23.32;60.84;33.54;21.85;28.04;13.03;87.31;43.27;21.81;22.37;24.74;11.03;120.00;14.12;5.06;11.01;7.33;30.74;20.63;84.00;13.92;20.35;25.09;13.95;44.80;36.65;38.44;8.02;17.76;47.77;23.91;25.96;18.15;67.79;8.31;19.50;62.73;15.79;33.60;36.70;7.98;10.18;25.46;21.81;23.95;34.67;42.49;80.99;14.05;17.95;23.69;45.84;67.92;23.69;23.08;28.50;114.33;22.29;50.79;29.79;57.13;49.62;46.90;27.88;15.52;27.51;18.81;8.48;60.28;50.81;18.74;67.37;32.32
2020.08.12 00:00;13.48;22.88;61.50;33.37;21.65;28.08;13.25;87.35;43.99;21.61;22.70;24.67;10.59;120.26;13.85;5.03;10.77;7.19;30.20;20.10;83.50;13.81;19.72;24.40;13.71;43.78;35.87;37.15;7.80;17.67;46.21;24.01;25.16;18.11;65.57;8.32;18.75;61.31;14.85;33.85;35.73;7.70;10.09;25.17;22.37;24.52;35.14;41.85;80.06;14.72;17.75;23.42;46.62;65.80;24.05;23.48;27.90;111.50;22.53;50.45;29.95;56.47;47.87;47.23;27.57;15.29;28.00;18.66;8.64;61.50;49.59;18.16;68.00;31.98
2020.08.13 00:00;13.21;22.01;60.65;32.69;21.20;27.10;12.90;85.46;43.27;20.95;20.93;24.08;9.77;122.00;13.65;4.99;10.42;6.92;29.80;19.56;83.05;13.69;18.93;23.91;13.43;43.11;33.38;35.15;7.60;17.43;44.58;23.56;25.02;17.86;66.31;8.26;18.23;62.61;14.90;33.09;33.97;7.56;9.84;24.45;22.15;25.25;35.30;40.64;80.45;14.78;17.90;22.03;47.54;65.19;23.34;22.84;28.30;110.09;22.02;49.02;28.85;56.10;47.05;47.67;27.85;15.11;27.89;18.55;8.69;60.35;49.00;18.78;68.90;31.43
2020.08.14 00:00;13.26;22.49;60.57;32.80;21.23;27.04;13.04;82.60;44.30;21.09;20.70;23.97;10.25;113.60;13.50;4.95;10.40;7.19;30.03;19.98;82.80;13.68;19.44;24.36;13.37;43.79;34.08;35.64;7.68;17.59;44.72;24.01;24.76;17.99;66.84;8.31;18.68;64.12;16.43;33.50;34.77;7.64;9.91;24.68;23.30;25.15;34.24;41.61;81.76;15.26;18.30;22.67;51.43;65.62;23.25;22.67;28.13;112.98;22.81;49.58;28.90;56.42;47.60;50.49;28.47;15.24;27.77;18.78;8.78;61.35;50.11;18.60;69.17;31.35
2020.08.17 00:00;12.85;21.25;58.10;31.96;20.61;26.25;13.28;79.11;44.94;20.55;20.98;23.45;9.65;108.46;13.03;4.80;10.19;6.88;29.03;19.49;81.55;13.94;18.87;23.50;12.80;42.90;31.81;33.80;7.39;17.24;43.33;23.41;24.36;18.02;65.84;8.36;17.55;62.45;15.06;32.46;33.22;7.47;9.61;24.09;23.89;25.68;33.12;40.58;81.65;16.08;17.44;21.85;50.87;63.92;23.26;22.60;27.29;110.38;22.22;47.72;28.71;54.51;47.14;50.98;28.40;14.66;27.00;18.27;8.85;62.23;49.24;17.54;67.97;30.39
2020.08.18 00:00;13.08;21.80;61.80;32.40;20.83;27.02;13.41;85.71;46.35;21.50;21.09;23.98;9.75;114.40;13.59;4.84;10.46;6.96;29.89;19.86;85.17;14.82;19.34;24.33;13.69;43.29;32.58;34.37;7.39;17.55;44.82;23.96;24.99;19.49;67.00;8.95;18.14;62.93;15.67;32.88;33.72;7.55;9.80;24.24;23.86;25.87;33.68;41.31;89.50;16.25;18.80;21.84;51.40;65.31;23.61;23.02;28.39;110.95;22.48;49.60;29.06;55.55;48.46;52.00;28.13;14.87;28.00;18.81;9.45;63.06;49.91;18.97;67.70;31.40
2020.08.19 00:00;12.85;21.47;59.57;32.25;20.75;26.52;13.43;83.88;46.11;21.25;20.83;23.68;9.56;112.39;13.62;4.90;10.52;6.58;29.35;19.44;82.96;14.89;18.94;23.55;13.69;43.03;31.67;33.16;7.16;17.39;43.88;23.32;24.75;20.02;65.34;9.16;17.75;61.98;15.75;31.75;33.44;7.19;9.73;24.12;24.61;25.77;32.75;39.76;89.70;17.22;18.30;21.56;50.84;63.90;23.51;22.89;27.84;107.14;22.37;49.01;29.00;52.75;46.41;50.63;28.47;14.71;27.70;19.69;9.65;62.39;49.32;19.28;65.88;31.00
2020.08.20 00:00;12.88;21.57;62.34;32.28;20.70;26.48;13.53;83.14;46.50;21.77;20.59;24.38;9.88;112.81;13.68;4.88;10.45;6.57;29.28;19.65;83.81;14.81;19.17;24.43;13.71;42.70;31.82;32.90;7.16;17.31;44.60;23.59;24.68;20.27;65.66;9.28;17.70;62.13;15.92;31.84;34.39;7.31;9.67;24.12;24.43;26.18;32.98;41.12;87.35;17.46;18.61;22.40;49.87;64.15;23.26;22.73;27.52;108.75;22.78;49.94;28.90;51.49;46.75;52.25;28.65;14.71;27.54;19.93;9.75;62.95;49.47;19.55;67.22;31.85
2020.08.21 00:00;12.97;21.69;60.97;32.57;20.70;26.63;13.68;82.63;45.67;22.56;20.52;24.19;9.83;115.77;13.45;4.94;10.81;6.56;29.49;19.18;83.36;14.48;19.97;24.66;13.42;42.70;34.07;34.53;7.24;17.50;45.14;23.44;24.98;19.68;69.17;9.04;17.71;62.61;17.51;32.68;34.14;8.21;9.73;24.08;24.38;26.11;33.02;41.97;87.35;17.47;19.26;22.15;49.81;64.65;23.08;22.56;29.67;107.50;22.56;48.97;28.90;51.89;46.20;52.15;28.32;14.75;28.10;20.73;9.57;62.20;49.31;19.74;67.60;32.31
2020.08.24 00:00;12.86;22.57;60.90;33.45;21.17;26.49;13.82;83.39;45.58;22.35;20.37;24.20;9.80;115.14;13.46;5.03;10.80;6.37;29.38;19.36;85.39;14.55;20.09;24.20;13.53;42.74;37.39;37.30;7.64;17.66;45.55;24.13;25.00;19.57;69.73;9.02;18.34;62.16;17.35;32.29;34.15;7.93;9.83;24.48;24.52;26.58;32.80;41.99;87.08;17.81;19.11;22.09;50.60;64.81;23.54;22.97;30.08;107.83;22.41;49.04;29.35;51.35;45.70;52.15;28.25;14.82;27.81;20.65;9.69;62.96;49.93;20.35;66.47;30.34
2020.08.25 00:00;12.75;21.95;61.85;33.25;21.17;26.75;13.53;81.10;45.23;22.32;20.00;23.35;9.77;114.33;13.50;4.86;11.12;6.20;29.27;19.80;84.64;14.84;19.65;24.10;13.47;43.43;38.20;38.46;7.66;17.69;45.09;24.13;25.45;19.55;70.59;8.96;18.09;62.50;17.90;33.27;33.81;7.94;9.75;24.30;23.78;26.13;33.00;43.79;88.00;17.83;18.93;21.63;49.62;65.32;23.43;22.87;30.70;107.43;23.19;49.17;29.14;51.94;45.42;51.10;28.37;14.75;27.84;20.42;9.88;61.62;49.76;20.70;68.29;30.71
2020.08.26 00:00;12.70;21.59;60.50;32.45;20.73;26.33;13.52;80.65;44.77;21.73;19.60;22.71;9.43;111.00;13.30;4.74;10.65;6.06;28.55;19.20;82.85;14.61;18.87;23.65;13.02;43.11;36.40;36.92;7.31;17.30;44.35;23.78;25.12;19.54;72.88;8.89;17.55;62.43;17.90;32.50;33.47;7.69;9.61;23.79;23.35;26.18;32.12;43.00;90.15;18.07;18.54;21.51;49.14;64.73;22.76;22.22;29.90;107.94;22.30;48.42;28.40;50.21;44.62;51.76;28.17;14.62;28.10;19.60;9.74;61.75;49.43;20.29;66.43;29.95
2020.08.27 00:00;12.69;22.31;60.27;32.74;21.11;26.57;13.15;82.79;43.90;21.12;19.68;22.33;9.43;111.40;13.09;4.65;10.81;6.07;28.90;19.40;83.27;14.98;19.12;23.60;12.69;43.04;36.10;36.43;7.31;17.21;44.38;23.82;25.44;19.22;73.50;8.80;18.29;62.50;18.28;32.55;33.63;7.59;9.71;24.14;23.13;26.08;32.48;42.80;92.22;17.91;18.32;21.53;49.43;64.35;22.69;22.12;29.72;108.20;22.51;49.07;28.77;50.37;44.01;51.60;28.32;14.55;28.15;19.54;9.74;60.86;48.93;20.32;66.31;27.77
